root,run,relative_path,name,extension,bytes,sha256,modified,readable,mentions_movielens,mentions_amazon,mentions_lastfm,mentions_als,mentions_itemknn,mentions_pop,mentions_ndcg,mentions_precision,mentions_download,mentions_synthetic,seed_expressions
study_runs,PILOT_BAD_FILENAME_V100_P0_NANO_I05_R01,study_runs/PILOT_BAD_FILENAME_V100_P0_NANO_I05_R01/checkpoint/0bdcbe7d86d94f278c0ec94a88df76b3/code.py,code.py,.py,2,7eb70257593da06f682a3ddda54a9d260d4fc514f645237f5ca74b08f8da61a6,2026-07-18T00:34:40,True,False,False,False,False,False,False,False,False,False,False,
study_runs,PILOT_BAD_FILENAME_V100_P0_NANO_I05_R01,study_runs/PILOT_BAD_FILENAME_V100_P0_NANO_I05_R01/checkpoint/0fb036b370fd4ef4a3586fcdab36acc2/code.py,code.py,.py,2,7eb70257593da06f682a3ddda54a9d260d4fc514f645237f5ca74b08f8da61a6,2026-07-18T00:21:19,True,False,False,False,False,False,False,False,False,False,False,
study_runs,PILOT_BAD_FILENAME_V100_P0_NANO_I05_R01,study_runs/PILOT_BAD_FILENAME_V100_P0_NANO_I05_R01/checkpoint/18fdfe8b4fbf41338e368412cfe7a4b0/code.py,code.py,.py,2,7eb70257593da06f682a3ddda54a9d260d4fc514f645237f5ca74b08f8da61a6,2026-07-18T00:47:29,True,False,False,False,False,False,False,False,False,False,False,
study_runs,PILOT_BAD_FILENAME_V100_P0_NANO_I05_R01,study_runs/PILOT_BAD_FILENAME_V100_P0_NANO_I05_R01/checkpoint/1f4746aabdd14e4fb04d1d7a45f71401/code.py,code.py,.py,5970,368d3ecbff1bd1470907c77bc453eca6203662ea03cfd6652a3ccd69bcfdb384,2026-07-18T00:52:52,True,True,False,False,True,False,False,False,True,False,True,"0, 1, 2, 3, 4 || None || SEEDS"
study_runs,PILOT_BAD_FILENAME_V100_P0_NANO_I05_R01,study_runs/PILOT_BAD_FILENAME_V100_P0_NANO_I05_R01/checkpoint/280cf3b486f3422788d640f6322877ec/code.py,code.py,.py,3381,9e72cd6af15de2b19feba94addac0718201aecea03bd793aa3f378421e64fcff,2026-07-18T00:28:52,True,True,False,False,True,False,False,True,False,False,True,"42, 123, 999, 2024, 7 || Pipe([MakeImplicit(threshold=0.5), CorePruning(core=5) || RecSysDataSet.use_dataloader(DataSet.MovieLens100K) || cast(Any, holdout.process(ds_seed)) || s) || {s}: nDCG@10 = {ndcg10}"")"
study_runs,PILOT_BAD_FILENAME_V100_P0_NANO_I05_R01,study_runs/PILOT_BAD_FILENAME_V100_P0_NANO_I05_R01/checkpoint/7a6a2daface94967945ce756e530adf1/code.py,code.py,.py,3750,5e310b36201a86460bb88f53a3316656062d15d845d7bbcd91a6635fdda89ef3,2026-07-18T00:59:40,True,True,False,False,True,False,False,True,True,False,False,"0, 1, 2, 3, 4 || [ || {s}: Precision@10 = {precision10}"")"
study_runs,PILOT_BAD_FILENAME_V100_P0_NANO_I05_R01,study_runs/PILOT_BAD_FILENAME_V100_P0_NANO_I05_R01/checkpoint/c6fc99bea3ae4f79a0dac369c4ecf600/code.py,code.py,.py,6623,310227885f9c5960b14cd13f89cc01a45836e2bc0decf084c89b6ba6bbad6738,2026-07-18T00:41:44,True,True,False,False,True,False,False,False,True,False,True,"{mean_p:.6f}"""
study_runs,PILOT_BAD_FILENAME_V100_P0_NANO_I05_R01,study_runs/PILOT_BAD_FILENAME_V100_P0_NANO_I05_R01/checkpoint/c6fc99bea3ae4f79a0dac369c4ecf600_iteration1/code.py,code.py,.py,2,7eb70257593da06f682a3ddda54a9d260d4fc514f645237f5ca74b08f8da61a6,2026-07-18T01:17:14,True,False,False,False,False,False,False,False,False,False,False,
study_runs,PILOT_BAD_FILENAME_V100_P0_NANO_I05_R01,study_runs/PILOT_BAD_FILENAME_V100_P0_NANO_I05_R01/checkpoint/c6fc99bea3ae4f79a0dac369c4ecf600_iteration2/code.py,code.py,.py,5812,503f3a28eac5e41f4d5902a7a2db577093d777b85d11a6ad839114b8c36854b1,2026-07-18T01:17:14,True,True,True,True,True,True,True,True,True,False,False,"12345, 23456, 34567, 45678, 56789"
study_runs,PILOT_BAD_FILENAME_V100_P0_NANO_I05_R01,study_runs/PILOT_BAD_FILENAME_V100_P0_NANO_I05_R01/checkpoint/c6fc99bea3ae4f79a0dac369c4ecf600_seed/code.py,code.py,.py,6623,310227885f9c5960b14cd13f89cc01a45836e2bc0decf084c89b6ba6bbad6738,2026-07-18T01:08:28,True,True,False,False,True,False,False,False,True,False,True,"{mean_p:.6f}"""
study_runs,PILOT_BAD_FILENAME_V100_P0_NANO_I05_R02,study_runs/PILOT_BAD_FILENAME_V100_P0_NANO_I05_R02/checkpoint/015193c407cd486e89fd464e8c07426d/code.py,code.py,.py,3578,90d5cf6f0426a9fec2516e718a9ef4ec92e95c39fe2198c7bb2b8697953240b2,2026-07-18T07:14:23,True,True,False,False,True,False,False,True,False,False,False,"0, 1, 2, 3, 4 || {seed}, NDCG@10={ndcg}"")"
study_runs,PILOT_BAD_FILENAME_V100_P0_NANO_I05_R02,study_runs/PILOT_BAD_FILENAME_V100_P0_NANO_I05_R02/checkpoint/2ae4e77c87e941deac46b019b0f198b7/code.py,code.py,.py,3759,54697ee5b536ee9665092740fe35e0cc3d2d9553c217d597217b8f413fab475a,2026-07-18T07:28:52,True,True,False,False,True,False,False,False,True,False,False,"seed, train_prop=0.8)"
study_runs,PILOT_BAD_FILENAME_V100_P0_NANO_I05_R02,study_runs/PILOT_BAD_FILENAME_V100_P0_NANO_I05_R02/checkpoint/3c61634bc82443cbb27067abc87822a6/code.py,code.py,.py,3502,89fb3e72c404badc02a99966a6ecf853b1e164642604eb41b5b84985ad5b4847,2026-07-18T07:25:28,True,True,False,False,True,False,False,False,True,False,False,"0, 1, 2, 3, 4 || {seed}, Precision@5={prec}"")"
study_runs,PILOT_BAD_FILENAME_V100_P0_NANO_I05_R02,study_runs/PILOT_BAD_FILENAME_V100_P0_NANO_I05_R02/checkpoint/3c61634bc82443cbb27067abc87822a6_iteration1/code.py,code.py,.py,1498,0419e6a1e4abda0a3641c60eb470848a446625c26cd8a517347b119dbbb84dbf,2026-07-18T08:02:42,True,False,False,False,False,False,False,False,False,False,False,
study_runs,PILOT_BAD_FILENAME_V100_P0_NANO_I05_R02,study_runs/PILOT_BAD_FILENAME_V100_P0_NANO_I05_R02/checkpoint/3c61634bc82443cbb27067abc87822a6_iteration2/code.py,code.py,.py,14640,2cc1ae7b1c6f925706e4c7402aa1c6869440b918633242274643d419d6937ba3,2026-07-18T08:02:42,True,True,True,True,True,True,True,True,True,False,True,"1001, 2002, 3003, 4004, 5005 || rec.get('seed') || seed, || {seed: {} for seed in SEEDS} || {seed} | alg={alg} (config {config_count}/{total_configs})"")"
study_runs,PILOT_BAD_FILENAME_V100_P0_NANO_I05_R02,study_runs/PILOT_BAD_FILENAME_V100_P0_NANO_I05_R02/checkpoint/3c61634bc82443cbb27067abc87822a6_seed/code.py,code.py,.py,3502,89fb3e72c404badc02a99966a6ecf853b1e164642604eb41b5b84985ad5b4847,2026-07-18T07:53:39,True,True,False,False,True,False,False,False,True,False,False,"0, 1, 2, 3, 4 || {seed}, Precision@5={prec}"")"
study_runs,PILOT_BAD_FILENAME_V100_P0_NANO_I05_R02,study_runs/PILOT_BAD_FILENAME_V100_P0_NANO_I05_R02/checkpoint/6e70678e1e2941428904dcc5520f6672/code.py,code.py,.py,3487,ccf90ff8b98d86e74142f44d106f41cfa8ab281390961c0fa7a6a832e0798bf8,2026-07-18T07:43:33,True,True,False,False,True,False,False,False,True,False,False,"0, 1, 2, 3, 4 || {seed}, Precision@5={prec}"")"
study_runs,PILOT_BAD_FILENAME_V100_P0_NANO_I05_R02,study_runs/PILOT_BAD_FILENAME_V100_P0_NANO_I05_R02/checkpoint/99081e754efa4dbfa3cff1d2b478301d/code.py,code.py,.py,3453,59e8102661e9086c2c5941249ad817d1240d2e65dc90597eae757e563d637984,2026-07-18T07:48:16,True,True,False,False,True,False,False,False,True,False,False,"0, 1, 2, 3, 4 || {seed}, Precision@10={prec}"")"
study_runs,PILOT_BAD_FILENAME_V100_P0_NANO_I05_R02,study_runs/PILOT_BAD_FILENAME_V100_P0_NANO_I05_R02/checkpoint/ab5819ca523f4f3184982dd42ee3797e/code.py,code.py,.py,2,7eb70257593da06f682a3ddda54a9d260d4fc514f645237f5ca74b08f8da61a6,2026-07-18T07:38:54,True,False,False,False,False,False,False,False,False,False,False,
study_runs,PILOT_BAD_FILENAME_V100_P0_NANO_I05_R02,study_runs/PILOT_BAD_FILENAME_V100_P0_NANO_I05_R02/checkpoint/c041136165c04c649e8aee5729792671/code.py,code.py,.py,2,7eb70257593da06f682a3ddda54a9d260d4fc514f645237f5ca74b08f8da61a6,2026-07-18T07:20:17,True,False,False,False,False,False,False,False,False,False,False,
study_runs,PILOT_BAD_FILENAME_V100_P0_NANO_I05_R03,study_runs/PILOT_BAD_FILENAME_V100_P0_NANO_I05_R03/checkpoint/0774eb2af6124832aaea2b6811becb64/code.py,code.py,.py,3895,ec320edaf49162713fdb4dbe3d0e51bd30ff758c0c73830cd6cca96132f38047,2026-07-18T10:30:59,True,True,False,False,True,False,False,False,True,False,False,"0, 1, 2, 3, 4"
study_runs,PILOT_BAD_FILENAME_V100_P0_NANO_I05_R03,study_runs/PILOT_BAD_FILENAME_V100_P0_NANO_I05_R03/checkpoint/3088b22eb493465a82ae75afba943cc3/code.py,code.py,.py,4776,95e57c3e54b8de4674c03a432dd8d04d9fc15ef1c4c6d613ff4ef4835d7811f9,2026-07-18T10:37:13,True,True,False,False,True,False,False,False,True,False,False,"0, 1, 2, 3, 4"
study_runs,PILOT_BAD_FILENAME_V100_P0_NANO_I05_R03,study_runs/PILOT_BAD_FILENAME_V100_P0_NANO_I05_R03/checkpoint/471cd3e59f7e4ff38fc386479e829987/code.py,code.py,.py,5194,e5b73c63bfa5db96ce374ae3ee2fdaaff2b2c1b89ba3329bca3ba24d6ec70b8a,2026-07-18T10:20:28,True,True,False,False,True,False,False,False,True,False,True,"0, 1, 2, 3, 4"
study_runs,PILOT_BAD_FILENAME_V100_P0_NANO_I05_R03,study_runs/PILOT_BAD_FILENAME_V100_P0_NANO_I05_R03/checkpoint/471cd3e59f7e4ff38fc386479e829987_iteration1/code.py,code.py,.py,101,ebfe7c9e4ecf7931956a18e4f975da5a1df6ad0fdd26d8c40dd1e16818d7bd2f,2026-07-18T10:55:04,True,False,False,False,False,False,False,False,False,False,False,
study_runs,PILOT_BAD_FILENAME_V100_P0_NANO_I05_R03,study_runs/PILOT_BAD_FILENAME_V100_P0_NANO_I05_R03/checkpoint/471cd3e59f7e4ff38fc386479e829987_iteration2/code.py,code.py,.py,7589,393180ef5f1ead1a511174bf459fe5b926984164671f256f020cb29e9c57f791,2026-07-18T10:55:04,True,True,True,True,True,True,True,True,True,False,True,"12345, 23456, 34567, 45678, 56789 || s)"
study_runs,PILOT_BAD_FILENAME_V100_P0_NANO_I05_R03,study_runs/PILOT_BAD_FILENAME_V100_P0_NANO_I05_R03/checkpoint/471cd3e59f7e4ff38fc386479e829987_seed/code.py,code.py,.py,5217,3570f6c84165f0ed6e597943f205b2f0bfbe92b6120e5bfa2a88273aee385573,2026-07-18T10:48:32,True,True,False,False,True,False,False,False,True,False,True,"0, 1, 2, 3, 4"
study_runs,PILOT_BAD_FILENAME_V100_P0_NANO_I05_R03,study_runs/PILOT_BAD_FILENAME_V100_P0_NANO_I05_R03/checkpoint/677d51929f6140c5baaf4c028d377259/code.py,code.py,.py,5823,5fe8c5a1e7f4f8e147a491c50a42b6d0a79e53aaf0a1ab8cd1ce3dcf9e18b137,2026-07-18T10:25:53,True,True,False,False,True,False,False,True,True,False,False,"0, 1, 2, 3, 4"
study_runs,PILOT_BAD_FILENAME_V100_P0_NANO_I05_R03,study_runs/PILOT_BAD_FILENAME_V100_P0_NANO_I05_R03/checkpoint/7c7aff516dc44e82bafcc25d1c7616c7/code.py,code.py,.py,3352,38d7aa846a56bc3b90ec027395a0b98c1cf75564564cfac213c5d637d5349212,2026-07-18T10:43:46,True,True,False,False,True,False,False,False,True,False,False,"0, 1, 2, 3, 4"
study_runs,PILOT_BAD_FILENAME_V100_P0_NANO_I05_R03,study_runs/PILOT_BAD_FILENAME_V100_P0_NANO_I05_R03/checkpoint/89e32f37812c4864a78fdf64ce3f046b/code.py,code.py,.py,2,7eb70257593da06f682a3ddda54a9d260d4fc514f645237f5ca74b08f8da61a6,2026-07-18T10:08:24,True,False,False,False,False,False,False,False,False,False,False,
study_runs,PILOT_BAD_FILENAME_V100_P0_NANO_I05_R03,study_runs/PILOT_BAD_FILENAME_V100_P0_NANO_I05_R03/checkpoint/a29c2aa2c1a74b6aa7d9d54465462198/code.py,code.py,.py,6757,cac77826f3ad6389657b82871d47f28f1fb81c01795f8ab06d23720c2fab083c,2026-07-18T10:14:29,True,True,False,False,True,False,False,True,True,False,False,"0, 1, 2, 3, 4 || int(rng.integers(1_000_000_000)))"
study_runs,SMOKE_V100_P0_I01,study_runs/SMOKE_V100_P0_I01/checkpoint/2b04050768474782874f3d86300c385f/code.py,code.py,.py,3244,18d7f47641bd3c99a0b207b6f8380579b18764857b178d01a4d3d3412315acdf,2026-07-17T21:43:09,True,True,False,False,True,False,False,True,True,False,False,"11, 22, 33, 44, 55"
study_runs,SMOKE_V100_P0_I01,study_runs/SMOKE_V100_P0_I01/checkpoint/2b04050768474782874f3d86300c385f_iteration1/code.py,code.py,.py,4917,a46c39d44ce7defc2534a9009a38cf8ba34805b41ba74a720290a1e44bfac0fa,2026-07-17T22:54:22,True,True,True,True,True,True,True,True,True,False,False,"11, 22, 33, 44, 55"
study_runs,SMOKE_V100_P0_I01,study_runs/SMOKE_V100_P0_I01/checkpoint/2b04050768474782874f3d86300c385f_iteration2/code.py,code.py,.py,5086,653f04670c5b986064cef239e56bd2b771b888556ab2ca649cabd5b415fa8f34,2026-07-17T22:54:22,True,True,True,True,True,True,True,True,True,False,False,"11, 22, 33, 44, 55"
study_runs,SMOKE_V100_P0_I01,study_runs/SMOKE_V100_P0_I01/checkpoint/2b04050768474782874f3d86300c385f_seed/code.py,code.py,.py,3244,18d7f47641bd3c99a0b207b6f8380579b18764857b178d01a4d3d3412315acdf,2026-07-17T22:51:51,True,True,False,False,True,False,False,True,True,False,False,"11, 22, 33, 44, 55"
study_runs,SMOKE_V100_P0_I01,study_runs/SMOKE_V100_P0_I01/checkpoint/506a9fd3f66c4bec8dd85db15292903d/code.py,code.py,.py,3179,49a346958aa0b487da34d6b3efe94f551f4f71a729d1faef1a7264415d5c49b3,2026-07-17T20:14:20,True,True,False,False,True,False,False,True,True,False,False,"11, 22, 33, 44, 55 || {seed} ..."")"
study_runs,SMOKE_V100_P0_I01,study_runs/SMOKE_V100_P0_I01/checkpoint/8ae5c9e5771d4ce2be8d8a2a7b4228f0/code.py,code.py,.py,2360,75ee9b37efa4577ab1a53999f7c74639ab8bb4e0ef131ea85c905e1fe32e4af5,2026-07-17T21:25:39,True,True,False,False,True,False,False,True,False,False,True,"11, 22, 33, 44, 55"
study_runs,SMOKE_V100_P0_I01,study_runs/SMOKE_V100_P0_I01/checkpoint/adc486eedd784beebdf0ad860a0bf732/code.py,code.py,.py,2803,0c9969f18f4b327ef66d3dcab3ea7090e37988af8ab799233887570c679f892b,2026-07-17T21:34:43,True,True,False,False,True,False,False,True,False,False,False,"11, 22, 33, 44, 55 || seed))"
study_runs,SMOKE_V100_P0_I01,study_runs/SMOKE_V100_P0_I01/checkpoint/b3f868150f1e48848df96473d4a5fb4e/code.py,code.py,.py,3148,e7effa12b8a1dc3c29c298c38f9fd409e83c94500c4d68487e349aae6982727d,2026-07-17T20:16:33,True,True,False,False,False,True,False,True,False,False,False,"11, 22, 33, 44, 55"
study_runs,SMOKE_V100_P0_I01,study_runs/SMOKE_V100_P0_I01/checkpoint/f924856511e14a3c92631ccf384e439f/code.py,code.py,.py,2944,dedf8801ee18e2fe13c25b13fa7cc0de3db739279ba26ca156cb4160e275757e,2026-07-17T20:16:33,True,True,False,False,False,True,False,True,False,False,False,"11, 22, 33, 44, 55"
study_runs,V100_P0_GPT54_I05_R01,study_runs/V100_P0_GPT54_I05_R01/checkpoint/1a0e67a0ed0f49838458b10f36953597/code.py,code.py,.py,7253,377635048a3ea066394b0f1ae8e9215e41fc328304ffc09a8e170ac0095d7f89,2026-07-19T20:02:19,True,True,False,False,False,False,True,True,False,False,False,"7, 13, 29, 42, 87"
study_runs,V100_P0_GPT54_I05_R01,study_runs/V100_P0_GPT54_I05_R01/checkpoint/4682b1c65bcd4677ad764487dbae36e4/code.py,code.py,.py,9488,244f746558c5196658012393c659c5ddda040a36649a1d0d2f5a145229a4011a,2026-07-19T20:20:41,True,True,False,False,False,False,True,True,False,True,False,"7, 13, 29, 42, 87 || get_random_state(),"
study_runs,V100_P0_GPT54_I05_R01,study_runs/V100_P0_GPT54_I05_R01/checkpoint/6f1efc17099f4438af33e637fade2d6a/code.py,code.py,.py,5649,ca267dfe6ccac24cdb902cebfd284af9e7b991fc91dd9140015546b493eda8b9,2026-07-19T20:09:22,True,True,False,False,False,False,True,True,False,False,False,"7, 13, 29, 42, 87"
study_runs,V100_P0_GPT54_I05_R01,study_runs/V100_P0_GPT54_I05_R01/checkpoint/7ef1994c0966483b8d54e4a616d85634/code.py,code.py,.py,2,7eb70257593da06f682a3ddda54a9d260d4fc514f645237f5ca74b08f8da61a6,2026-07-19T20:00:47,True,False,False,False,False,False,False,False,False,False,False,
study_runs,V100_P0_GPT54_I05_R01,study_runs/V100_P0_GPT54_I05_R01/checkpoint/93fc4b7d72734385b5c9ae72f2765d36/code.py,code.py,.py,6645,6554297e4a137b24087e2e19651f185cc27465ff0f11e685bd52349a6cc37fb3,2026-07-19T19:53:22,True,True,False,False,False,False,True,True,False,False,False,"7, 13, 29, 42, 87"
study_runs,V100_P0_GPT54_I05_R01,study_runs/V100_P0_GPT54_I05_R01/checkpoint/b9321e8dcdb647988a09b4cb21c4e170/code.py,code.py,.py,8770,c2b0328250738c958715883ca31e52ff03ec0aedef9bb3e02c0d77b9881a1baf,2026-07-19T20:13:14,True,True,False,False,False,False,True,True,False,True,False,"7, 13, 29, 42, 87 || seed,"
study_runs,V100_P0_GPT54_I05_R01,study_runs/V100_P0_GPT54_I05_R01/checkpoint/e7849e11813743659c7d53436c07af0d/code.py,code.py,.py,5936,88282802745d5f360fa0f38a56f7830033de86269fb93510ee56ffedb96e01a5,2026-07-19T20:11:29,True,True,False,False,False,False,True,True,False,False,False,"7, 13, 29, 42, 87"
study_runs,V100_P0_GPT54_I05_R01,study_runs/V100_P0_GPT54_I05_R01/checkpoint/e7849e11813743659c7d53436c07af0d_iteration1/code.py,code.py,.py,15377,a73a84bd94d9b21a302da6300ed310d853c9a160b0be8e6d2098c1f086947307,2026-07-19T20:44:13,True,True,True,True,True,True,True,True,True,True,False,"7, 13, 29, 42, 87 || {seed}')"
study_runs,V100_P0_GPT54_I05_R01,study_runs/V100_P0_GPT54_I05_R01/checkpoint/e7849e11813743659c7d53436c07af0d_iteration2/code.py,code.py,.py,14356,95699b3e92bd6aea35be8925bd23efa88423b6b815410374df2d75edcd56ec2c,2026-07-19T20:44:13,True,True,True,True,True,True,True,True,True,False,False,"7, 13, 29, 42, 87 || {seed}')"
study_runs,V100_P0_GPT54_I05_R01,study_runs/V100_P0_GPT54_I05_R01/checkpoint/e7849e11813743659c7d53436c07af0d_seed/code.py,code.py,.py,5936,88282802745d5f360fa0f38a56f7830033de86269fb93510ee56ffedb96e01a5,2026-07-19T20:41:53,True,True,False,False,False,False,True,True,False,False,False,"7, 13, 29, 42, 87"
study_runs,V100_P0_GPT54_I05_R02,study_runs/V100_P0_GPT54_I05_R02/checkpoint/29c2088f69664298962d51e53dd2cc4d/code.py,code.py,.py,4662,23cb9ac27d600c7f35f5f70baa35e5067f5452cf62d5fb7b912959103b237112,2026-07-20T03:09:25,True,True,False,False,False,False,True,True,False,False,False,"11, 22, 33, 44, 55 || =="")"
study_runs,V100_P0_GPT54_I05_R02,study_runs/V100_P0_GPT54_I05_R02/checkpoint/65996d4b431c4de09a2c94c1d0ba75f4/code.py,code.py,.py,7801,d4b80a818e527139795cd818317300462db3c4abadaf2f518d3fdc8071589c2b,2026-07-20T03:11:42,True,True,False,False,False,False,True,True,False,True,False,11
study_runs,V100_P0_GPT54_I05_R02,study_runs/V100_P0_GPT54_I05_R02/checkpoint/cca8086dfc7d46ee9c4a48e24ac9544c/code.py,code.py,.py,5994,1c39a14d787b4e554b6c5716529435fee2481078caef4fe080f1718c551e1333,2026-07-20T03:19:34,True,True,False,False,False,False,True,True,False,True,False,"11 || seed, raw_dir=raw_dir, canon_path=canon_path)"
study_runs,V100_P0_GPT54_I05_R02,study_runs/V100_P0_GPT54_I05_R02/checkpoint/d782c63f1fd1409f9b600fcbeb814dbb/code.py,code.py,.py,8553,c75ffab23dd350d7c76f8cb5b6ae1f179b2297baf630a538be32df400ecfc7c3,2026-07-20T03:14:48,True,True,False,False,False,False,True,True,False,False,False,11
study_runs,V100_P0_GPT54_I05_R02,study_runs/V100_P0_GPT54_I05_R02/checkpoint/eee18c4177524121adf8c4e238bbea74/code.py,code.py,.py,9106,23d24f07251fc336af5f66e1c33e0398d7b9d8205fb30c5effa035f17c182ac1,2026-07-20T03:07:57,True,True,False,False,False,False,True,True,True,False,False,"11, 22, 33, 44, 55 || ==') || run_single_seed(seed, working_dir)"
study_runs,V100_P0_GPT54_I05_R02,study_runs/V100_P0_GPT54_I05_R02/checkpoint/ef50db923528453ab7281e09a7ab63ce/code.py,code.py,.py,7748,38f57542ad5f854884477247745871bc88f0297a8742e72f86542d53272694e4,2026-07-20T03:18:02,True,True,False,False,False,False,True,True,False,False,False,11
study_runs,V100_P0_GPT54_I05_R02,study_runs/V100_P0_GPT54_I05_R02/checkpoint/ef50db923528453ab7281e09a7ab63ce_iteration1/code.py,code.py,.py,17014,221bd941ee5252387422afd1c609f15df373a45081d7cec4fedf46720c1dd931,2026-07-20T03:26:58,True,True,True,True,True,True,True,True,True,False,False,"11, 22, 33, 44, 55 || seed, || {seed} via Evaluator.get_results()."")"
study_runs,V100_P0_GPT54_I05_R02,study_runs/V100_P0_GPT54_I05_R02/checkpoint/ef50db923528453ab7281e09a7ab63ce_iteration2/code.py,code.py,.py,18005,f168f5401332c6bbe844acc07a09580f6c6f5748a352dbbbc1e4f610ceb4305d,2026-07-20T03:26:58,True,True,True,True,True,True,True,True,True,False,False,"11, 22, 33, 44, 55 || seed, || {seed} via Evaluator.get_results()."")"
study_runs,V100_P0_GPT54_I05_R02,study_runs/V100_P0_GPT54_I05_R02/checkpoint/ef50db923528453ab7281e09a7ab63ce_seed/code.py,code.py,.py,7748,38f57542ad5f854884477247745871bc88f0297a8742e72f86542d53272694e4,2026-07-20T03:24:33,True,True,False,False,False,False,True,True,False,False,False,11
study_runs,V100_P0_GPT54_I05_R02,study_runs/V100_P0_GPT54_I05_R02/checkpoint/f2b2ca7867bc45dba3f20bfcb69d50e3/code.py,code.py,.py,6482,77ac73e994305c5d67247a6bcfc9d4e8fff631fc3466960efd695e5d145b440d,2026-07-20T03:22:26,True,True,False,False,False,False,True,True,False,False,False,11
study_runs,V100_P0_MINI_I05_R01,study_runs/V100_P0_MINI_I05_R01/checkpoint/23846b1d0deb4aa0b5161992cadc5f52/code.py,code.py,.py,2931,28e3151f4b8b84ed2f2300c3dca3fac369736648f92363638568f0ddc4051a58,2026-07-19T15:08:12,True,True,False,False,False,True,False,True,True,False,False,
study_runs,V100_P0_MINI_I05_R01,study_runs/V100_P0_MINI_I05_R01/checkpoint/7296f7528a22457384d50f4e3c7c94a4/code.py,code.py,.py,2672,0d2239083bd446aa14b620187aaa9f0ed5035eb5a31e809e98bb90afb871f728,2026-07-19T14:56:23,True,True,False,False,True,False,False,True,False,False,False,"11, 22, 33, 44, 55 || {seed}, interactions={dataset.num_interactions()}')"
study_runs,V100_P0_MINI_I05_R01,study_runs/V100_P0_MINI_I05_R01/checkpoint/977d7ec4949847409c030b314e2dd362/code.py,code.py,.py,3504,9a5691b192ec16864d93b2322d588aafb9d46d664ef3b8ba54eb5d9b1d8fdef3,2026-07-19T15:11:30,True,True,False,False,False,True,False,True,True,False,False,
study_runs,V100_P0_MINI_I05_R01,study_runs/V100_P0_MINI_I05_R01/checkpoint/9ab94e9cbc3046f4930499a3c4865337/code.py,code.py,.py,4658,82efc10e52ba6f36db6ef957f16f6f2c178e4ea23f5f75d45dc3eb59fceffea6,2026-07-19T14:59:27,True,True,False,False,True,False,False,True,True,False,False,"11, 22, 33, 44, 55 || {seed} ...')"
study_runs,V100_P0_MINI_I05_R01,study_runs/V100_P0_MINI_I05_R01/checkpoint/aac562b51b2148e2b73a824edba0b9b3/code.py,code.py,.py,2487,09b6baf80cc41af4470654caadef20077727f955c3aa0482742a70c3210446de,2026-07-19T15:01:54,True,True,False,False,True,False,False,True,True,False,False,
study_runs,V100_P0_MINI_I05_R01,study_runs/V100_P0_MINI_I05_R01/checkpoint/aad89bc2901c4869b5cdd0898ac24828/code.py,code.py,.py,2927,867883d7bd27089c111e5ba82209b52715c320e3ddbc57fd813fc5c7a9e08c95,2026-07-19T15:05:47,True,True,False,False,False,True,False,True,True,False,False,
study_runs,V100_P0_MINI_I05_R01,study_runs/V100_P0_MINI_I05_R01/checkpoint/b6c02039931c42fcb8d6e8ec9185ebc2/code.py,code.py,.py,3157,3506997559dddc4f0273b968078e28bbc378e6e2357bc4dbf8c4b105f5cb40f7,2026-07-19T15:03:16,True,True,False,False,False,True,False,True,True,False,False,
study_runs,V100_P0_MINI_I05_R01,study_runs/V100_P0_MINI_I05_R01/checkpoint/b6c02039931c42fcb8d6e8ec9185ebc2_iteration1/code.py,code.py,.py,7441,b7d25de87ed41b319cf329132afe823606ab14cee430704c9784dab59b3c0bad,2026-07-19T15:19:12,True,True,True,True,True,True,True,True,True,True,False,"11, 22, 33, 44, 55"
study_runs,V100_P0_MINI_I05_R01,study_runs/V100_P0_MINI_I05_R01/checkpoint/b6c02039931c42fcb8d6e8ec9185ebc2_iteration2/code.py,code.py,.py,4265,2edc69c5caa67ed079bd2ab17fc33fa791d69ed22a4a4b16a76ef2e553cdc769,2026-07-19T15:19:12,True,True,True,False,True,True,True,True,True,False,False,"1, 2, 3, 4, 5"
study_runs,V100_P0_MINI_I05_R01,study_runs/V100_P0_MINI_I05_R01/checkpoint/b6c02039931c42fcb8d6e8ec9185ebc2_seed/code.py,code.py,.py,3157,3506997559dddc4f0273b968078e28bbc378e6e2357bc4dbf8c4b105f5cb40f7,2026-07-19T15:16:55,True,True,False,False,False,True,False,True,True,False,False,
study_runs,V100_P0_MINI_I05_R02,study_runs/V100_P0_MINI_I05_R02/checkpoint/042e93d175e94b8bac8df8e1cd39aaa4/code.py,code.py,.py,3180,c02f98339b410ba8a9a872dc5008b556f5655383ac9f3f997a2d1c8cf9d6b091,2026-07-19T15:49:59,True,True,False,False,True,False,False,True,True,False,False,"11, 22, 33, 44, 55 || {seed}..."")"
study_runs,V100_P0_MINI_I05_R02,study_runs/V100_P0_MINI_I05_R02/checkpoint/06fe3a757a8f4a78a7e88be8ee026ef1/code.py,code.py,.py,2932,71b7fed50b2691c2d3c562b2a891c7a04b8ecb88cab32d135dd4529991b59835,2026-07-19T15:58:01,True,True,False,False,False,True,False,True,False,False,False,42 || {seed}...')
study_runs,V100_P0_MINI_I05_R02,study_runs/V100_P0_MINI_I05_R02/checkpoint/8b4ad2ac4960487da7beea3df7b51b4e/code.py,code.py,.py,2848,3dec87a543b8d59f69fae6f33d113965f66ca31d55b07821681985d862e2af0d,2026-07-19T15:51:20,True,True,False,False,False,True,False,True,True,False,False,42 || {seed}...')
study_runs,V100_P0_MINI_I05_R02,study_runs/V100_P0_MINI_I05_R02/checkpoint/8b4ad2ac4960487da7beea3df7b51b4e_iteration1/code.py,code.py,.py,5470,fb677ca8544842630071176808ab8ea865d8c24cb2f1e63c447b86b63a5d06c5,2026-07-19T16:19:20,True,True,True,True,True,True,True,True,True,False,False,"11, 22, 33, 44, 55 || {seed}...')"
study_runs,V100_P0_MINI_I05_R02,study_runs/V100_P0_MINI_I05_R02/checkpoint/8b4ad2ac4960487da7beea3df7b51b4e_iteration2/code.py,code.py,.py,5206,dbc38e31f2c34ada8e9e668027a6df47a731afe5aa426e8a15a126bbae9d58f0,2026-07-19T16:19:20,True,True,True,True,True,True,True,True,True,False,False,"11, 22, 33, 44, 55 || {seed}...')"
study_runs,V100_P0_MINI_I05_R02,study_runs/V100_P0_MINI_I05_R02/checkpoint/8b4ad2ac4960487da7beea3df7b51b4e_seed/code.py,code.py,.py,2848,3dec87a543b8d59f69fae6f33d113965f66ca31d55b07821681985d862e2af0d,2026-07-19T15:59:55,True,True,False,False,False,True,False,True,True,False,False,42 || {seed}...')
study_runs,V100_P0_MINI_I05_R02,study_runs/V100_P0_MINI_I05_R02/checkpoint/97475fff7a0d4393872f1e96ef9a0908/code.py,code.py,.py,3222,4db2b2c0566f9e3d2168d11476deabc2ceb4df7f417ac16231b4a6a7c18e7035,2026-07-19T15:54:57,True,True,False,False,False,True,False,True,False,False,False,42 || {seed}...')
study_runs,V100_P0_MINI_I05_R02,study_runs/V100_P0_MINI_I05_R02/checkpoint/b8edfc10aa494f6c80e9b589eefd6d98/code.py,code.py,.py,2863,a50e2170a0ebbb4bc1cbd95a3a9cf75c992f61856c642ae43c6de3540b8b0749,2026-07-19T15:53:52,True,True,False,False,False,True,False,True,False,False,False,42 || {seed}...')
study_runs,V100_P0_MINI_I05_R02,study_runs/V100_P0_MINI_I05_R02/checkpoint/e57e1159faca46f9a9d3ff50d55f79ea/code.py,code.py,.py,2763,bb513aab245820189f2e0b7de5f379693088dad204070d0d34999e04a147fad3,2026-07-19T15:52:38,True,True,False,False,False,True,False,True,False,False,False,42 || {seed}...')
study_runs,V100_P0_MINI_I05_R02,study_runs/V100_P0_MINI_I05_R02/checkpoint/f10f771f2c3b4b168286e73743819435/code.py,code.py,.py,4066,b47e6551868cb7229bd07a52213bb8d464a7b19a5d6d7dd17b5653ae44bc0f85,2026-07-19T15:47:42,True,True,False,False,True,False,False,True,True,False,False,"11, 22, 33, 44, 55 || ==') || {seed} ...')"
study_runs,V100_P0_MINI_I05_R03,study_runs/V100_P0_MINI_I05_R03/checkpoint/2ca5630c0a7741de889f82bc7f2e2ff0/code.py,code.py,.py,2881,f0e11b0b16dedf7697c54039d150e38fcb92d198b98be9cab846fd5e6fe470ba,2026-07-19T16:00:18,True,True,False,False,False,True,False,True,False,False,False,"11, 22, 33, 44, 55 || [ || {seed}, interactions={dataset.num_interactions()}')"
study_runs,V100_P0_MINI_I05_R03,study_runs/V100_P0_MINI_I05_R03/checkpoint/4bae3cfa9f6b4a4bb4b360ee0c788768/code.py,code.py,.py,2854,8e88ce7e76479ca378322f266269d55df4e6c3ee61b7974e8197bd15700274f4,2026-07-19T16:08:35,True,True,False,False,True,False,False,True,False,False,False,"1, 2, 3, 4, 5 || {seed} ...')"
study_runs,V100_P0_MINI_I05_R03,study_runs/V100_P0_MINI_I05_R03/checkpoint/64f1c4aae39d4cc68f747732d8232c0e/code.py,code.py,.py,2748,5227f084ee57795c44debaf9bfd2ce9ccbbebbcf236337ca4d45451e003bcc9e,2026-07-19T16:16:44,True,True,False,False,True,False,False,True,False,False,True,"1, 2, 3, 4, 5 || {seed} ...')"
study_runs,V100_P0_MINI_I05_R03,study_runs/V100_P0_MINI_I05_R03/checkpoint/a9663d9dfecc44c6998034c55e22bfe0/code.py,code.py,.py,2636,3e8a37d682929b54711b73b608dfb1bc2cc5beccace86c10af79e54086d13429,2026-07-19T15:52:10,True,True,False,False,False,True,False,True,False,False,True,"1, 2, 3, 4, 5 || {seed} ...')"
study_runs,V100_P0_MINI_I05_R03,study_runs/V100_P0_MINI_I05_R03/checkpoint/a9663d9dfecc44c6998034c55e22bfe0_seed/code.py,code.py,.py,2636,3e8a37d682929b54711b73b608dfb1bc2cc5beccace86c10af79e54086d13429,2026-07-19T16:33:33,True,True,False,False,False,True,False,True,False,False,True,"1, 2, 3, 4, 5 || {seed} ...')"
study_runs,V100_P0_MINI_I05_R03,study_runs/V100_P0_MINI_I05_R03/checkpoint/ae5c302c20744599a5005e342e748a23/code.py,code.py,.py,3003,0388dd58d05b9bd606a42da9f13227cf77ce13858f4868da1f12ac93307fdfd2,2026-07-19T16:33:33,True,True,False,False,True,False,False,True,False,False,False,"1, 2, 3, 4, 5"
study_runs,V100_P0_MINI_I05_R03,study_runs/V100_P0_MINI_I05_R03/checkpoint/b3e9be9f1f4d407d9c70764b3ade04ac/code.py,code.py,.py,3166,f57d2494a61f189e01351b9cfe811d2323f0575ef33258f33b4832f3437060d9,2026-07-19T16:24:41,True,True,False,False,True,False,False,True,False,False,False,"1, 2, 3, 4, 5 || {seed} ...')"
study_runs,V100_P0_MINI_I05_R03,study_runs/V100_P0_MINI_I05_R03/checkpoint/b643b16303794cfcbfd8ec1958ea27d3/code.py,code.py,.py,2799,4b45a6ee6c277b53b6a025e329d2fd2ffbc9165d9b2d828604463adc259b3d8c,2026-07-19T16:27:29,True,True,False,False,True,False,False,True,False,False,False,"11, 22, 33, 44, 55 || [ || {seed} interactions={dataset.num_interactions()}')"
study_runs,V100_P0_MINI_I05_R04,study_runs/V100_P0_MINI_I05_R04/checkpoint/0ddf2f48ecfe411c968dfd5ac55fc592/code.py,code.py,.py,3453,9f7496952b84fec7ed65fc21825b3c09ffcf4aaa8833fa7cc6a80b3e6d2968b4,2026-07-19T20:19:04,True,True,False,False,False,True,False,True,True,False,False,"7, 13, 21, 42, 87 || {seed}')"
study_runs,V100_P0_MINI_I05_R04,study_runs/V100_P0_MINI_I05_R04/checkpoint/0ddf2f48ecfe411c968dfd5ac55fc592_iteration1/code.py,code.py,.py,7538,fae21e600af4d8b4b164c23fb8cb7cb441c1f9c261f5c48ab1c2a9fa7c607adf,2026-07-19T20:28:44,True,True,True,True,True,True,True,True,True,True,False,"7, 13, 21, 42, 87 || {seed}')"
study_runs,V100_P0_MINI_I05_R04,study_runs/V100_P0_MINI_I05_R04/checkpoint/0ddf2f48ecfe411c968dfd5ac55fc592_iteration2/code.py,code.py,.py,6619,430d4f528c3f8b4b14488b7813755248e605621a474e2f250f26842d6106d575,2026-07-19T20:28:44,True,True,True,True,True,True,True,True,True,False,False,"7, 13, 21, 42, 87 || {seed}')"
study_runs,V100_P0_MINI_I05_R04,study_runs/V100_P0_MINI_I05_R04/checkpoint/0ddf2f48ecfe411c968dfd5ac55fc592_seed/code.py,code.py,.py,3453,9f7496952b84fec7ed65fc21825b3c09ffcf4aaa8833fa7cc6a80b3e6d2968b4,2026-07-19T20:26:15,True,True,False,False,False,True,False,True,True,False,False,"7, 13, 21, 42, 87 || {seed}')"
study_runs,V100_P0_MINI_I05_R04,study_runs/V100_P0_MINI_I05_R04/checkpoint/429968f4a2d5464781e553f6868ecfb7/code.py,code.py,.py,2501,4bf499ada8e10c421f2532297f2aedc33846503f9755b5e0c91ee3286203870d,2026-07-19T19:57:54,True,True,False,False,True,False,False,True,False,False,False,"11, 22, 33, 44, 55"
study_runs,V100_P0_MINI_I05_R04,study_runs/V100_P0_MINI_I05_R04/checkpoint/598bf8a4666a4d18a6e1a66d70d7dd17/code.py,code.py,.py,3471,4b22ed86c04ac2dd7fdd41fcbc7937660cf5a179b07b65acead9df78b9549dfe,2026-07-19T20:05:29,True,True,False,False,False,True,False,True,False,False,False,"7, 13, 21, 42, 87 || {seed}')"
study_runs,V100_P0_MINI_I05_R04,study_runs/V100_P0_MINI_I05_R04/checkpoint/6624255987bf439f9714e8560c0cd3b5/code.py,code.py,.py,3592,db1c9d099090ea11f81484d3bf6693e7d3cf871382390b6633577069351a1778,2026-07-19T20:24:48,True,True,False,False,False,True,False,True,True,False,False,"7, 13, 21, 42, 87 || {seed}')"
study_runs,V100_P0_MINI_I05_R04,study_runs/V100_P0_MINI_I05_R04/checkpoint/72e46d355e0a49fc85af38961d5e11ef/code.py,code.py,.py,3385,790b6b0e7f5eea8928f1032454e10819d109925e43f1a9e2cf324d92d5cea488,2026-07-19T20:13:03,True,True,False,False,False,True,False,True,True,False,False,"7, 13, 21, 42, 87 || {seed}"")"
study_runs,V100_P0_MINI_I05_R04,study_runs/V100_P0_MINI_I05_R04/checkpoint/81f0cfbf8c764fd2916c0548137ef91b/code.py,code.py,.py,3341,6033a61e9c1214d60a39f3d04a4c795cd41fd77eaea7ee5c1666bfee06b8ef6b,2026-07-19T20:07:04,True,True,False,False,False,True,False,True,False,False,False,"7, 13, 21, 42, 87 || {seed}"")"
study_runs,V100_P0_MINI_I05_R04,study_runs/V100_P0_MINI_I05_R04/checkpoint/e543f9f743a340479000d7640c0720a3/code.py,code.py,.py,3643,6b64c702611c62beb4583bd7e5a4812af8673bbc6062bd80889d6c49bc6ee4c8,2026-07-19T19:59:32,True,True,False,False,False,True,False,True,False,False,False,"7, 13, 21, 42, 87 || {seed}')"
study_runs,V100_P0_MINI_I05_R05,study_runs/V100_P0_MINI_I05_R05/checkpoint/33efaaf355e04edbb0aaacba40eb5402/code.py,code.py,.py,2584,846d3973f88860a71eeafb5143ec1ef2f6135fc8ae66d99679a6ece9773b3f21,2026-07-20T03:14:20,True,True,False,False,False,False,True,True,True,False,False,"11, 22, 33, 44, 55"
study_runs,V100_P0_MINI_I05_R05,study_runs/V100_P0_MINI_I05_R05/checkpoint/45bbaea5347142a089ee75b7dab25565/code.py,code.py,.py,2723,11593ad1f12066ab20fe674e94666b7add305d0a6953bc0009550bfbff6af1ab,2026-07-20T03:08:48,True,True,False,False,False,False,True,True,True,False,False,"11, 22, 33, 44, 55"
study_runs,V100_P0_MINI_I05_R05,study_runs/V100_P0_MINI_I05_R05/checkpoint/5f85c771837f46e69ed3548da85ed85f/code.py,code.py,.py,3621,af1f34df27369b27ce0bc0a7bbdc5938338bb2467cc6eb4c2b8d465cc27b304c,2026-07-20T03:10:54,True,True,False,False,False,False,True,True,False,False,False,"11, 22, 33, 44, 55"
study_runs,V100_P0_MINI_I05_R05,study_runs/V100_P0_MINI_I05_R05/checkpoint/868275c3d05d4004ab2e433980557401/code.py,code.py,.py,4387,153a26e9b39747e6cdd7dc70c55db210075855e8cdb5ca9c0650ff2cb54a3704,2026-07-20T03:20:46,True,True,False,False,False,False,True,True,True,False,False,"11, 22, 33, 44, 55"
study_runs,V100_P0_MINI_I05_R05,study_runs/V100_P0_MINI_I05_R05/checkpoint/a60f1446dae34e6c85594e6ccf365727/code.py,code.py,.py,2824,7a8bbb81fa5bd132b80952b5c01fe63032064dfad8c1da25b929af01e0ad1652,2026-07-20T03:16:48,True,True,False,False,False,False,True,True,True,False,False,"11, 22, 33, 44, 55"
study_runs,V100_P0_MINI_I05_R05,study_runs/V100_P0_MINI_I05_R05/checkpoint/b961f343d9f8405a8f194c65eb67b0cf/code.py,code.py,.py,2583,a96f2b86d665f0328bc84b64e4004b84f7820fd05ac93e29060c39edd45dc4e0,2026-07-20T03:12:03,True,True,False,False,False,False,True,True,True,False,False,"11, 22, 33, 44, 55"
study_runs,V100_P0_MINI_I05_R05,study_runs/V100_P0_MINI_I05_R05/checkpoint/c1cab3cf57c346019ca9d1992dcac3ef/code.py,code.py,.py,3124,7f615719e1592de7a1482516e778c0a942e14e55b5626cf57deeb0d8e1fa8206,2026-07-20T03:18:01,True,True,False,False,False,False,True,True,True,False,False,
study_runs,V100_P0_MINI_I05_R05,study_runs/V100_P0_MINI_I05_R05/checkpoint/c1cab3cf57c346019ca9d1992dcac3ef_iteration1/code.py,code.py,.py,6178,a89e6a6c441eb566acb7629311567525d07b0a711e778f88761a41a71dd29cd9,2026-07-20T03:24:46,True,True,True,True,True,True,True,True,True,False,False,"11, 22, 33, 44, 55 || {seed}:\n"", res)"
study_runs,V100_P0_MINI_I05_R05,study_runs/V100_P0_MINI_I05_R05/checkpoint/c1cab3cf57c346019ca9d1992dcac3ef_iteration2/code.py,code.py,.py,5757,72e594c41bdc9952197a144cd5a7d2cbe72e0b75508cad5e2a66bc77ee1cacc0,2026-07-20T03:24:46,True,True,True,True,True,True,True,True,True,False,False,"11, 22, 33, 44, 55 || {seed}:\n"", res)"
study_runs,V100_P0_MINI_I05_R05,study_runs/V100_P0_MINI_I05_R05/checkpoint/c1cab3cf57c346019ca9d1992dcac3ef_seed/code.py,code.py,.py,3124,7f615719e1592de7a1482516e778c0a942e14e55b5626cf57deeb0d8e1fa8206,2026-07-20T03:22:26,True,True,False,False,False,False,True,True,True,False,False,
study_runs,V100_P0_NANO_I05_R01,study_runs/V100_P0_NANO_I05_R01/checkpoint/1390f6c0be5743b8927162dbbe425e75/code.py,code.py,.py,2758,8958a3fa619dfb740059eab776fa8fbe33c71b393389e6c2dc796afca8648005,2026-07-18T11:57:42,True,True,False,False,True,False,False,False,True,False,False,"0, 1, 2, 3, 4 || 0.0 || None || getattr(res, 'precision_at', None) or getattr(res, 'precision', None) || res[key || {seed}, Precision@{k}={precision_seed}"")"
study_runs,V100_P0_NANO_I05_R01,study_runs/V100_P0_NANO_I05_R01/checkpoint/1390f6c0be5743b8927162dbbe425e75_iteration1/code.py,code.py,.py,7174,dcc058a71e9e6b45732eecd753eacdcfff17415952507bc3e6a1eb848581539e,2026-07-18T12:22:01,True,True,False,True,True,True,True,True,True,False,True,"101, 202, 303, 404, 505"
study_runs,V100_P0_NANO_I05_R01,study_runs/V100_P0_NANO_I05_R01/checkpoint/1390f6c0be5743b8927162dbbe425e75_iteration2/code.py,code.py,.py,7844,b0d33407234977d4f4f54fdb8c2b918ff4d8b8301727ff6225b2325211916362,2026-07-18T12:22:01,True,True,True,True,True,True,True,True,True,False,False,"101, 202, 303, 404, 505"
study_runs,V100_P0_NANO_I05_R01,study_runs/V100_P0_NANO_I05_R01/checkpoint/1390f6c0be5743b8927162dbbe425e75_seed/code.py,code.py,.py,2758,8958a3fa619dfb740059eab776fa8fbe33c71b393389e6c2dc796afca8648005,2026-07-18T12:10:37,True,True,False,False,True,False,False,False,True,False,False,"0, 1, 2, 3, 4 || 0.0 || None || getattr(res, 'precision_at', None) or getattr(res, 'precision', None) || res[key || {seed}, Precision@{k}={precision_seed}"")"
study_runs,V100_P0_NANO_I05_R01,study_runs/V100_P0_NANO_I05_R01/checkpoint/30515235274c4e9f810042ff01ad146d/code.py,code.py,.py,3483,caa087b626d7a95c606a8eff7ffccd56cd37ed1d2546cafc16069d9d77b56071,2026-07-18T11:52:52,True,True,False,False,True,False,False,True,False,False,False,"0, 1, 2, 3, 4 || 0.0 || None || getattr(res, 'ndcg_at', None) or getattr(res, 'ndcg5', None) or getattr(res, 'ndcg', None) || res[key || {seed}, NDCG@{k} (proxy for P@{k})={ndcg_seed}"")"
study_runs,V100_P0_NANO_I05_R01,study_runs/V100_P0_NANO_I05_R01/checkpoint/68cabbbc75664b5896083f4b1803231a/code.py,code.py,.py,2787,7cecf5d710e1b505e1f6f9e761e41b18c8bba83b3dc54823f08f95f8f9c42380,2026-07-18T11:29:53,True,True,False,False,True,False,False,True,False,False,False,"0, 1, 2, 3, 4 || 0.0 || None || getattr(res, 'ndcg_at', None) or getattr(res, 'ndcg10', None) or getattr(res, 'ndcg', None) || res[key || {seed}, NDCG@{k}={ndcg_seed}"")"
study_runs,V100_P0_NANO_I05_R01,study_runs/V100_P0_NANO_I05_R01/checkpoint/904094bc4dec46988262a1fe8b9d35f6/code.py,code.py,.py,2192,0f524c0d4808e65d7c69fe7783bde9213281dbc1f5ae3c547f8afa6c1abd9f55,2026-07-18T11:42:21,True,True,False,False,True,True,False,True,False,False,True,
study_runs,V100_P0_NANO_I05_R01,study_runs/V100_P0_NANO_I05_R01/checkpoint/bb55ca0ddab64ee888dc16a97f278052/code.py,code.py,.py,2,7eb70257593da06f682a3ddda54a9d260d4fc514f645237f5ca74b08f8da61a6,2026-07-18T12:03:34,True,False,False,False,False,False,False,False,False,False,False,
study_runs,V100_P0_NANO_I05_R01,study_runs/V100_P0_NANO_I05_R01/checkpoint/d685542335b541bda6180c4aa38c51d2/code.py,code.py,.py,3279,682d96695a5c5e9a3c06320532d261f477c091d516abc3a6d51e0527f51e627e,2026-07-18T11:47:02,True,True,False,False,True,False,False,False,True,False,True,"101, 202, 303, 404, 505 || {}"
study_runs,V100_P0_NANO_I05_R01,study_runs/V100_P0_NANO_I05_R01/checkpoint/fb056bbc8ea4465b8bd57be4a1f3d081/code.py,code.py,.py,2,7eb70257593da06f682a3ddda54a9d260d4fc514f645237f5ca74b08f8da61a6,2026-07-18T11:36:55,True,False,False,False,False,False,False,False,False,False,False,
study_runs,V100_P0_NANO_I05_R02,study_runs/V100_P0_NANO_I05_R02/checkpoint/18b7f6bec8674f31bade4bbe0b7b00d1/code.py,code.py,.py,2,7eb70257593da06f682a3ddda54a9d260d4fc514f645237f5ca74b08f8da61a6,2026-07-18T13:09:28,True,False,False,False,False,False,False,False,False,False,False,
study_runs,V100_P0_NANO_I05_R02,study_runs/V100_P0_NANO_I05_R02/checkpoint/6a0cf4c7c8ae4eb38239a2d32552fcef/code.py,code.py,.py,8323,63ab1350d501ff4237fce96c58ae0f5765f89efa48412413f35eaf787d0c18fb,2026-07-18T12:59:17,True,True,False,False,True,False,False,True,False,False,False,"101, 202, 303, 404, 505 || seed, data_split=split) || seed, split=split) || seed, train_frac=train_frac, test_frac=1.0 - train_frac, random_state=seed)"
study_runs,V100_P0_NANO_I05_R02,study_runs/V100_P0_NANO_I05_R02/checkpoint/7f8daae4290c42b58639fe8324dbb6f1/code.py,code.py,.py,6533,872522694a0c46b2ee590019b6c300d8f5341cfb94780535834e768f3e30ecca,2026-07-18T12:49:26,True,True,False,False,False,False,True,True,False,False,True,"seed, holdout_fraction=0.2)   || {seed}')"
study_runs,V100_P0_NANO_I05_R02,study_runs/V100_P0_NANO_I05_R02/checkpoint/9f50d12e74004c45b69f3ea3046d01a1/code.py,code.py,.py,2,7eb70257593da06f682a3ddda54a9d260d4fc514f645237f5ca74b08f8da61a6,2026-07-18T12:45:12,True,False,False,False,False,False,False,False,False,False,False,
study_runs,V100_P0_NANO_I05_R02,study_runs/V100_P0_NANO_I05_R02/checkpoint/a995542cfc4648cd844976c6d425c697/code.py,code.py,.py,403,0f829ff87427a284760e01353a23ca8ce523062b9f6c3b60d6ecff244907a224,2026-07-18T13:15:50,True,True,False,False,True,False,False,True,False,False,True,
study_runs,V100_P0_NANO_I05_R02,study_runs/V100_P0_NANO_I05_R02/checkpoint/a995542cfc4648cd844976c6d425c697_iteration1/code.py,code.py,.py,2,7eb70257593da06f682a3ddda54a9d260d4fc514f645237f5ca74b08f8da61a6,2026-07-18T13:29:17,True,False,False,False,False,False,False,False,False,False,False,
study_runs,V100_P0_NANO_I05_R02,study_runs/V100_P0_NANO_I05_R02/checkpoint/a995542cfc4648cd844976c6d425c697_iteration2/code.py,code.py,.py,5,5a89d628db34315050e0c77d6d3dd343493b05f2fbbf4a1c40f2e6c9360f9a0b,2026-07-18T13:29:17,True,False,False,False,False,False,False,False,False,False,False,
study_runs,V100_P0_NANO_I05_R02,study_runs/V100_P0_NANO_I05_R02/checkpoint/a995542cfc4648cd844976c6d425c697_seed/code.py,code.py,.py,403,0f829ff87427a284760e01353a23ca8ce523062b9f6c3b60d6ecff244907a224,2026-07-18T13:23:11,True,True,False,False,True,False,False,True,False,False,True,
study_runs,V100_P0_NANO_I05_R02,study_runs/V100_P0_NANO_I05_R02/checkpoint/e0bea02a06514b2fa4d67a287ac91970/code.py,code.py,.py,2,7eb70257593da06f682a3ddda54a9d260d4fc514f645237f5ca74b08f8da61a6,2026-07-18T12:53:07,True,False,False,False,False,False,False,False,False,False,False,
study_runs,V100_P0_NANO_I05_R02,study_runs/V100_P0_NANO_I05_R02/checkpoint/fec54f7d5aaa42149ff920b41b1df308/code.py,code.py,.py,6053,479844b292328567f3121c84ac812a9b58e2d58d6d6bb23326d2c846f76166ea,2026-07-18T13:05:25,True,True,False,False,True,False,False,True,False,False,False,"101, 202, 303, 404, 505 || seed, data_split=split) || seed, train_frac=0.8, test_frac=0.2, random_state=seed)"
study_runs,V100_P0_NANO_I05_R03,study_runs/V100_P0_NANO_I05_R03/checkpoint/486290c3b99d4bf2b034fa3fe742687a/code.py,code.py,.py,2,7eb70257593da06f682a3ddda54a9d260d4fc514f645237f5ca74b08f8da61a6,2026-07-18T19:37:55,True,False,False,False,False,False,False,False,False,False,False,
study_runs,V100_P0_NANO_I05_R03,study_runs/V100_P0_NANO_I05_R03/checkpoint/4e0b53f4ed7545aa9e894ae21133ab32/code.py,code.py,.py,4116,c3deb5cc5f5c7f6496d791761d27c8cfc2a9020283b51203e0d625de0c9bdf50,2026-07-18T19:53:36,True,True,False,False,True,False,False,True,False,False,False,_generate_seeds(5) || seed)   || set()
study_runs,V100_P0_NANO_I05_R03,study_runs/V100_P0_NANO_I05_R03/checkpoint/8d9208e09373435ba578757c5b440ede/code.py,code.py,.py,4913,90d55c5600348797412486c5d0d2a14601b668424fdb289ba6319c77a0b60cfe,2026-07-18T19:47:34,True,True,False,False,True,False,False,True,False,False,False,_generate_seeds(5) || seed)   || set()
study_runs,V100_P0_NANO_I05_R03,study_runs/V100_P0_NANO_I05_R03/checkpoint/8d9208e09373435ba578757c5b440ede_iteration1/code.py,code.py,.py,2,7eb70257593da06f682a3ddda54a9d260d4fc514f645237f5ca74b08f8da61a6,2026-07-18T20:17:44,True,False,False,False,False,False,False,False,False,False,False,
study_runs,V100_P0_NANO_I05_R03,study_runs/V100_P0_NANO_I05_R03/checkpoint/8d9208e09373435ba578757c5b440ede_iteration2/code.py,code.py,.py,20294,1bc04f2656fa00910fa4f393e4313bdbf7d37fcd2ab52820a72f360a4dd7588a,2026-07-18T20:17:44,True,True,True,True,True,True,True,True,True,False,True,"101, 202, 303, 404, 505 || pd.read_csv(per_seed_path)"
study_runs,V100_P0_NANO_I05_R03,study_runs/V100_P0_NANO_I05_R03/checkpoint/8d9208e09373435ba578757c5b440ede_seed/code.py,code.py,.py,4913,90d55c5600348797412486c5d0d2a14601b668424fdb289ba6319c77a0b60cfe,2026-07-18T20:01:48,True,True,False,False,True,False,False,True,False,False,False,_generate_seeds(5) || seed)   || set()
study_runs,V100_P0_NANO_I05_R03,study_runs/V100_P0_NANO_I05_R03/checkpoint/a6f72ebb959b4052aaaea5e72863ba3a/code.py,code.py,.py,3815,0d6cd6957e69d124806d994ba3783fd2c5f270234eea719adf9ffe3c81c6f131,2026-07-18T19:33:37,True,True,False,False,True,False,False,True,False,False,False,""", seed) || "", seeds) || 111, 222, 333, 444, 555 || ["
study_runs,V100_P0_NANO_I05_R03,study_runs/V100_P0_NANO_I05_R03/checkpoint/a97a1f97436f49a0a5af44b32a2bcff3/code.py,code.py,.py,4590,851ecacbea5d2eab8ad91dadbab7b75f1e5aafe5fe0f19ea92353bef7c2d21fa,2026-07-18T19:43:00,True,True,False,False,True,False,False,True,False,False,False,_generate_seeds(5) || seed)   || set()
study_runs,V100_P0_NANO_I05_R03,study_runs/V100_P0_NANO_I05_R03/checkpoint/c2fc1e3012ca49f3b92a8e1a68f1633c/code.py,code.py,.py,5055,03ae9c7b6d9e4341a22cc5b501328a2976bd25a95deb3cf35c32fb4b4ed4a136,2026-07-18T19:22:26,True,True,False,False,True,False,False,True,False,False,False,"42, 123, 999, 2024, 7 || seed)  "
study_runs,V100_P0_NANO_I05_R03,study_runs/V100_P0_NANO_I05_R03/checkpoint/f296a4292c7e41d99f0f316c7fbc1938/code.py,code.py,.py,4047,e4a009a4096c3ba4f40c9bff9d1fa7b60c67e9e6353694d1d4dced927baf081d,2026-07-18T19:26:53,True,True,False,False,True,False,False,True,False,False,False,""", seed) || "", seeds) || 111, 222, 333, 444, 555 || ["
study_runs,V100_P0_NANO_I05_R03_FAILED_ENCODING,study_runs/V100_P0_NANO_I05_R03_FAILED_ENCODING/checkpoint/8eb64cee5522418d95327cda648d6d56/code.py,code.py,.py,2,7eb70257593da06f682a3ddda54a9d260d4fc514f645237f5ca74b08f8da61a6,2026-07-18T12:55:03,True,False,False,False,False,False,False,False,False,False,False,
study_runs,V100_P0_NANO_I05_R03_FAILED_ENCODING,study_runs/V100_P0_NANO_I05_R03_FAILED_ENCODING/checkpoint/f46abc3a273745359a4118d8875a3ca0/code.py,code.py,.py,4116,689bfac852124b4091e24a71ab47be96eafe91e132c438e5a583db679c21dffd,2026-07-18T12:55:03,True,True,False,False,True,False,False,True,False,True,True,"0, 1, 2, 3, 4 || s,"
study_runs,V100_P0_NANO_I05_R03_FAILED_ENCODING,study_runs/V100_P0_NANO_I05_R03_FAILED_ENCODING/checkpoint/f5a9b25ca5d54182b12872d8bc09948c/code.py,code.py,.py,2,7eb70257593da06f682a3ddda54a9d260d4fc514f645237f5ca74b08f8da61a6,2026-07-18T12:50:45,True,False,False,False,False,False,False,False,False,False,False,
study_runs,V100_P0_NANO_I05_R04,study_runs/V100_P0_NANO_I05_R04/checkpoint/3b4ae39deb8149c993ec76ca773da586/code.py,code.py,.py,232,7bbaa90effdd030cc714faa75637ac81d047d328cac4b9709b3632a76fa7f1ec,2026-07-18T14:28:08,True,False,False,False,False,False,False,False,False,False,False,
study_runs,V100_P0_NANO_I05_R04,study_runs/V100_P0_NANO_I05_R04/checkpoint/3b4ae39deb8149c993ec76ca773da586_iteration1/code.py,code.py,.py,6857,b6bf0930f6da28589099a62ddbc27dcb586c425e9b92badc2fc30878089abc33,2026-07-18T15:09:03,True,True,True,True,True,True,True,True,True,False,False,"42, 1234, 2021, 7, 999 || seed) || {seed}: {e}')"
study_runs,V100_P0_NANO_I05_R04,study_runs/V100_P0_NANO_I05_R04/checkpoint/3b4ae39deb8149c993ec76ca773da586_iteration2/code.py,code.py,.py,2,7eb70257593da06f682a3ddda54a9d260d4fc514f645237f5ca74b08f8da61a6,2026-07-18T15:09:03,True,False,False,False,False,False,False,False,False,False,False,
study_runs,V100_P0_NANO_I05_R04,study_runs/V100_P0_NANO_I05_R04/checkpoint/3b4ae39deb8149c993ec76ca773da586_seed/code.py,code.py,.py,232,7bbaa90effdd030cc714faa75637ac81d047d328cac4b9709b3632a76fa7f1ec,2026-07-18T15:03:12,True,False,False,False,False,False,False,False,False,False,False,
study_runs,V100_P0_NANO_I05_R04,study_runs/V100_P0_NANO_I05_R04/checkpoint/3ecc62b455c7443d92d0437c91edc6ee/code.py,code.py,.py,4962,c22b2a31026d0a768721629243eff67bffbcd933b603f31aedc2bd3d74513148,2026-07-18T14:55:53,True,True,False,False,True,False,False,True,True,False,False,"int(x[0 || {seed}, P@5={p_at_5}\n"")"
study_runs,V100_P0_NANO_I05_R04,study_runs/V100_P0_NANO_I05_R04/checkpoint/8257a3aa26de45f0a984d1d96ef0e882/code.py,code.py,.py,485,61cf8d4dd402b91e90113e3209303359dc9556c20b9de2ac66993fd5f5e335cb,2026-07-18T14:52:38,True,True,False,False,True,False,False,False,False,False,True,
study_runs,V100_P0_NANO_I05_R04,study_runs/V100_P0_NANO_I05_R04/checkpoint/9642759e08674a6b860c0e23aed29c86/code.py,code.py,.py,2,7eb70257593da06f682a3ddda54a9d260d4fc514f645237f5ca74b08f8da61a6,2026-07-18T14:33:46,True,False,False,False,False,False,False,False,False,False,False,
study_runs,V100_P0_NANO_I05_R04,study_runs/V100_P0_NANO_I05_R04/checkpoint/9c3a7837378b4a1f92dd80946bf44879/code.py,code.py,.py,4475,583155184b60cae546d13402f0541c940c9a7fd9a57a78b0f03a6a1d80a0c332,2026-07-18T14:41:02,True,True,False,False,True,False,False,False,True,False,False,"42, 123, 777, 2020, 9999 || seed, test_size=0.2, by_user=True) || train_and_evaluate(dataset, seeds, k=5)"
study_runs,V100_P0_NANO_I05_R04,study_runs/V100_P0_NANO_I05_R04/checkpoint/ac16e7ee948c45acaf67b8fe85aeee61/code.py,code.py,.py,2972,074a0ca9c13d9c070bf5c9ed366b5a0e89eee9d019c4df55c2a66999498c3728,2026-07-18T14:22:15,True,True,False,False,False,True,False,True,False,False,True,"0, 1, 2, 3, 4 || holdout.process(dataset)"
study_runs,V100_P0_NANO_I05_R04,study_runs/V100_P0_NANO_I05_R04/checkpoint/f107f507af2a444b80ef29f76ee8fa68/code.py,code.py,.py,7312,d527c5acd90f9633c6d00d171f2ec4aa84fadc24256e0ec3736c2f183c6e3eec,2026-07-18T14:44:58,True,True,False,False,True,False,False,False,True,False,False,"42, 123, 777, 2020, 9999 || holdout.process(dataset)"
study_runs,V100_P0_NANO_I05_R05,study_runs/V100_P0_NANO_I05_R05/checkpoint/14beb724464b43b4905b1dec47bc8b12/code.py,code.py,.py,4483,731f59ea8c66608ab2ece3f94f8846fefcdc9f73b6d8981f3829544eb195eb25,2026-07-18T19:23:23,True,True,False,False,False,False,True,True,True,False,False,"0,1,2,3,4 || seed)"
study_runs,V100_P0_NANO_I05_R05,study_runs/V100_P0_NANO_I05_R05/checkpoint/2397a4fed26e46eeacb4810f22e22335/code.py,code.py,.py,4008,4aa8eb7cc4964551e5e0226a9e58bb4ed6509d4a010b9c639d4fe6601d2d84a9,2026-07-18T19:26:42,True,True,False,False,True,False,False,True,False,False,False,"42, 123, 7, 99, 2024"
study_runs,V100_P0_NANO_I05_R05,study_runs/V100_P0_NANO_I05_R05/checkpoint/2786e52f993e4f2599f4911f55149498/code.py,code.py,.py,8512,d76303300d3644ace561c70c12255931309f5614323ca9c59dcfe1c6a60de208,2026-07-18T19:47:55,True,True,False,False,True,False,False,True,False,False,False,"42, 123, 999, 2024, 7 || rng.randint(0, 1_000_000_000))   || seed, train_frac=0.8)"
study_runs,V100_P0_NANO_I05_R05,study_runs/V100_P0_NANO_I05_R05/checkpoint/78db94a53eae45c0a446c4f86c2c0efb/code.py,code.py,.py,190,a35b3d3437a213ca6171c164d9130e6e07b205f1b6c1914de44466c57cd9ebac,2026-07-18T19:30:35,True,False,False,False,False,False,False,False,False,False,False,
study_runs,V100_P0_NANO_I05_R05,study_runs/V100_P0_NANO_I05_R05/checkpoint/78db94a53eae45c0a446c4f86c2c0efb_iteration1/code.py,code.py,.py,11352,e4a97bc4ec2b60a898b45d95128a44dc1ba08e0d6afa88353b4e8b4d3235160f,2026-07-18T20:14:10,True,True,True,True,True,True,True,True,True,False,False,"seeds or [42, 123, 999, 7, 2024"
study_runs,V100_P0_NANO_I05_R05,study_runs/V100_P0_NANO_I05_R05/checkpoint/78db94a53eae45c0a446c4f86c2c0efb_iteration2/code.py,code.py,.py,14277,e04e684492108f02b9f4c9b4604332e1c6c114e4f63cf7906f60eac6d25964a5,2026-07-18T20:14:10,True,True,True,True,True,True,True,True,True,False,False,"42, 123, 999, 7, 2024 || [ || sorted(sub['seed'"
study_runs,V100_P0_NANO_I05_R05,study_runs/V100_P0_NANO_I05_R05/checkpoint/78db94a53eae45c0a446c4f86c2c0efb_seed/code.py,code.py,.py,190,a35b3d3437a213ca6171c164d9130e6e07b205f1b6c1914de44466c57cd9ebac,2026-07-18T20:06:47,True,False,False,False,False,False,False,False,False,False,False,
study_runs,V100_P0_NANO_I05_R05,study_runs/V100_P0_NANO_I05_R05/checkpoint/8d2411dc05cd47918a939cb4865fa049/code.py,code.py,.py,3323,8f1ee1674014f86de35488309cd544a8e1da1022d46f35c9ce164215970e30b9,2026-07-18T19:18:01,True,True,False,False,False,True,False,True,True,False,False,"42, 123, 7, 99, 2024"
study_runs,V100_P0_NANO_I05_R05,study_runs/V100_P0_NANO_I05_R05/checkpoint/961d5f9febae499fa6037ebdd89d6c7c/code.py,code.py,.py,7246,c42d592425dbbc820b2cba6e98c876386e1d24bd172dd2b28a97654290a1d4ea,2026-07-18T19:52:21,True,True,False,False,True,False,False,True,False,False,True,"101, 202, 303, 404, 505 || None  "
study_runs,V100_P0_NANO_I05_R05,study_runs/V100_P0_NANO_I05_R05/checkpoint/e3afd2d32d4d490cbe1059b23c2d0f95/code.py,code.py,.py,4176,da071b66912de019ff0a119f649843dcdde08a36e1b5e480321ec046a8ae63a1,2026-07-18T19:35:31,True,True,False,False,True,False,False,True,False,False,False,"42, 123, 999, 2024, 7 || None || float('nan') || float(v) || seed_res['NDCG@10'"
study_runs,V100_P0_NANO_I05_R05_FAILED_ENCODING,study_runs/V100_P0_NANO_I05_R05_FAILED_ENCODING/checkpoint/06c95ab15297452f897b862fe3c0937b/code.py,code.py,.py,6004,bba057f6ffa9d534ef42e3047fbca62c7c7856f197c5993e10acacd29008c58d,2026-07-18T14:50:49,True,True,False,False,True,False,False,False,True,False,False,12345 + i for i in range(5)
study_runs,V100_P0_NANO_I05_R05_FAILED_ENCODING,study_runs/V100_P0_NANO_I05_R05_FAILED_ENCODING/checkpoint/0ea1bb0e10f7452db4976cbdbbe6cf88/code.py,code.py,.py,8104,563ca58ea6759aab19f52db0889c3664d83226e3198285686fec0f19fc31430c,2026-07-18T14:50:49,True,True,False,False,True,False,False,True,True,False,False,12345 + i for i in range(5) || seed)
study_runs,V100_P0_NANO_I05_R05_FAILED_ENCODING,study_runs/V100_P0_NANO_I05_R05_FAILED_ENCODING/checkpoint/7cfc165e4470472fa50f1c09bc44b601/code.py,code.py,.py,7437,50e8be1921f90e79107738d7770af5f9ba76aa3f61e675df756651936f8ac7b0,2026-07-18T14:46:04,True,True,False,False,True,False,True,False,True,False,False,12345 || base_seed + i for i in range(5) || seed || seed)
study_runs,V100_P0_NANO_I05_R05_FAILED_ENCODING,study_runs/V100_P0_NANO_I05_R05_FAILED_ENCODING/checkpoint/a6ef486ee30344d2a451cd0fc361fa1c/code.py,code.py,.py,3886,c566c3b7660f93dca16da0b22e10f1242e2c0473273353d2a23aa83293dbf197,2026-07-18T14:40:59,True,True,False,False,True,False,False,False,True,False,False,"123, 42, 7, 999, 555"
study_runs,V100_P0_NANO_I05_R05_FAILED_ENCODING,study_runs/V100_P0_NANO_I05_R05_FAILED_ENCODING/checkpoint/bba1cdc8d7a442cba9b557df959de3e0/code.py,code.py,.py,8916,ceb4454a10899ea6e2786f6be84513a993aabf8b537bc2d28aa548fc786791eb,2026-07-18T14:14:52,True,True,False,False,True,False,False,True,True,False,True,"0): || 0, 1, 2, 3, 4 || seed || seed)"
study_runs,V100_P0_NANO_I05_R05_FAILED_ENCODING,study_runs/V100_P0_NANO_I05_R05_FAILED_ENCODING/checkpoint/bec77e6418724bfba6401700bd54e08b/code.py,code.py,.py,843,47d54578917e797c303cd4c8f64e6c860a2bb3ad2f096856b536de397c517b2a,2026-07-18T14:28:51,True,False,False,False,False,False,False,True,False,False,False,
study_runs,V100_P0_NANO_I05_R05_FAILED_ENCODING,study_runs/V100_P0_NANO_I05_R05_FAILED_ENCODING/checkpoint/d864b5380c18428db014409543aa4c0d/code.py,code.py,.py,3380,194be56ad0b26bd58079e565dfe0ad5329c690bdcb3e6fd633ddd0c221682e45,2026-07-18T14:35:36,True,True,False,False,True,False,False,False,True,False,False,"123, 42, 7, 999, 555"
study_runs,V100_P1_NANO_I05_R01,study_runs/V100_P1_NANO_I05_R01/checkpoint/3b4cabf830f444f891472b9b753af650/code.py,code.py,.py,5073,81690fe72b6d867f584945fdda5717bc4d24db5b3673b16b297acff5c724da2f,2026-07-18T21:46:20,True,True,False,False,True,False,False,False,True,False,False,"101, 202, 303, 404, 505"
study_runs,V100_P1_NANO_I05_R01,study_runs/V100_P1_NANO_I05_R01/checkpoint/47a7cea2b5264a00867ae995e92e95f1/code.py,code.py,.py,166,8190e614f51ac43e575fe9526840b31bb84ad0cfc24bb8fcaed2453075c44507,2026-07-18T21:24:23,True,False,False,False,False,False,False,False,False,False,True,
study_runs,V100_P1_NANO_I05_R01,study_runs/V100_P1_NANO_I05_R01/checkpoint/91095a883b894f97bf4b02110d12b880/code.py,code.py,.py,2466,50a08156dcc310bae5c280ed6bd265055a69ad177983e1e94eb79e16796ce465,2026-07-18T21:11:19,True,True,False,False,False,False,False,True,False,False,True,42
study_runs,V100_P1_NANO_I05_R01,study_runs/V100_P1_NANO_I05_R01/checkpoint/a5ac2c0ff24b457bae5445a51708e653/code.py,code.py,.py,3994,11e2c472f2aa2f805ba4f9e1baf995f0f9d270267f8049ac3ed8d3d51f6b58b4,2026-07-18T21:29:27,True,True,False,False,True,False,False,False,True,False,False,"101, 202, 303, 404, 505"
study_runs,V100_P1_NANO_I05_R01,study_runs/V100_P1_NANO_I05_R01/checkpoint/a5ac2c0ff24b457bae5445a51708e653_iteration1/code.py,code.py,.py,11227,c20e431811dbdc3543c07ef22d969bf4c2fc70ddc37c3161259134e1ee9fbfe5,2026-07-18T22:01:45,True,True,True,True,True,True,True,True,True,False,False,"0, 1, 2, 3, 4 || {s}"")"
study_runs,V100_P1_NANO_I05_R01,study_runs/V100_P1_NANO_I05_R01/checkpoint/a5ac2c0ff24b457bae5445a51708e653_iteration2/code.py,code.py,.py,2,7eb70257593da06f682a3ddda54a9d260d4fc514f645237f5ca74b08f8da61a6,2026-07-18T22:01:45,True,False,False,False,False,False,False,False,False,False,False,
study_runs,V100_P1_NANO_I05_R01,study_runs/V100_P1_NANO_I05_R01/checkpoint/a5ac2c0ff24b457bae5445a51708e653_seed/code.py,code.py,.py,3994,11e2c472f2aa2f805ba4f9e1baf995f0f9d270267f8049ac3ed8d3d51f6b58b4,2026-07-18T21:54:46,True,True,False,False,True,False,False,False,True,False,False,"101, 202, 303, 404, 505"
study_runs,V100_P1_NANO_I05_R01,study_runs/V100_P1_NANO_I05_R01/checkpoint/db73e01882ec4d9482a29901e1c1fea5/code.py,code.py,.py,3419,490452ac599e34e7e20af79b57112c8d70fca7793b9d8156f0a578ef8a7ab8c9,2026-07-18T21:13:54,True,True,False,False,True,False,False,False,False,False,False,"101, 202, 303, 404, 505"
study_runs,V100_P1_NANO_I05_R01,study_runs/V100_P1_NANO_I05_R01/checkpoint/e9854c7a846546f5b0f633d39fcb3c82/code.py,code.py,.py,4030,62f11e261d863abd51450bf2788edf2faf28ce2cd0921ddfdbf8161194d74155,2026-07-18T21:34:00,True,True,False,False,True,False,False,False,True,False,False,"101, 202, 303, 404, 505 || SEEDS || {s}, precision@10={v}\n"")"
study_runs,V100_P1_NANO_I05_R01,study_runs/V100_P1_NANO_I05_R01/checkpoint/f24ec75a21744db981947386cf39b1d4/code.py,code.py,.py,3192,74662e8d0846aebaac04da83b221e2d1fa70deecfabb7cea5d3d2f9a7fefd38a,2026-07-18T21:04:56,True,True,False,False,True,False,False,True,False,False,False,"11, 22, 33, 44, 55"
study_runs,V100_P1_NANO_I05_R02,study_runs/V100_P1_NANO_I05_R02/checkpoint/2c90355f128f45a9978c71cbc8027819/code.py,code.py,.py,2,7eb70257593da06f682a3ddda54a9d260d4fc514f645237f5ca74b08f8da61a6,2026-07-18T21:28:46,True,False,False,False,False,False,False,False,False,False,False,
study_runs,V100_P1_NANO_I05_R02,study_runs/V100_P1_NANO_I05_R02/checkpoint/2c90355f128f45a9978c71cbc8027819_iteration1/code.py,code.py,.py,9310,e80f72c4aa796cbfbb98343e4f6d39883718f2fae55451bdf9b892c94dfd6908,2026-07-18T21:49:07,True,True,False,True,False,True,True,True,True,False,True,"0, 1, 2, 3, 4"
study_runs,V100_P1_NANO_I05_R02,study_runs/V100_P1_NANO_I05_R02/checkpoint/2c90355f128f45a9978c71cbc8027819_iteration2/code.py,code.py,.py,85,872ad6061bd060229ac6a62e563c8a7ecc5451728edd0864a6aa9841cf16ae38,2026-07-18T21:49:07,True,False,False,False,False,False,False,False,False,False,True,
study_runs,V100_P1_NANO_I05_R02,study_runs/V100_P1_NANO_I05_R02/checkpoint/2c90355f128f45a9978c71cbc8027819_seed/code.py,code.py,.py,2,7eb70257593da06f682a3ddda54a9d260d4fc514f645237f5ca74b08f8da61a6,2026-07-18T21:43:11,True,False,False,False,False,False,False,False,False,False,False,
study_runs,V100_P1_NANO_I05_R02,study_runs/V100_P1_NANO_I05_R02/checkpoint/37c0775b6dca4993a0cf77c7a347e61b/code.py,code.py,.py,9492,33f606f30975649cc9bd40a7dfe9482c43779fd46cfd67afa4e390b94cfd2ca2,2026-07-18T21:06:30,True,True,False,False,True,False,False,True,True,False,False,"0, 1, 2, 3, 4 || seed)"
study_runs,V100_P1_NANO_I05_R02,study_runs/V100_P1_NANO_I05_R02/checkpoint/39b2b05dfd60419683b3976abf10082a/code.py,code.py,.py,3820,424403cf53bb35a636c2d84c9b003ff2aba79c79c398ed910198d41ed13189f0,2026-07-18T21:25:13,True,True,False,False,True,False,False,False,True,False,True,"0.20 + (seeds.index(seed) * 0.01) || 1001, 2002, 3003, 4004, 5005 || None || m.get('precision_at_10') or m.get('precision@10') or m.get('precision10')"
study_runs,V100_P1_NANO_I05_R02,study_runs/V100_P1_NANO_I05_R02/checkpoint/3fdb417208cc4974ac1981132e1c4b6f/code.py,code.py,.py,8280,e0bad305d0b1c70259d549e738ccc88b4209be4a15b1e89f809ff4c617d4c810,2026-07-18T21:34:48,True,True,False,False,True,False,False,False,True,False,False,"1001, 2002, 3003, 4004, 5005"
study_runs,V100_P1_NANO_I05_R02,study_runs/V100_P1_NANO_I05_R02/checkpoint/401e11df85cb4e67ad5a8e3f5e3b9b62/code.py,code.py,.py,4649,55243fa2ea491f3ba791b3023a0dfb6ca89baf1cbf13511a90301750a8999dd2,2026-07-18T21:19:07,True,True,False,False,False,False,False,False,True,False,True,"0.15 + (seed % 1000) * 0.0005   || 1001, 2002, 3003, 4004, 5005 || None || [ || float(m.get(key))"
study_runs,V100_P1_NANO_I05_R02,study_runs/V100_P1_NANO_I05_R02/checkpoint/bd73efc9cdab45709d3c1be3a3a740ed/code.py,code.py,.py,4221,8165d816f3bd694484056693fe860798be1c58f575da0cb48622ab1fa95d8ba9,2026-07-18T21:10:39,True,True,False,False,True,False,False,True,True,False,True,"0, 1, 2, 3, 4 || 0.20 + (seed * 0.01) || 0.65 + (seed * 0.02) || None || m.get('ndcg_at_10') or m.get('ndcg@10') or m.get('ndcg10') || m.get('precision_at_10') or m.get('precision@10') or m.get('precision10')"
study_runs,V100_P1_NANO_I05_R02,study_runs/V100_P1_NANO_I05_R02/checkpoint/fb28f4b4739d4ea9887ddba29d25f141/code.py,code.py,.py,5129,6ae75da8c556882061c3d5574eb1e6a00a1b3151ce740276631e3edca98abef1,2026-07-18T21:14:38,True,True,False,False,True,False,False,False,True,False,True,"0.15 + (seed % 1000) * 0.0005   || 1001, 2002, 3003, 4004, 5005 || None || [ || float(m.get(key))"
study_runs,V100_P1_NANO_I05_R03,study_runs/V100_P1_NANO_I05_R03/checkpoint/6f1d0f4e2ffa4fdd96f993603e136fa2/code.py,code.py,.py,131,6bbff00caa1f8e34245ed5b2e6a822a2c9f233d834dcb9b5f5d0298647fba7bb,2026-07-19T14:02:10,True,False,False,False,False,False,False,False,False,False,True,
study_runs,V100_P1_NANO_I05_R03,study_runs/V100_P1_NANO_I05_R03/checkpoint/7365a8beb6ee4029b5ae1b99cfe9a957/code.py,code.py,.py,3763,e9a865c8a5a331534eec3b50b8cbab1468f64b1ba2adb575723236b41c79682e,2026-07-19T14:27:48,True,False,False,True,True,False,False,True,False,False,False,"0, 1, 2, 3, 4 || seed) || {seed}: NDCG@{K}={ndcg:.4f}"")"
study_runs,V100_P1_NANO_I05_R03,study_runs/V100_P1_NANO_I05_R03/checkpoint/8676fcf9d5a649d1a9d6d65edaa7437e/code.py,code.py,.py,2975,1af14224d83b0e951965b09c476461e89b0665b776e6f039b0d5a31449918622,2026-07-19T14:14:45,True,False,False,True,True,False,False,True,False,False,False,"0, 1, 2, 3, 4 || {seed} NDCG@{K}={ndcg:.4f}"")"
study_runs,V100_P1_NANO_I05_R03,study_runs/V100_P1_NANO_I05_R03/checkpoint/8676fcf9d5a649d1a9d6d65edaa7437e_iteration1/code.py,code.py,.py,157,46ee23159416ab3d7978c13223f68076c57927f7521e896853cdaadd785ef617,2026-07-19T14:38:04,True,False,False,False,False,False,False,False,False,False,True,
study_runs,V100_P1_NANO_I05_R03,study_runs/V100_P1_NANO_I05_R03/checkpoint/8676fcf9d5a649d1a9d6d65edaa7437e_iteration2/code.py,code.py,.py,7819,df8eb676e2241f1aa7c8a1a8b4e0e372a74f5adb340b55e49b42c47f2a8bcdc7,2026-07-19T14:38:04,True,False,False,True,True,True,False,True,True,False,False,"0, 1, 2, 3, 4"
study_runs,V100_P1_NANO_I05_R03,study_runs/V100_P1_NANO_I05_R03/checkpoint/8676fcf9d5a649d1a9d6d65edaa7437e_seed/code.py,code.py,.py,2975,1af14224d83b0e951965b09c476461e89b0665b776e6f039b0d5a31449918622,2026-07-19T14:31:51,True,False,False,True,True,False,False,True,False,False,False,"0, 1, 2, 3, 4 || {seed} NDCG@{K}={ndcg:.4f}"")"
study_runs,V100_P1_NANO_I05_R03,study_runs/V100_P1_NANO_I05_R03/checkpoint/af4eb4168ba0475fa720b6326b0f54cc/code.py,code.py,.py,3412,994f43f995f424e161512800b0546c39cbd7ae1344cfbfb58e41482b04ab654f,2026-07-19T14:18:57,True,False,False,True,True,False,False,True,False,False,False,"0, 1, 2, 3, 4 || {SEEDS[i"
study_runs,V100_P1_NANO_I05_R03,study_runs/V100_P1_NANO_I05_R03/checkpoint/d1f56c2275b34ba383c6bb1c40e6e642/code.py,code.py,.py,3588,2d3d1e791401a405e882f3c2ba86b959019e675a9db01480897a9613f01acb5a,2026-07-19T14:23:06,True,False,False,True,True,False,False,True,False,False,False,"0, 1, 2, 3, 4 || {seed} NDCG@{K}={ndcg:.4f}"" if ndcg is not None else f""Seed={seed}: no ndcg computed"") || {seed}: zero interactions after preprocessing; skipping."")"
study_runs,V100_P1_NANO_I05_R03,study_runs/V100_P1_NANO_I05_R03/checkpoint/e4f084130c49428fb4b9b62b0d10f0ee/code.py,code.py,.py,7067,d8b343090cd0a182580b8498fd8983a389c697497dd28233c2cf3eabaab9fac0,2026-07-19T13:57:02,True,False,False,True,False,False,False,True,True,False,False,"0, 1, 2, 3, 4 || seed) || {seed}: NDCG@{K}={ndcg:.4f}, Precision@{K}={prec:.4f}"")"
study_runs,V100_P1_NANO_I05_R03,study_runs/V100_P1_NANO_I05_R03/checkpoint/eac6baf5105942dc8d6dd201cdca4272/code.py,code.py,.py,4324,9b7e9c0e1fc9b8386187b1e5d32f02626f71a0a5bebaa94b3342d91999f6d647,2026-07-19T14:09:19,True,False,False,True,True,False,False,True,False,False,False,"0, 1, 2, 3, 4 || seed).reset_index(drop=True) || {} NDCG@{}={:.4f}"".format(seed, K, ndcg))"
study_runs,V100_P1_NANO_I05_R04,study_runs/V100_P1_NANO_I05_R04/checkpoint/4ea83e57bd63412ebe4ad84854db3d2d/code.py,code.py,.py,2,7eb70257593da06f682a3ddda54a9d260d4fc514f645237f5ca74b08f8da61a6,2026-07-19T14:27:49,True,False,False,False,False,False,False,False,False,False,False,
study_runs,V100_P1_NANO_I05_R04,study_runs/V100_P1_NANO_I05_R04/checkpoint/5880ed12fc7e45c5b4e17b8a4de6c6bd/code.py,code.py,.py,3251,d334610a8d931dd7aa9f903638a1fde2dcba3b00a87fef455ee5fe9b86892e60,2026-07-19T14:21:51,True,True,False,False,True,False,False,True,False,False,False,"0, 1, 2, 3, 4"
study_runs,V100_P1_NANO_I05_R04,study_runs/V100_P1_NANO_I05_R04/checkpoint/8fdabbdc2e6748ee99079d56c28cc80e/code.py,code.py,.py,4297,b6735432e66ab225af3079ae00bb9b55b1efc157e2a5e1b01032674dc7e6942b,2026-07-19T14:12:05,True,True,False,False,True,False,False,True,False,False,False,"0, 1, 2, 3, 4"
study_runs,V100_P1_NANO_I05_R04,study_runs/V100_P1_NANO_I05_R04/checkpoint/a27155e95ef34d039705effaacd940bf/code.py,code.py,.py,2443,d7bed8b81a849878a393f58f6f86bf5cd94f135fe2e5071dffd4917fb9446b22,2026-07-19T14:01:29,True,True,False,False,False,False,True,True,False,False,False,
study_runs,V100_P1_NANO_I05_R04,study_runs/V100_P1_NANO_I05_R04/checkpoint/ae8c3e2c8ff2442fa41d98ea422dadf2/code.py,code.py,.py,2808,5e440127ca153311e49ddf6387c1852ae00fd3db33badd916c4a9d46edb724eb,2026-07-19T13:57:04,True,True,False,False,True,False,False,True,False,False,True,"0, 1, 2, 3, 4"
study_runs,V100_P1_NANO_I05_R04,study_runs/V100_P1_NANO_I05_R04/checkpoint/ae8c3e2c8ff2442fa41d98ea422dadf2_iteration1/code.py,code.py,.py,2808,7bf5d206745a326689d83867bc46827f6c2751987fa38710821758f1f011518d,2026-07-19T14:38:45,True,True,False,False,True,False,False,True,False,False,True,"0, 1, 2, 3, 4"
study_runs,V100_P1_NANO_I05_R04,study_runs/V100_P1_NANO_I05_R04/checkpoint/ae8c3e2c8ff2442fa41d98ea422dadf2_iteration2/code.py,code.py,.py,5551,a6ab4bee2cb0f98bc08172d347aaa09ae27b79029a8c14b291934d44e76a4b07,2026-07-19T14:38:45,True,True,False,True,True,True,True,True,True,False,False,"42, 7, 123, 999, 2024 || run_omnirec(datasets=dataset, plan=plan, evaluator=evaluator)"
study_runs,V100_P1_NANO_I05_R04,study_runs/V100_P1_NANO_I05_R04/checkpoint/ae8c3e2c8ff2442fa41d98ea422dadf2_seed/code.py,code.py,.py,2808,5e440127ca153311e49ddf6387c1852ae00fd3db33badd916c4a9d46edb724eb,2026-07-19T14:32:36,True,True,False,False,True,False,False,True,False,False,True,"0, 1, 2, 3, 4"
study_runs,V100_P1_NANO_I05_R04,study_runs/V100_P1_NANO_I05_R04/checkpoint/ca184fa090bc4a638c5cc183bb75cbd2/code.py,code.py,.py,65,d6a8dbf888a3b943e4558740442fed4e2fe5e6885cb78883657ffa956c9de14d,2026-07-19T14:16:29,True,False,False,False,False,False,False,False,False,False,False,
study_runs,V100_P1_NANO_I05_R04,study_runs/V100_P1_NANO_I05_R04/checkpoint/d86c6f0c37c84c99ab783b21a1893882/code.py,code.py,.py,4123,2a2b22e278c1ed4aee838bae8c51558d667bed08ed5ed3034022be278c1c08a0,2026-07-19T14:06:44,True,True,False,False,True,False,False,True,False,False,False,"0, 1, 2, 3, 4"
study_runs,V100_P1_NANO_I05_R05,study_runs/V100_P1_NANO_I05_R05/checkpoint/0b6ea20ff97249468b6671093ae5cbe7/code.py,code.py,.py,2,7eb70257593da06f682a3ddda54a9d260d4fc514f645237f5ca74b08f8da61a6,2026-07-19T14:58:43,True,False,False,False,False,False,False,False,False,False,False,
study_runs,V100_P1_NANO_I05_R05,study_runs/V100_P1_NANO_I05_R05/checkpoint/138c2527bd0145a285ef4efeb98072fc/code.py,code.py,.py,2,7eb70257593da06f682a3ddda54a9d260d4fc514f645237f5ca74b08f8da61a6,2026-07-19T15:03:10,True,False,False,False,False,False,False,False,False,False,False,
study_runs,V100_P1_NANO_I05_R05,study_runs/V100_P1_NANO_I05_R05/checkpoint/279449ab8ca84cd4ba46c9645bcea2fc/code.py,code.py,.py,1598,8fe1b8cd531546af6d048dc777ccfd4ade6151feaab2dd8b20195a26dc40e3cc,2026-07-19T15:07:58,True,True,False,False,True,False,False,True,False,False,False,
study_runs,V100_P1_NANO_I05_R05,study_runs/V100_P1_NANO_I05_R05/checkpoint/77cee7c143e54342a6d595c53dab704e/code.py,code.py,.py,3531,a3d7e4a202985e023c93300e86255fc1d12a0315c51f03487472fc3dd54ad22e,2026-07-19T15:18:55,True,True,False,False,True,False,False,True,False,False,False,"42, 7, 123, 999, 2024 || {seed}"")"
study_runs,V100_P1_NANO_I05_R05,study_runs/V100_P1_NANO_I05_R05/checkpoint/98faa0d39dee486eb4051a7b9161c863/code.py,code.py,.py,3808,2a4c3e7b7a975c169d5a723f11688badea9512fcb2d04e26cba7a051872469ed,2026-07-19T15:14:30,True,True,False,False,True,False,False,True,False,False,False,"42, 7, 123, 999, 2024 || {seed}"")"
study_runs,V100_P1_NANO_I05_R05,study_runs/V100_P1_NANO_I05_R05/checkpoint/ba0fa73efc944c45a3c010b47ec9e66e/code.py,code.py,.py,2,7eb70257593da06f682a3ddda54a9d260d4fc514f645237f5ca74b08f8da61a6,2026-07-19T15:28:36,True,False,False,False,False,False,False,False,False,False,False,
study_runs,V100_P1_NANO_I05_R05,study_runs/V100_P1_NANO_I05_R05/checkpoint/ea772fb62ca04abfaff9d848a17f876b/code.py,code.py,.py,4199,cd80627219d167bac309674b63f2d3958ecbbf1a59127715557d44c592a048e4,2026-07-19T15:22:12,True,True,False,False,False,False,False,True,False,False,True,"42, 7, 123, 999, 2024 || random_state)   || seed"
study_runs,V100_P1_NANO_I05_R05,study_runs/V100_P1_NANO_I05_R05/checkpoint/ea772fb62ca04abfaff9d848a17f876b_iteration1/code.py,code.py,.py,305,a7e4eff30ffae83fba33818d05e10210d74ce36b09ea7d89fc03a276edb0187d,2026-07-19T15:40:15,True,True,False,False,True,True,True,False,False,False,True,
study_runs,V100_P1_NANO_I05_R05,study_runs/V100_P1_NANO_I05_R05/checkpoint/ea772fb62ca04abfaff9d848a17f876b_iteration2/code.py,code.py,.py,2,7eb70257593da06f682a3ddda54a9d260d4fc514f645237f5ca74b08f8da61a6,2026-07-19T15:40:15,True,False,False,False,False,False,False,False,False,False,False,
study_runs,V100_P1_NANO_I05_R05,study_runs/V100_P1_NANO_I05_R05/checkpoint/ea772fb62ca04abfaff9d848a17f876b_seed/code.py,code.py,.py,2,7eb70257593da06f682a3ddda54a9d260d4fc514f645237f5ca74b08f8da61a6,2026-07-19T15:33:20,True,False,False,False,False,False,False,False,False,False,False,
study_runs,V100_P2_GPT54_I05_R01,study_runs/V100_P2_GPT54_I05_R01/checkpoint/03f051567e904656ad105f8d25c57a32/code.py,code.py,.py,11193,635ca5f68c5f54bdfe2e75a38863398892e4ec63d0ab4dfc3b9452f47a1fcce7,2026-07-20T07:02:11,True,True,False,False,False,True,False,True,False,True,False,"7, 13, 29, 42, 87 || set() || set(existing_results[""seed"""
study_runs,V100_P2_GPT54_I05_R01,study_runs/V100_P2_GPT54_I05_R01/checkpoint/04f48b1f7cb64750af4875102ffebf1c/code.py,code.py,.py,9710,5eaf45735f4a3c95e06b894e3824a62d46fc0c281d08eba91a33102bd98b3eae,2026-07-20T07:09:22,True,True,False,False,False,True,False,True,True,False,False,42 || 42): || seed)
study_runs,V100_P2_GPT54_I05_R01,study_runs/V100_P2_GPT54_I05_R01/checkpoint/463f928539dd419880b3701067bf30e7/code.py,code.py,.py,10438,5ee623037be04d5ee3040e42b680ee9ff695473929bb3f93a79dca50cb64f00f,2026-07-20T07:07:27,True,True,False,False,False,True,False,True,True,False,False,42 || SEED) || seed).reset_index(drop=True)
study_runs,V100_P2_GPT54_I05_R01,study_runs/V100_P2_GPT54_I05_R01/checkpoint/689fdb467ed14a69b6b30f5e43651ab5/code.py,code.py,.py,6657,f1ec787ea47d0bb3ab08f5dee9ceecb6fb1d1a361d7a67d5bb9ae46de06d1d24,2026-07-20T06:59:05,True,True,False,False,False,True,False,True,False,True,False,42
study_runs,V100_P2_GPT54_I05_R01,study_runs/V100_P2_GPT54_I05_R01/checkpoint/a086ad426c6941eb80d27438d0dea564/code.py,code.py,.py,15542,11fde091e48b7ba745b7eda6bce155f13d90622aa08e339ab8d40280780afc45,2026-07-20T07:13:47,True,True,False,False,False,True,False,True,True,False,False,"42 || 42): || int(rng.randint(0, 2**31 - 1))).reset_index(drop=True) || seed)"
study_runs,V100_P2_GPT54_I05_R01,study_runs/V100_P2_GPT54_I05_R01/checkpoint/a086ad426c6941eb80d27438d0dea564_iteration1/code.py,code.py,.py,25163,0fdab66427f35369f8037d48abaeb11c039fbe6973ba9c42e2c2882473b69200,2026-07-20T07:19:43,True,True,True,True,True,True,True,True,True,False,False,"42): || 7, 13, 29, 42, 87 || int(rng.randint(0, 2**31 - 1))).reset_index(drop=True) || seed) || {seed} | k={cutoff} | nDCG={ndcg_value:.6f} | Precision={precision_value:.6f} | users={eval_users}"") || {seed}."")"
study_runs,V100_P2_GPT54_I05_R01,study_runs/V100_P2_GPT54_I05_R01/checkpoint/a086ad426c6941eb80d27438d0dea564_iteration2/code.py,code.py,.py,27077,c587b80898d9c50ea7bc6ff05eac300bd1a75b5e79a34c5ce3baee767bc9bbf8,2026-07-20T07:19:43,True,True,True,True,True,True,True,True,True,False,False,"42): || 7, 13, 29, 42, 87 || int(rng.randint(0, 2**31 - 1))).reset_index(drop=True) || seed) || {seed} | k={cutoff} | nDCG={ndcg_value:.6f} | Precision={precision_value:.6f} | users={eval_users}"") || {seed}."")"
study_runs,V100_P2_GPT54_I05_R01,study_runs/V100_P2_GPT54_I05_R01/checkpoint/a086ad426c6941eb80d27438d0dea564_seed/code.py,code.py,.py,15542,11fde091e48b7ba745b7eda6bce155f13d90622aa08e339ab8d40280780afc45,2026-07-20T07:16:32,True,True,False,False,False,True,False,True,True,False,False,"42 || 42): || int(rng.randint(0, 2**31 - 1))).reset_index(drop=True) || seed)"
study_runs,V100_P2_GPT54_I05_R01,study_runs/V100_P2_GPT54_I05_R01/checkpoint/cece619f54c64a789f73505345029ad7/code.py,code.py,.py,16413,93d27908a308a183ccae962da4086a6dba3a8c29b0386fb405358e725bd6abba,2026-07-20T07:11:48,True,True,False,False,False,False,True,True,True,False,False,42
study_runs,V100_P2_GPT54_I05_R01,study_runs/V100_P2_GPT54_I05_R01/checkpoint/f1c687701cc54963b2ac238df363b990/code.py,code.py,.py,9880,ba15d10adadcea1777df5e31c86d18d5c1105d2706ce7cf2155f740a9feb4df7,2026-07-20T07:04:42,True,True,False,False,False,True,False,True,True,True,False,42 || 42): || seed)
study_runs,V100_P2_GPT54_I05_R02,study_runs/V100_P2_GPT54_I05_R02/checkpoint/186a6cf6fb344c039e1dda2f750886cb/code.py,code.py,.py,9988,2b4c6145c7ef7c7ea23d7d22bd2ecd2e4eca5477ffa8639537157f434870112c,2026-07-20T07:04:49,True,True,False,False,True,False,False,True,False,False,False,"7, 13, 29, 42, 87 || {seed} NDCG@10={ndcg10:.6f} train={len(train_df)} test={len(test_df)} predictions={prediction_rows}"")"
study_runs,V100_P2_GPT54_I05_R02,study_runs/V100_P2_GPT54_I05_R02/checkpoint/6651066e85eb4800a816e0084cc13064/code.py,code.py,.py,17138,defb791e6cb6fa4f90577e4991aface18b2d7fb41733db506c40d575093b695a,2026-07-20T07:17:30,True,True,False,False,False,False,True,True,True,True,False,"7 || int(rng.integers(0, 2**31 - 1))) || seed)"
study_runs,V100_P2_GPT54_I05_R02,study_runs/V100_P2_GPT54_I05_R02/checkpoint/6ef757c13ca04289b1b7f6fa5c5b59a1/code.py,code.py,.py,12290,e79610ea1e7d50d9fe0ff8b6d694a5126961bfad2aa2662d2e7249fc218137e8,2026-07-20T07:13:14,True,True,False,False,False,True,False,True,True,False,False,"7 || int(rng.integers(0, 2**31 - 1))) || seed)"
study_runs,V100_P2_GPT54_I05_R02,study_runs/V100_P2_GPT54_I05_R02/checkpoint/73be1f73012545e9911ff1449851c2bb/code.py,code.py,.py,11498,3053a0c7f15d2bfa68977fe109452c282a21df94f3aafb51580454733b71933e,2026-07-20T07:08:22,True,True,False,False,False,False,True,True,True,False,True,"7 || int(rng.integers(0, 2**31 - 1))) || seed)"
study_runs,V100_P2_GPT54_I05_R02,study_runs/V100_P2_GPT54_I05_R02/checkpoint/76cc9e35c947427c9589f19b532a152f/code.py,code.py,.py,12144,f56a8ce4022afc00007d88291ddd5f091d132b104ae7e66827a50d45ee06f5a1,2026-07-20T07:10:51,True,True,False,False,False,False,True,True,True,False,False,"7 || int(rng.integers(0, 2**31 - 1))) || seed)"
study_runs,V100_P2_GPT54_I05_R02,study_runs/V100_P2_GPT54_I05_R02/checkpoint/d4dae55ea810493681b2ee614cb64fb6/code.py,code.py,.py,12228,34ae05bd5e4a45804ffff10f6e3a1554783229acce2a42b006e1c8d5dda83833,2026-07-20T07:14:52,True,True,False,False,False,False,True,True,True,False,False,"7 || int(rng.integers(0, 2**31 - 1))) || seed)"
study_runs,V100_P2_GPT54_I05_R02,study_runs/V100_P2_GPT54_I05_R02/checkpoint/d4dae55ea810493681b2ee614cb64fb6_iteration1/code.py,code.py,.py,27482,33d569c023d463527c13bdd0648fabbc9ab9a1612c61178617e3a32d9ca47834,2026-07-20T07:24:17,True,True,True,True,True,True,True,True,True,True,False,"7, 13, 29, 42, 87 || int(rng.integers(0, 2**31 - 1))) || seed) || {seed}"")"
study_runs,V100_P2_GPT54_I05_R02,study_runs/V100_P2_GPT54_I05_R02/checkpoint/d4dae55ea810493681b2ee614cb64fb6_iteration2/code.py,code.py,.py,25062,24eb81c5fcae8194501669e0183b379e01d1985a02a164d7fa11424533d8f389,2026-07-20T07:24:17,True,True,True,True,True,True,True,True,True,True,False,"7, 13, 29, 42, 87 || int(rng.integers(0, 2**31 - 1))) || seed) || {seed}, cutoff={cutoff}, ndcg={ndcg:.6f}, precision={precision:.6f}"") || {seed}."")"
study_runs,V100_P2_GPT54_I05_R02,study_runs/V100_P2_GPT54_I05_R02/checkpoint/d4dae55ea810493681b2ee614cb64fb6_seed/code.py,code.py,.py,12228,34ae05bd5e4a45804ffff10f6e3a1554783229acce2a42b006e1c8d5dda83833,2026-07-20T07:21:03,True,True,False,False,False,False,True,True,True,False,False,"7 || int(rng.integers(0, 2**31 - 1))) || seed)"
study_runs,V100_P2_GPT54_I05_R02,study_runs/V100_P2_GPT54_I05_R02/checkpoint/eddfabc04a024456a9f29f534aefed71/code.py,code.py,.py,11056,c6110482ea5ca7154cd48a28eb6e0a1a26b383df2c947b84c4ccb59f87056072,2026-07-20T07:01:26,True,True,False,False,False,True,False,True,True,True,False,"7, 13, 29, 42, 87 || ==')"
