root,run,relative_path,name,extension,bytes,sha256,modified,readable,rows,columns,parse_error
study_runs,PILOT_BAD_FILENAME_V100_P0_NANO_I05_R01,study_runs/PILOT_BAD_FILENAME_V100_P0_NANO_I05_R01/costs_log.csv,costs_log.csv,.csv,17276,f94bca196e86b52bb0e2fb34259637612f798373f6e3d25d6635688b7be22439,2026-07-18T01:17:46,True,181,Position|Timestamp|Model|Prompt Tokens|Prompt USD|Completion Tokens|Completion USD|Total Tokens|Total USD,
study_runs,PILOT_BAD_FILENAME_V100_P0_NANO_I05_R02,study_runs/PILOT_BAD_FILENAME_V100_P0_NANO_I05_R02/costs_log.csv,costs_log.csv,.csv,15593,673991f8cbde9d04804e582b448007bd0d61de74ddf7039ce3328e809f30f0f7,2026-07-18T08:03:10,True,163,Position|Timestamp|Model|Prompt Tokens|Prompt USD|Completion Tokens|Completion USD|Total Tokens|Total USD,
study_runs,PILOT_BAD_FILENAME_V100_P0_NANO_I05_R03,study_runs/PILOT_BAD_FILENAME_V100_P0_NANO_I05_R03/checkpoint/3088b22eb493465a82ae75afba943cc3/generated/prototype_precision_results.csv,prototype_precision_results.csv,.csv,249,d9348cac669aea5f0af76beda4f237f5d980ceae8312f3e4be81be4ccb7e83e5,2026-07-18T10:28:12,True,5,dataset|algorithm|seed|Recall@10,
study_runs,PILOT_BAD_FILENAME_V100_P0_NANO_I05_R03,study_runs/PILOT_BAD_FILENAME_V100_P0_NANO_I05_R03/checkpoint/471cd3e59f7e4ff38fc386479e829987/generated/prototype_precision_results.csv,prototype_precision_results.csv,.csv,271,c8f024f3fa1941ade3e5a4b46fb18c1c1a3d431bbdfe7c1ee185f7cd3b02277b,2026-07-18T10:10:50,True,5,dataset|algorithm|seed|Precision@5,
study_runs,PILOT_BAD_FILENAME_V100_P0_NANO_I05_R03,study_runs/PILOT_BAD_FILENAME_V100_P0_NANO_I05_R03/checkpoint/471cd3e59f7e4ff38fc386479e829987_seed/generated/prototype_precision_results.csv,prototype_precision_results.csv,.csv,251,3643b8dc790a3c97341e9611eacfdeaf00536f820df40cd22262cdcf3449c581,2026-07-18T10:40:46,True,5,dataset|algorithm|seed|Precision@5,
study_runs,PILOT_BAD_FILENAME_V100_P0_NANO_I05_R03,study_runs/PILOT_BAD_FILENAME_V100_P0_NANO_I05_R03/checkpoint/7c7aff516dc44e82bafcc25d1c7616c7/generated/prototype_precision_results.csv,prototype_precision_results.csv,.csv,251,3643b8dc790a3c97341e9611eacfdeaf00536f820df40cd22262cdcf3449c581,2026-07-18T10:34:47,True,5,dataset|algorithm|seed|Precision@5,
study_runs,PILOT_BAD_FILENAME_V100_P0_NANO_I05_R03,study_runs/PILOT_BAD_FILENAME_V100_P0_NANO_I05_R03/costs_log.csv,costs_log.csv,.csv,15691,2eedb2a8c35e7a177eacf5c0330634b6896b678e7d9bdebac06c997ed9d10d67,2026-07-18T10:55:21,True,165,Position|Timestamp|Model|Prompt Tokens|Prompt USD|Completion Tokens|Completion USD|Total Tokens|Total USD,
study_runs,SMOKE_V100_P0_I01,study_runs/SMOKE_V100_P0_I01/checkpoint/2b04050768474782874f3d86300c385f/generated/all_results.csv,all_results.csv,.csv,2194,e7ebfc27f9956ca5d5a86a569f65db2a7678cccf86cd9a597733d6b64707faae,2026-07-17T21:34:03,True,30,algorithm|fold|name|k|value|seed,
study_runs,SMOKE_V100_P0_I01,study_runs/SMOKE_V100_P0_I01/checkpoint/2b04050768474782874f3d86300c385f/generated/results_seed_11.csv,results_seed_11.csv,.csv,177,1b92e0a8d5e320ee663a06098e6b13afaced8710fb3c11a300be46a15eab6517,2026-07-17T21:28:18,True,2,algorithm|fold|name|k|value|seed,
study_runs,SMOKE_V100_P0_I01,study_runs/SMOKE_V100_P0_I01/checkpoint/2b04050768474782874f3d86300c385f/generated/results_seed_22.csv,results_seed_22.csv,.csv,322,33362b0cd419f09306d8b15f1720e0a16a5da50be7d16148a5fa2a987b5b18e0,2026-07-17T21:29:49,True,4,algorithm|fold|name|k|value|seed,
study_runs,SMOKE_V100_P0_I01,study_runs/SMOKE_V100_P0_I01/checkpoint/2b04050768474782874f3d86300c385f/generated/results_seed_33.csv,results_seed_33.csv,.csv,466,57d1e9c47b889eb04492b76e555f240ba4198c9a70f3bb84ea81813d5c773eb1,2026-07-17T21:31:14,True,6,algorithm|fold|name|k|value|seed,
study_runs,SMOKE_V100_P0_I01,study_runs/SMOKE_V100_P0_I01/checkpoint/2b04050768474782874f3d86300c385f/generated/results_seed_44.csv,results_seed_44.csv,.csv,610,4531a389d86ed6566131af982248c6014be43a996cf8de6d904c6020b9e88840,2026-07-17T21:32:39,True,8,algorithm|fold|name|k|value|seed,
study_runs,SMOKE_V100_P0_I01,study_runs/SMOKE_V100_P0_I01/checkpoint/2b04050768474782874f3d86300c385f/generated/results_seed_55.csv,results_seed_55.csv,.csv,755,e64757c6914aae578a9c5f32aa20209ed958f0d3263a7e3fd60d76e8d00352b6,2026-07-17T21:34:03,True,10,algorithm|fold|name|k|value|seed,
study_runs,SMOKE_V100_P0_I01,study_runs/SMOKE_V100_P0_I01/checkpoint/2b04050768474782874f3d86300c385f/generated/summary.csv,summary.csv,.csv,218,dfd63930fa8228e5a6d1e66d6141d685691ae5ffab21f664ac268e45880c75aa,2026-07-17T21:34:03,True,2,index|name|k|mean|std|min|max,
study_runs,SMOKE_V100_P0_I01,study_runs/SMOKE_V100_P0_I01/checkpoint/2b04050768474782874f3d86300c385f_iteration1/generated/results_MovieLens100K_seed_11.csv,results_MovieLens100K_seed_11.csv,.csv,1520,3bc7aae29b283746aaa5064dc8ee5c62f4e7340153a3556a803fc3a983a1a2c5,2026-07-17T21:47:28,True,18,algorithm|fold|name|k|value|seed|dataset,
study_runs,SMOKE_V100_P0_I01,study_runs/SMOKE_V100_P0_I01/checkpoint/2b04050768474782874f3d86300c385f_seed/generated/all_results.csv,all_results.csv,.csv,2201,87c434e190f3730b551a009c40558d178eb54226643d0d39910f43ddaebf7457,2026-07-17T21:42:31,True,30,algorithm|fold|name|k|value|seed,
study_runs,SMOKE_V100_P0_I01,study_runs/SMOKE_V100_P0_I01/checkpoint/2b04050768474782874f3d86300c385f_seed/generated/results_seed_11.csv,results_seed_11.csv,.csv,179,00a60cbe08dfd421de76694a571b401fdca55fd3df1fc93c0858ed8e855b364e,2026-07-17T21:36:53,True,2,algorithm|fold|name|k|value|seed,
study_runs,SMOKE_V100_P0_I01,study_runs/SMOKE_V100_P0_I01/checkpoint/2b04050768474782874f3d86300c385f_seed/generated/results_seed_22.csv,results_seed_22.csv,.csv,323,3c93eb5df5026f7d767c3a1388a047f4d424afec5c25f124677acb2ac2e4c984,2026-07-17T21:38:17,True,4,algorithm|fold|name|k|value|seed,
study_runs,SMOKE_V100_P0_I01,study_runs/SMOKE_V100_P0_I01/checkpoint/2b04050768474782874f3d86300c385f_seed/generated/results_seed_33.csv,results_seed_33.csv,.csv,467,c53fb7f45201eae2bcb88b1d78c4857bbd5fb77b8bd9bcd616f22d1c460e7358,2026-07-17T21:39:42,True,6,algorithm|fold|name|k|value|seed,
study_runs,SMOKE_V100_P0_I01,study_runs/SMOKE_V100_P0_I01/checkpoint/2b04050768474782874f3d86300c385f_seed/generated/results_seed_44.csv,results_seed_44.csv,.csv,612,697370fa7a38befa1cdf7de465c7003f7a6a0516b2e74d2116d2a482b9603ab9,2026-07-17T21:41:07,True,8,algorithm|fold|name|k|value|seed,
study_runs,SMOKE_V100_P0_I01,study_runs/SMOKE_V100_P0_I01/checkpoint/2b04050768474782874f3d86300c385f_seed/generated/results_seed_55.csv,results_seed_55.csv,.csv,756,99d3a874b093ae5aa4e4955bcb6b438ce78b1334e7e5568c63cd93bab2351544,2026-07-17T21:42:31,True,10,algorithm|fold|name|k|value|seed,
study_runs,SMOKE_V100_P0_I01,study_runs/SMOKE_V100_P0_I01/checkpoint/2b04050768474782874f3d86300c385f_seed/generated/summary.csv,summary.csv,.csv,220,75ec12375f56dc7642429ddae69fc6df014bd12481ea82896f5728537c81064a,2026-07-17T21:42:31,True,2,index|name|k|mean|std|min|max,
study_runs,SMOKE_V100_P0_I01,study_runs/SMOKE_V100_P0_I01/costs_log.csv,costs_log.csv,.csv,8468,71686cb51e8d8aaf2d690cdab6367ecde807126d14d354c0c5e83919419bd5a2,2026-07-17T22:54:32,True,92,Position|Timestamp|Model|Prompt Tokens|Prompt USD|Completion Tokens|Completion USD|Total Tokens|Total USD,
study_runs,V100_P0_GPT54_I05_R01,study_runs/V100_P0_GPT54_I05_R01/checkpoint/1a0e67a0ed0f49838458b10f36953597/generated/prototype_results.csv,prototype_results.csv,.csv,1283,9b4b277e49f7ff9cfd2be375444b91e7648d0541e9d5b7f5f774ea3822e6bd2f,2026-07-19T20:00:17,True,5,seed|ndcg@10|checkpoints_dir|metric_scan_csv,
study_runs,V100_P0_GPT54_I05_R01,study_runs/V100_P0_GPT54_I05_R01/checkpoint/1a0e67a0ed0f49838458b10f36953597/generated/prototype_summary.csv,prototype_summary.csv,.csv,28,38a7905d4aa93a3be0e02e7d8ff28e68a282d507a8f0d833f4a00ea4659490f8,2026-07-19T20:00:17,True,1,metric|mean|std,
study_runs,V100_P0_GPT54_I05_R01,study_runs/V100_P0_GPT54_I05_R01/checkpoint/1a0e67a0ed0f49838458b10f36953597/generated/seed_13/checkpoint_metric_scan.csv,checkpoint_metric_scan.csv,.csv,202,6f35ddf415950c5e507059b567c7a00a6a95e378cb097208925b4bb6c7253963,2026-07-19T19:56:37,True,1,source_path|rows|columns|ndcg@10_candidate,
study_runs,V100_P0_GPT54_I05_R01,study_runs/V100_P0_GPT54_I05_R01/checkpoint/1a0e67a0ed0f49838458b10f36953597/generated/seed_29/checkpoint_metric_scan.csv,checkpoint_metric_scan.csv,.csv,202,da5f066ea4fddf71c52b4cf3e01b1f3475ff58abdc1f3776f2576053e6b3469c,2026-07-19T19:57:50,True,1,source_path|rows|columns|ndcg@10_candidate,
study_runs,V100_P0_GPT54_I05_R01,study_runs/V100_P0_GPT54_I05_R01/checkpoint/1a0e67a0ed0f49838458b10f36953597/generated/seed_42/checkpoint_metric_scan.csv,checkpoint_metric_scan.csv,.csv,202,5eb814b1ccd633f7788f51823ecf9709f5beff052665ba7469a68bcba59b0177,2026-07-19T19:59:04,True,1,source_path|rows|columns|ndcg@10_candidate,
study_runs,V100_P0_GPT54_I05_R01,study_runs/V100_P0_GPT54_I05_R01/checkpoint/1a0e67a0ed0f49838458b10f36953597/generated/seed_7/checkpoint_metric_scan.csv,checkpoint_metric_scan.csv,.csv,201,aa2a81959a10a9a0880c4a68584db955a00be9db22de382611eec6d12a0a71e1,2026-07-19T19:55:23,True,1,source_path|rows|columns|ndcg@10_candidate,
study_runs,V100_P0_GPT54_I05_R01,study_runs/V100_P0_GPT54_I05_R01/checkpoint/1a0e67a0ed0f49838458b10f36953597/generated/seed_87/checkpoint_metric_scan.csv,checkpoint_metric_scan.csv,.csv,202,b20fecca0120c866630ac3fdf4816c112d570cb0c1c547231adece76ed5dc683,2026-07-19T20:00:17,True,1,source_path|rows|columns|ndcg@10_candidate,
study_runs,V100_P0_GPT54_I05_R01,study_runs/V100_P0_GPT54_I05_R01/checkpoint/e7849e11813743659c7d53436c07af0d/generated/prototype_results.csv,prototype_results.csv,.csv,762,de01b1861af0df160d2136171b40364ba1106d36a3bd35a5fab55731b9819605,2026-07-19T20:09:08,True,5,seed|ndcg@10|results_csv,
study_runs,V100_P0_GPT54_I05_R01,study_runs/V100_P0_GPT54_I05_R01/checkpoint/e7849e11813743659c7d53436c07af0d/generated/prototype_summary.csv,prototype_summary.csv,.csv,66,4cf8d5a5f0f6f8d9178b2bc9e1c3ab6f0a8bc015301432ffd31bf96744f2d190,2026-07-19T20:09:08,True,1,metric|mean|std,
study_runs,V100_P0_GPT54_I05_R01,study_runs/V100_P0_GPT54_I05_R01/checkpoint/e7849e11813743659c7d53436c07af0d/generated/seed_13/evaluator_results.csv,evaluator_results.csv,.csv,123,62583119c31a1e475f1c021aaa87df258797675a9a3a9ec4a288683a6256a17f,2026-07-19T20:05:27,True,1,algorithm|fold|name|k|value|dataset_id,
study_runs,V100_P0_GPT54_I05_R01,study_runs/V100_P0_GPT54_I05_R01/checkpoint/e7849e11813743659c7d53436c07af0d/generated/seed_29/evaluator_results.csv,evaluator_results.csv,.csv,123,4682d0f8d0f4fcdcd50b95ace172566a6b1d92798e89a3ec4a000c877af23b6e,2026-07-19T20:06:41,True,1,algorithm|fold|name|k|value|dataset_id,
study_runs,V100_P0_GPT54_I05_R01,study_runs/V100_P0_GPT54_I05_R01/checkpoint/e7849e11813743659c7d53436c07af0d/generated/seed_42/evaluator_results.csv,evaluator_results.csv,.csv,122,fd5fc981d10c1de18cb1eaf4ee091f42bd275c3f5cd0c82af0e9de7c560734fd,2026-07-19T20:07:55,True,1,algorithm|fold|name|k|value|dataset_id,
study_runs,V100_P0_GPT54_I05_R01,study_runs/V100_P0_GPT54_I05_R01/checkpoint/e7849e11813743659c7d53436c07af0d/generated/seed_7/evaluator_results.csv,evaluator_results.csv,.csv,121,ea2723f60c63937ff28b3cb3d24c1684cbcbe8ffb93f5f44b486f8711ea1281f,2026-07-19T20:04:14,True,1,algorithm|fold|name|k|value|dataset_id,
study_runs,V100_P0_GPT54_I05_R01,study_runs/V100_P0_GPT54_I05_R01/checkpoint/e7849e11813743659c7d53436c07af0d/generated/seed_87/evaluator_results.csv,evaluator_results.csv,.csv,123,c127a8cd0c28cf223621b13866c01b2920428765b611d2e9888727b5c10d0a81,2026-07-19T20:09:08,True,1,algorithm|fold|name|k|value|dataset_id,
study_runs,V100_P0_GPT54_I05_R01,study_runs/V100_P0_GPT54_I05_R01/checkpoint/e7849e11813743659c7d53436c07af0d_iteration1/generated/MovieLens100K/seed_13/evaluator_results.csv,evaluator_results.csv,.csv,2182,7b2a0c5fa8ab874b9817206b9d14e572a142e54c99a9859d80a413f9854247ee,2026-07-19T20:29:49,True,18,algorithm|fold|name|k|value|dataset_id|name_norm|k_num|value_num,
study_runs,V100_P0_GPT54_I05_R01,study_runs/V100_P0_GPT54_I05_R01/checkpoint/e7849e11813743659c7d53436c07af0d_iteration1/generated/MovieLens100K/seed_13/metrics_wide.csv,metrics_wide.csv,.csv,671,1dfdf2554b5c708d2528d9b3bbefa8f9fed9135bdb94f31d4f4f64ad00414342,2026-07-19T20:29:49,True,3,dataset_id|algorithm|ndcg@1|ndcg@5|ndcg@10|precision@1|precision@5|precision@10|dataset|seed,
study_runs,V100_P0_GPT54_I05_R01,study_runs/V100_P0_GPT54_I05_R01/checkpoint/e7849e11813743659c7d53436c07af0d_iteration1/generated/MovieLens100K/seed_29/evaluator_results.csv,evaluator_results.csv,.csv,2174,fc000b21a14162c952f1f4e76ecb78627ca510d62004c4ed6430f9accfcc49df,2026-07-19T20:33:18,True,18,algorithm|fold|name|k|value|dataset_id|name_norm|k_num|value_num,
study_runs,V100_P0_GPT54_I05_R01,study_runs/V100_P0_GPT54_I05_R01/checkpoint/e7849e11813743659c7d53436c07af0d_iteration1/generated/MovieLens100K/seed_29/metrics_wide.csv,metrics_wide.csv,.csv,667,cc597d3d2c04f7a1880c97974fc5f7e1bf15c987f0a0b1660fb59f3afbf1dfcd,2026-07-19T20:33:18,True,3,dataset_id|algorithm|ndcg@1|ndcg@5|ndcg@10|precision@1|precision@5|precision@10|dataset|seed,
study_runs,V100_P0_GPT54_I05_R01,study_runs/V100_P0_GPT54_I05_R01/checkpoint/e7849e11813743659c7d53436c07af0d_iteration1/generated/MovieLens100K/seed_42/evaluator_results.csv,evaluator_results.csv,.csv,2176,c5a876e4f9bacfe8f8e17075e2cf4fd76b345d64c258d9071c6148334df26b04,2026-07-19T20:36:46,True,18,algorithm|fold|name|k|value|dataset_id|name_norm|k_num|value_num,
study_runs,V100_P0_GPT54_I05_R01,study_runs/V100_P0_GPT54_I05_R01/checkpoint/e7849e11813743659c7d53436c07af0d_iteration1/generated/MovieLens100K/seed_42/metrics_wide.csv,metrics_wide.csv,.csv,668,b99fde9e100a759d372f3dd78c5df523cb79fe6726132086ab2227d8d11f8832,2026-07-19T20:36:46,True,3,dataset_id|algorithm|ndcg@1|ndcg@5|ndcg@10|precision@1|precision@5|precision@10|dataset|seed,
study_runs,V100_P0_GPT54_I05_R01,study_runs/V100_P0_GPT54_I05_R01/checkpoint/e7849e11813743659c7d53436c07af0d_iteration1/generated/MovieLens100K/seed_7/evaluator_results.csv,evaluator_results.csv,.csv,2162,86b8a178a8ea15a1ae1167e83ff58cae410045bd3410b4f53a735d1c34c4fcff,2026-07-19T20:26:20,True,18,algorithm|fold|name|k|value|dataset_id|name_norm|k_num|value_num,
study_runs,V100_P0_GPT54_I05_R01,study_runs/V100_P0_GPT54_I05_R01/checkpoint/e7849e11813743659c7d53436c07af0d_iteration1/generated/MovieLens100K/seed_7/metrics_wide.csv,metrics_wide.csv,.csv,664,14f4445650f78cb753b043c41b9a04d4a39552c5b428a54f27040b96bbfb68fc,2026-07-19T20:26:20,True,3,dataset_id|algorithm|ndcg@1|ndcg@5|ndcg@10|precision@1|precision@5|precision@10|dataset|seed,
study_runs,V100_P0_GPT54_I05_R01,study_runs/V100_P0_GPT54_I05_R01/checkpoint/e7849e11813743659c7d53436c07af0d_iteration1/generated/MovieLens100K/seed_87/evaluator_results.csv,evaluator_results.csv,.csv,2178,102541f649477be7c3ad882511c383cdd2290741cd3a87bed0545701f8102354,2026-07-19T20:40:14,True,18,algorithm|fold|name|k|value|dataset_id|name_norm|k_num|value_num,
study_runs,V100_P0_GPT54_I05_R01,study_runs/V100_P0_GPT54_I05_R01/checkpoint/e7849e11813743659c7d53436c07af0d_iteration1/generated/MovieLens100K/seed_87/metrics_wide.csv,metrics_wide.csv,.csv,669,9eb913c403a3b2180e0cf8a0e5a9bdddf3c35f5533feac0858b10d646e277cb5,2026-07-19T20:40:14,True,3,dataset_id|algorithm|ndcg@1|ndcg@5|ndcg@10|precision@1|precision@5|precision@10|dataset|seed,
study_runs,V100_P0_GPT54_I05_R01,study_runs/V100_P0_GPT54_I05_R01/checkpoint/e7849e11813743659c7d53436c07af0d_seed/generated/prototype_results.csv,prototype_results.csv,.csv,762,de01b1861af0df160d2136171b40364ba1106d36a3bd35a5fab55731b9819605,2026-07-19T20:19:53,True,5,seed|ndcg@10|results_csv,
study_runs,V100_P0_GPT54_I05_R01,study_runs/V100_P0_GPT54_I05_R01/checkpoint/e7849e11813743659c7d53436c07af0d_seed/generated/prototype_summary.csv,prototype_summary.csv,.csv,66,4cf8d5a5f0f6f8d9178b2bc9e1c3ab6f0a8bc015301432ffd31bf96744f2d190,2026-07-19T20:19:53,True,1,metric|mean|std,
study_runs,V100_P0_GPT54_I05_R01,study_runs/V100_P0_GPT54_I05_R01/checkpoint/e7849e11813743659c7d53436c07af0d_seed/generated/seed_13/evaluator_results.csv,evaluator_results.csv,.csv,123,62583119c31a1e475f1c021aaa87df258797675a9a3a9ec4a288683a6256a17f,2026-07-19T20:16:12,True,1,algorithm|fold|name|k|value|dataset_id,
study_runs,V100_P0_GPT54_I05_R01,study_runs/V100_P0_GPT54_I05_R01/checkpoint/e7849e11813743659c7d53436c07af0d_seed/generated/seed_29/evaluator_results.csv,evaluator_results.csv,.csv,123,4682d0f8d0f4fcdcd50b95ace172566a6b1d92798e89a3ec4a000c877af23b6e,2026-07-19T20:17:27,True,1,algorithm|fold|name|k|value|dataset_id,
study_runs,V100_P0_GPT54_I05_R01,study_runs/V100_P0_GPT54_I05_R01/checkpoint/e7849e11813743659c7d53436c07af0d_seed/generated/seed_42/evaluator_results.csv,evaluator_results.csv,.csv,122,fd5fc981d10c1de18cb1eaf4ee091f42bd275c3f5cd0c82af0e9de7c560734fd,2026-07-19T20:18:39,True,1,algorithm|fold|name|k|value|dataset_id,
study_runs,V100_P0_GPT54_I05_R01,study_runs/V100_P0_GPT54_I05_R01/checkpoint/e7849e11813743659c7d53436c07af0d_seed/generated/seed_7/evaluator_results.csv,evaluator_results.csv,.csv,121,ea2723f60c63937ff28b3cb3d24c1684cbcbe8ffb93f5f44b486f8711ea1281f,2026-07-19T20:14:59,True,1,algorithm|fold|name|k|value|dataset_id,
study_runs,V100_P0_GPT54_I05_R01,study_runs/V100_P0_GPT54_I05_R01/checkpoint/e7849e11813743659c7d53436c07af0d_seed/generated/seed_87/evaluator_results.csv,evaluator_results.csv,.csv,123,c127a8cd0c28cf223621b13866c01b2920428765b611d2e9888727b5c10d0a81,2026-07-19T20:19:53,True,1,algorithm|fold|name|k|value|dataset_id,
study_runs,V100_P0_GPT54_I05_R01,study_runs/V100_P0_GPT54_I05_R01/costs_log.csv,costs_log.csv,.csv,11963,a0fcd0a4ac9f6563a072d907cb0d6501dd88936627dcec19c76d0698dac26c25,2026-07-19T20:44:28,True,144,Position|Timestamp|Model|Prompt Tokens|Prompt USD|Completion Tokens|Completion USD|Total Tokens|Total USD,
study_runs,V100_P0_GPT54_I05_R02,study_runs/V100_P0_GPT54_I05_R02/costs_log.csv,costs_log.csv,.csv,13813,56a0e5b4f90f0d505fe2c7752b45342b2eb21443455195c6ef6fb69336729f93,2026-07-20T03:27:06,True,166,Position|Timestamp|Model|Prompt Tokens|Prompt USD|Completion Tokens|Completion USD|Total Tokens|Total USD,
study_runs,V100_P0_GPT54_I05_R03,study_runs/V100_P0_GPT54_I05_R03/costs_log.csv,costs_log.csv,.csv,107,28d1763da4a7e995cd31bedd7b86f557fc2ab6bff7751d4882d3f6d513b89a8e,2026-07-20T09:37:32,True,0,Position|Timestamp|Model|Prompt Tokens|Prompt USD|Completion Tokens|Completion USD|Total Tokens|Total USD,
study_runs,V100_P0_MINI_I05_R01,study_runs/V100_P0_MINI_I05_R01/costs_log.csv,costs_log.csv,.csv,14382,82245aa983dccca7ec37a804c4e04f12b312bee2cb3ee0065ae8c94a462801da,2026-07-19T15:19:18,True,156,Position|Timestamp|Model|Prompt Tokens|Prompt USD|Completion Tokens|Completion USD|Total Tokens|Total USD,
study_runs,V100_P0_MINI_I05_R02,study_runs/V100_P0_MINI_I05_R02/checkpoint/8b4ad2ac4960487da7beea3df7b51b4e/generated/prototype_results_movielens_itemknn.csv,prototype_results_movielens_itemknn.csv,.csv,173,807a32ec7cc9f83ef15e901388dc89c65f25f2152a8e37277057006e0630a71a,2026-07-19T15:49:30,True,2,algorithm|fold|name|k|value|seed,
study_runs,V100_P0_MINI_I05_R02,study_runs/V100_P0_MINI_I05_R02/checkpoint/8b4ad2ac4960487da7beea3df7b51b4e_seed/generated/prototype_results_movielens_itemknn.csv,prototype_results_movielens_itemknn.csv,.csv,173,807a32ec7cc9f83ef15e901388dc89c65f25f2152a8e37277057006e0630a71a,2026-07-19T15:56:58,True,2,algorithm|fold|name|k|value|seed,
study_runs,V100_P0_MINI_I05_R02,study_runs/V100_P0_MINI_I05_R02/costs_log.csv,costs_log.csv,.csv,11836,65dcd92b0414486a2b3dae6476056b68e17e8cf1286e0342b0adf94bb7289890,2026-07-19T16:19:26,True,127,Position|Timestamp|Model|Prompt Tokens|Prompt USD|Completion Tokens|Completion USD|Total Tokens|Total USD,
study_runs,V100_P0_MINI_I05_R03,study_runs/V100_P0_MINI_I05_R03/checkpoint/4bae3cfa9f6b4a4bb4b360ee0c788768/generated/prototype_runs.csv,prototype_runs.csv,.csv,1249,9aa8cffdce0e48d91fe6117e963cadc4e2d47f487f19ecc4e78cf9ce99400df1,2026-07-19T15:59:49,True,15,dataset|seed|algorithm|name|k|value,
study_runs,V100_P0_MINI_I05_R03,study_runs/V100_P0_MINI_I05_R03/checkpoint/64f1c4aae39d4cc68f747732d8232c0e/generated/prototype_runs.csv,prototype_runs.csv,.csv,256,704558893c17525b716ec9cbaea55616bf64eff344e8d67b505efc763606a2e6,2026-07-19T16:08:04,True,5,dataset|algorithm|seed|cutoff,
study_runs,V100_P0_MINI_I05_R03,study_runs/V100_P0_MINI_I05_R03/checkpoint/a9663d9dfecc44c6998034c55e22bfe0/generated/prototype_runs.csv,prototype_runs.csv,.csv,219,d7a60fddd36f57ccfa06f3a4c72d85f3968a9adad34b6fb0b056d01c5cf6dcf8,2026-07-19T15:50:29,True,5,seed|dataset|algorithm,
study_runs,V100_P0_MINI_I05_R03,study_runs/V100_P0_MINI_I05_R03/checkpoint/a9663d9dfecc44c6998034c55e22bfe0_seed/generated/prototype_runs.csv,prototype_runs.csv,.csv,219,d7a60fddd36f57ccfa06f3a4c72d85f3968a9adad34b6fb0b056d01c5cf6dcf8,2026-07-19T16:32:42,True,5,seed|dataset|algorithm,
study_runs,V100_P0_MINI_I05_R03,study_runs/V100_P0_MINI_I05_R03/checkpoint/b3e9be9f1f4d407d9c70764b3ade04ac/generated/prototype_runs.csv,prototype_runs.csv,.csv,464,3e8c8220dce5db726f0061b40ff14df7dd9c7c10746999e93ca35d11e528797f,2026-07-19T16:16:14,True,5,dataset|seed|algorithm|cutoff|name|k|value,
study_runs,V100_P0_MINI_I05_R03,study_runs/V100_P0_MINI_I05_R03/checkpoint/b643b16303794cfcbfd8ec1958ea27d3/generated/prototype_seed_summary.csv,prototype_seed_summary.csv,.csv,1301,458636efd23b155e4705ea78017060d6bf01767dfc4b2c102fd55bbbe515cfaf,2026-07-19T16:24:21,True,15,algorithm|fold|name|k|value|dataset|seed,
study_runs,V100_P0_MINI_I05_R03,study_runs/V100_P0_MINI_I05_R03/costs_log.csv,costs_log.csv,.csv,9167,f7197c27db210d8a960f21357d0344cd1ab87e9dc2dd13292a12cc9720120dea,2026-07-19T16:34:20,True,100,Position|Timestamp|Model|Prompt Tokens|Prompt USD|Completion Tokens|Completion USD|Total Tokens|Total USD,
study_runs,V100_P0_MINI_I05_R04,study_runs/V100_P0_MINI_I05_R04/checkpoint/0ddf2f48ecfe411c968dfd5ac55fc592/generated/prototype_seed_results.csv,prototype_seed_results.csv,.csv,2798,e009beadcce8cbc375e73681faeb3315464d8e402c6f21a72ca5970cd690d927,2026-07-19T20:12:24,True,30,algorithm|fold|name|k|value|seed|dataset_id,
study_runs,V100_P0_MINI_I05_R04,study_runs/V100_P0_MINI_I05_R04/checkpoint/0ddf2f48ecfe411c968dfd5ac55fc592/generated/prototype_seed_summary.csv,prototype_seed_summary.csv,.csv,210,3a23073c424298cc17a3d3d3f9b7a958eb505aa4b15994066a8c4a18f516bafa,2026-07-19T20:12:24,True,2,name|k|mean|std|min|max,
study_runs,V100_P0_MINI_I05_R04,study_runs/V100_P0_MINI_I05_R04/checkpoint/0ddf2f48ecfe411c968dfd5ac55fc592/generated/prototype_seed_table.csv,prototype_seed_table.csv,.csv,358,12b8a61014f043e816456408a4bde0a7ee2dd2814ef45d3adf1b096c65b533c2,2026-07-19T20:12:24,True,10,seed|name|k|value,
study_runs,V100_P0_MINI_I05_R04,study_runs/V100_P0_MINI_I05_R04/checkpoint/0ddf2f48ecfe411c968dfd5ac55fc592_seed/generated/prototype_seed_results.csv,prototype_seed_results.csv,.csv,2798,e009beadcce8cbc375e73681faeb3315464d8e402c6f21a72ca5970cd690d927,2026-07-19T20:24:16,True,30,algorithm|fold|name|k|value|seed|dataset_id,
study_runs,V100_P0_MINI_I05_R04,study_runs/V100_P0_MINI_I05_R04/checkpoint/0ddf2f48ecfe411c968dfd5ac55fc592_seed/generated/prototype_seed_summary.csv,prototype_seed_summary.csv,.csv,210,3a23073c424298cc17a3d3d3f9b7a958eb505aa4b15994066a8c4a18f516bafa,2026-07-19T20:24:16,True,2,name|k|mean|std|min|max,
study_runs,V100_P0_MINI_I05_R04,study_runs/V100_P0_MINI_I05_R04/checkpoint/0ddf2f48ecfe411c968dfd5ac55fc592_seed/generated/prototype_seed_table.csv,prototype_seed_table.csv,.csv,358,12b8a61014f043e816456408a4bde0a7ee2dd2814ef45d3adf1b096c65b533c2,2026-07-19T20:24:16,True,10,seed|name|k|value,
study_runs,V100_P0_MINI_I05_R04,study_runs/V100_P0_MINI_I05_R04/checkpoint/6624255987bf439f9714e8560c0cd3b5/generated/prototype_seed_results.csv,prototype_seed_results.csv,.csv,2798,a016a2e6b553f864ac84643903de05e2d176fab86d7c09b822fb9b281d71d9a3,2026-07-19T20:18:34,True,30,algorithm|fold|name|k|value|seed|dataset_id,
study_runs,V100_P0_MINI_I05_R04,study_runs/V100_P0_MINI_I05_R04/checkpoint/6624255987bf439f9714e8560c0cd3b5/generated/prototype_seed_summary.csv,prototype_seed_summary.csv,.csv,1113,6c1709025731869311ffd521fe11a9709a12bacf841620538364b8b7ff627424,2026-07-19T20:18:34,True,10,algorithm|name|k|mean|std|min|max,
study_runs,V100_P0_MINI_I05_R04,study_runs/V100_P0_MINI_I05_R04/checkpoint/6624255987bf439f9714e8560c0cd3b5/generated/prototype_seed_table.csv,prototype_seed_table.csv,.csv,2062,4575ae5196edbebe4a4744dd716fa0997625df82064833cf8ea5c8b56e7021f9,2026-07-19T20:18:34,True,30,seed|algorithm|name|k|value,
study_runs,V100_P0_MINI_I05_R04,study_runs/V100_P0_MINI_I05_R04/checkpoint/81f0cfbf8c764fd2916c0548137ef91b/generated/prototype_seed_results.csv,prototype_seed_results.csv,.csv,2748,d6d5732bf50860e21735baf1c8840016d8d4d7d84ea9c2563c11a1b4200815d0,2026-07-19T20:04:53,True,30,algorithm|fold|name|k|value|seed|dataset_id,
study_runs,V100_P0_MINI_I05_R04,study_runs/V100_P0_MINI_I05_R04/checkpoint/81f0cfbf8c764fd2916c0548137ef91b/generated/prototype_seed_summary.csv,prototype_seed_summary.csv,.csv,1092,f3d3c4201cbb81c27d6826d2802925bd8b6bea05ffcee157fc4918e5710e326b,2026-07-19T20:04:53,True,10,algorithm|name|k|mean|std|min|max,
study_runs,V100_P0_MINI_I05_R04,study_runs/V100_P0_MINI_I05_R04/checkpoint/e543f9f743a340479000d7640c0720a3/generated/prototype_seed_results.csv,prototype_seed_results.csv,.csv,2748,d6d5732bf50860e21735baf1c8840016d8d4d7d84ea9c2563c11a1b4200815d0,2026-07-19T19:57:33,True,30,algorithm|fold|name|k|value|seed|dataset_id,
study_runs,V100_P0_MINI_I05_R04,study_runs/V100_P0_MINI_I05_R04/checkpoint/e543f9f743a340479000d7640c0720a3/generated/prototype_seed_summary.csv,prototype_seed_summary.csv,.csv,206,3b3532d1ef7d1e979dd5b74f437d7316cfa2a4e25ab141a1022aedd2adff5645,2026-07-19T19:57:34,True,2,name|k|mean|std|min|max,
study_runs,V100_P0_MINI_I05_R04,study_runs/V100_P0_MINI_I05_R04/costs_log.csv,costs_log.csv,.csv,13221,6a8347ff8ce2cb092166b6835f88cdbd5ac29b0150a4ffde999ae22b4ad629c5,2026-07-19T20:28:49,True,145,Position|Timestamp|Model|Prompt Tokens|Prompt USD|Completion Tokens|Completion USD|Total Tokens|Total USD,
study_runs,V100_P0_MINI_I05_R05,study_runs/V100_P0_MINI_I05_R05/costs_log.csv,costs_log.csv,.csv,12198,329663e2869ab9f6a3ff0f999079546d0ce4a24a3f1ab7ba3d79dbb3fe543950,2026-07-20T03:24:53,True,131,Position|Timestamp|Model|Prompt Tokens|Prompt USD|Completion Tokens|Completion USD|Total Tokens|Total USD,
study_runs,V100_P0_NANO_I05_R01,study_runs/V100_P0_NANO_I05_R01/checkpoint/1390f6c0be5743b8927162dbbe425e75_iteration2/generated/results/MovieLens100K_summary.csv,MovieLens100K_summary.csv,.csv,590,b097ec497fb695b6fa56139a6ec4efde2e01a24fd6c869635356d1fdc824c803,2026-07-18T12:18:18,True,15,seed|algorithm|NDCG@1|NDCG@5|NDCG@10|Precision@1|Precision@5|Precision@10,
study_runs,V100_P0_NANO_I05_R01,study_runs/V100_P0_NANO_I05_R01/costs_log.csv,costs_log.csv,.csv,16244,2db9afd8f7b29cfb543fc91697bdda322f192ed8f6bd8f462cf7d33f93d99d2d,2026-07-18T12:22:49,True,166,Position|Timestamp|Model|Prompt Tokens|Prompt USD|Completion Tokens|Completion USD|Total Tokens|Total USD,
study_runs,V100_P0_NANO_I05_R02,study_runs/V100_P0_NANO_I05_R02/checkpoint/6a0cf4c7c8ae4eb38239a2d32552fcef/generated/seeds_ndcg5_results.csv,seeds_ndcg5_results.csv,.csv,43,2dde2fbef5e033e6907cdcef9f70d6282660bbd345cc96e545743b2bed7914a6,2026-07-18T12:50:35,True,5,seed|ndcg@5,
study_runs,V100_P0_NANO_I05_R02,study_runs/V100_P0_NANO_I05_R02/costs_log.csv,costs_log.csv,.csv,14440,af1247d4a742daad38a3ed492286c74755e15bbf032a7a1e48f95439780e160c,2026-07-18T13:29:33,True,152,Position|Timestamp|Model|Prompt Tokens|Prompt USD|Completion Tokens|Completion USD|Total Tokens|Total USD,
study_runs,V100_P0_NANO_I05_R03,study_runs/V100_P0_NANO_I05_R03/checkpoint/8d9208e09373435ba578757c5b440ede_iteration2/generated/Amazon2018VideoGames_ALS_seed101/test.csv,test.csv,.csv,3440785,3daf589639aac1f04f73f082b234e2ab2ed93f10693f4b877e86413397c58c8a,2026-07-18T20:06:11,True,119732,user_id|item_id|interaction,
study_runs,V100_P0_NANO_I05_R03,study_runs/V100_P0_NANO_I05_R03/checkpoint/8d9208e09373435ba578757c5b440ede_iteration2/generated/Amazon2018VideoGames_ALS_seed101/train.csv,train.csv,.csv,12643075,bd63854f54c45f735f6e1388ada747409b719a28a08d4d5cb73c7221517021c6,2026-07-18T20:06:11,True,439953,user_id|item_id|interaction,
study_runs,V100_P0_NANO_I05_R03,study_runs/V100_P0_NANO_I05_R03/checkpoint/8d9208e09373435ba578757c5b440ede_iteration2/generated/Amazon2018VideoGames_ALS_seed202/test.csv,test.csv,.csv,3440727,273b5db6f12957613ff45f7201b08a56b49755c143645aaa644d8f81d9781d14,2026-07-18T20:06:35,True,119732,user_id|item_id|interaction,
study_runs,V100_P0_NANO_I05_R03,study_runs/V100_P0_NANO_I05_R03/checkpoint/8d9208e09373435ba578757c5b440ede_iteration2/generated/Amazon2018VideoGames_ALS_seed202/train.csv,train.csv,.csv,12643133,dbe5921152a01043c6022c380d492c6b75cc75ef21e926d1ba23679a56bfdb57,2026-07-18T20:06:34,True,439953,user_id|item_id|interaction,
study_runs,V100_P0_NANO_I05_R03,study_runs/V100_P0_NANO_I05_R03/checkpoint/8d9208e09373435ba578757c5b440ede_iteration2/generated/Amazon2018VideoGames_ALS_seed303/test.csv,test.csv,.csv,3440753,6f6b85cf2abd43bd6f4e917d1c97bb0770dbbb085b20c0381260f2051190d273,2026-07-18T20:06:58,True,119732,user_id|item_id|interaction,
study_runs,V100_P0_NANO_I05_R03,study_runs/V100_P0_NANO_I05_R03/checkpoint/8d9208e09373435ba578757c5b440ede_iteration2/generated/Amazon2018VideoGames_ALS_seed303/train.csv,train.csv,.csv,12643107,1b37b8f8a671f7cdfa87a3225dc3fbbbd0f9c9010bcc4c8e88abf775caeac563,2026-07-18T20:06:58,True,439953,user_id|item_id|interaction,
study_runs,V100_P0_NANO_I05_R03,study_runs/V100_P0_NANO_I05_R03/checkpoint/8d9208e09373435ba578757c5b440ede_iteration2/generated/Amazon2018VideoGames_ALS_seed404/test.csv,test.csv,.csv,3440943,9e596fec6a7f22d3a56f68da5c0b48b1602391f88bdbc1e52fd6b9f9e274b48b,2026-07-18T20:07:21,True,119732,user_id|item_id|interaction,
study_runs,V100_P0_NANO_I05_R03,study_runs/V100_P0_NANO_I05_R03/checkpoint/8d9208e09373435ba578757c5b440ede_iteration2/generated/Amazon2018VideoGames_ALS_seed404/train.csv,train.csv,.csv,12642917,a767d1429cacfa6c0204b359d9bd293915cc365d0161cd7279a3a0c1be8163e1,2026-07-18T20:07:21,True,439953,user_id|item_id|interaction,
study_runs,V100_P0_NANO_I05_R03,study_runs/V100_P0_NANO_I05_R03/checkpoint/8d9208e09373435ba578757c5b440ede_iteration2/generated/Amazon2018VideoGames_ALS_seed505/test.csv,test.csv,.csv,3440963,77f0aaa95b37c57dc555cbf3ac16222e2584890dc361f908b891b279886b5afa,2026-07-18T20:07:45,True,119732,user_id|item_id|interaction,
study_runs,V100_P0_NANO_I05_R03,study_runs/V100_P0_NANO_I05_R03/checkpoint/8d9208e09373435ba578757c5b440ede_iteration2/generated/Amazon2018VideoGames_ALS_seed505/train.csv,train.csv,.csv,12642897,480bc2860eb78f64791c05059314e787b444c7fc9e74d5d6cadefb2bda422c4e,2026-07-18T20:07:45,True,439953,user_id|item_id|interaction,
study_runs,V100_P0_NANO_I05_R03,study_runs/V100_P0_NANO_I05_R03/checkpoint/8d9208e09373435ba578757c5b440ede_iteration2/generated/Amazon2018VideoGames_ItemKNN_seed101/test.csv,test.csv,.csv,3440785,3daf589639aac1f04f73f082b234e2ab2ed93f10693f4b877e86413397c58c8a,2026-07-18T20:08:08,True,119732,user_id|item_id|interaction,
study_runs,V100_P0_NANO_I05_R03,study_runs/V100_P0_NANO_I05_R03/checkpoint/8d9208e09373435ba578757c5b440ede_iteration2/generated/Amazon2018VideoGames_ItemKNN_seed101/train.csv,train.csv,.csv,12643075,bd63854f54c45f735f6e1388ada747409b719a28a08d4d5cb73c7221517021c6,2026-07-18T20:08:08,True,439953,user_id|item_id|interaction,
study_runs,V100_P0_NANO_I05_R03,study_runs/V100_P0_NANO_I05_R03/checkpoint/8d9208e09373435ba578757c5b440ede_iteration2/generated/Amazon2018VideoGames_ItemKNN_seed202/test.csv,test.csv,.csv,3440727,273b5db6f12957613ff45f7201b08a56b49755c143645aaa644d8f81d9781d14,2026-07-18T20:08:32,True,119732,user_id|item_id|interaction,
study_runs,V100_P0_NANO_I05_R03,study_runs/V100_P0_NANO_I05_R03/checkpoint/8d9208e09373435ba578757c5b440ede_iteration2/generated/Amazon2018VideoGames_ItemKNN_seed202/train.csv,train.csv,.csv,12643133,dbe5921152a01043c6022c380d492c6b75cc75ef21e926d1ba23679a56bfdb57,2026-07-18T20:08:31,True,439953,user_id|item_id|interaction,
study_runs,V100_P0_NANO_I05_R03,study_runs/V100_P0_NANO_I05_R03/checkpoint/8d9208e09373435ba578757c5b440ede_iteration2/generated/Amazon2018VideoGames_ItemKNN_seed303/test.csv,test.csv,.csv,3440753,6f6b85cf2abd43bd6f4e917d1c97bb0770dbbb085b20c0381260f2051190d273,2026-07-18T20:08:55,True,119732,user_id|item_id|interaction,
study_runs,V100_P0_NANO_I05_R03,study_runs/V100_P0_NANO_I05_R03/checkpoint/8d9208e09373435ba578757c5b440ede_iteration2/generated/Amazon2018VideoGames_ItemKNN_seed303/train.csv,train.csv,.csv,12643107,1b37b8f8a671f7cdfa87a3225dc3fbbbd0f9c9010bcc4c8e88abf775caeac563,2026-07-18T20:08:55,True,439953,user_id|item_id|interaction,
study_runs,V100_P0_NANO_I05_R03,study_runs/V100_P0_NANO_I05_R03/checkpoint/8d9208e09373435ba578757c5b440ede_iteration2/generated/Amazon2018VideoGames_ItemKNN_seed404/test.csv,test.csv,.csv,3440943,9e596fec6a7f22d3a56f68da5c0b48b1602391f88bdbc1e52fd6b9f9e274b48b,2026-07-18T20:09:19,True,119732,user_id|item_id|interaction,
study_runs,V100_P0_NANO_I05_R03,study_runs/V100_P0_NANO_I05_R03/checkpoint/8d9208e09373435ba578757c5b440ede_iteration2/generated/Amazon2018VideoGames_ItemKNN_seed404/train.csv,train.csv,.csv,12642917,a767d1429cacfa6c0204b359d9bd293915cc365d0161cd7279a3a0c1be8163e1,2026-07-18T20:09:19,True,439953,user_id|item_id|interaction,
study_runs,V100_P0_NANO_I05_R03,study_runs/V100_P0_NANO_I05_R03/checkpoint/8d9208e09373435ba578757c5b440ede_iteration2/generated/Amazon2018VideoGames_ItemKNN_seed505/test.csv,test.csv,.csv,3440963,77f0aaa95b37c57dc555cbf3ac16222e2584890dc361f908b891b279886b5afa,2026-07-18T20:09:42,True,119732,user_id|item_id|interaction,
study_runs,V100_P0_NANO_I05_R03,study_runs/V100_P0_NANO_I05_R03/checkpoint/8d9208e09373435ba578757c5b440ede_iteration2/generated/Amazon2018VideoGames_ItemKNN_seed505/train.csv,train.csv,.csv,12642897,480bc2860eb78f64791c05059314e787b444c7fc9e74d5d6cadefb2bda422c4e,2026-07-18T20:09:42,True,439953,user_id|item_id|interaction,
study_runs,V100_P0_NANO_I05_R03,study_runs/V100_P0_NANO_I05_R03/checkpoint/8d9208e09373435ba578757c5b440ede_iteration2/generated/Amazon2018VideoGames_Pop_seed101/test.csv,test.csv,.csv,3440785,3daf589639aac1f04f73f082b234e2ab2ed93f10693f4b877e86413397c58c8a,2026-07-18T20:10:06,True,119732,user_id|item_id|interaction,
study_runs,V100_P0_NANO_I05_R03,study_runs/V100_P0_NANO_I05_R03/checkpoint/8d9208e09373435ba578757c5b440ede_iteration2/generated/Amazon2018VideoGames_Pop_seed101/train.csv,train.csv,.csv,12643075,bd63854f54c45f735f6e1388ada747409b719a28a08d4d5cb73c7221517021c6,2026-07-18T20:10:06,True,439953,user_id|item_id|interaction,
study_runs,V100_P0_NANO_I05_R03,study_runs/V100_P0_NANO_I05_R03/checkpoint/8d9208e09373435ba578757c5b440ede_iteration2/generated/Amazon2018VideoGames_Pop_seed202/test.csv,test.csv,.csv,3440727,273b5db6f12957613ff45f7201b08a56b49755c143645aaa644d8f81d9781d14,2026-07-18T20:10:30,True,119732,user_id|item_id|interaction,
study_runs,V100_P0_NANO_I05_R03,study_runs/V100_P0_NANO_I05_R03/checkpoint/8d9208e09373435ba578757c5b440ede_iteration2/generated/Amazon2018VideoGames_Pop_seed202/train.csv,train.csv,.csv,12643133,dbe5921152a01043c6022c380d492c6b75cc75ef21e926d1ba23679a56bfdb57,2026-07-18T20:10:29,True,439953,user_id|item_id|interaction,
study_runs,V100_P0_NANO_I05_R03,study_runs/V100_P0_NANO_I05_R03/checkpoint/8d9208e09373435ba578757c5b440ede_iteration2/generated/Amazon2018VideoGames_Pop_seed303/test.csv,test.csv,.csv,3440753,6f6b85cf2abd43bd6f4e917d1c97bb0770dbbb085b20c0381260f2051190d273,2026-07-18T20:10:55,True,119732,user_id|item_id|interaction,
study_runs,V100_P0_NANO_I05_R03,study_runs/V100_P0_NANO_I05_R03/checkpoint/8d9208e09373435ba578757c5b440ede_iteration2/generated/Amazon2018VideoGames_Pop_seed303/train.csv,train.csv,.csv,12643107,1b37b8f8a671f7cdfa87a3225dc3fbbbd0f9c9010bcc4c8e88abf775caeac563,2026-07-18T20:10:55,True,439953,user_id|item_id|interaction,
study_runs,V100_P0_NANO_I05_R03,study_runs/V100_P0_NANO_I05_R03/checkpoint/8d9208e09373435ba578757c5b440ede_iteration2/generated/Amazon2018VideoGames_Pop_seed404/test.csv,test.csv,.csv,3440943,9e596fec6a7f22d3a56f68da5c0b48b1602391f88bdbc1e52fd6b9f9e274b48b,2026-07-18T20:11:19,True,119732,user_id|item_id|interaction,
study_runs,V100_P0_NANO_I05_R03,study_runs/V100_P0_NANO_I05_R03/checkpoint/8d9208e09373435ba578757c5b440ede_iteration2/generated/Amazon2018VideoGames_Pop_seed404/train.csv,train.csv,.csv,12642917,a767d1429cacfa6c0204b359d9bd293915cc365d0161cd7279a3a0c1be8163e1,2026-07-18T20:11:18,True,439953,user_id|item_id|interaction,
study_runs,V100_P0_NANO_I05_R03,study_runs/V100_P0_NANO_I05_R03/checkpoint/8d9208e09373435ba578757c5b440ede_iteration2/generated/Amazon2018VideoGames_Pop_seed505/test.csv,test.csv,.csv,3440963,77f0aaa95b37c57dc555cbf3ac16222e2584890dc361f908b891b279886b5afa,2026-07-18T20:11:43,True,119732,user_id|item_id|interaction,
study_runs,V100_P0_NANO_I05_R03,study_runs/V100_P0_NANO_I05_R03/checkpoint/8d9208e09373435ba578757c5b440ede_iteration2/generated/Amazon2018VideoGames_Pop_seed505/train.csv,train.csv,.csv,12642897,480bc2860eb78f64791c05059314e787b444c7fc9e74d5d6cadefb2bda422c4e,2026-07-18T20:11:42,True,439953,user_id|item_id|interaction,
study_runs,V100_P0_NANO_I05_R03,study_runs/V100_P0_NANO_I05_R03/checkpoint/8d9208e09373435ba578757c5b440ede_iteration2/generated/HetrecLastFM_ALS_seed101/test.csv,test.csv,.csv,354507,22662d91d16c84d1f12700e28fbfaf3dd69c34cb8ad1214cc0146d41a6a889b3,2026-07-18T20:11:49,True,30805,user_id|item_id|interaction,
study_runs,V100_P0_NANO_I05_R03,study_runs/V100_P0_NANO_I05_R03/checkpoint/8d9208e09373435ba578757c5b440ede_iteration2/generated/HetrecLastFM_ALS_seed101/train.csv,train.csv,.csv,1420406,f577052c2c264ac963a91069d076cae39ba6eceb42cb2f75a3b0890510f98503,2026-07-18T20:11:49,True,123456,user_id|item_id|interaction,
study_runs,V100_P0_NANO_I05_R03,study_runs/V100_P0_NANO_I05_R03/checkpoint/8d9208e09373435ba578757c5b440ede_iteration2/generated/HetrecLastFM_ALS_seed202/test.csv,test.csv,.csv,354611,e8816b9417e16dfe7ccaab936db953890779ec3448dc3e9a424d5da9b3ac71f4,2026-07-18T20:11:55,True,30805,user_id|item_id|interaction,
study_runs,V100_P0_NANO_I05_R03,study_runs/V100_P0_NANO_I05_R03/checkpoint/8d9208e09373435ba578757c5b440ede_iteration2/generated/HetrecLastFM_ALS_seed202/train.csv,train.csv,.csv,1420302,fc44f51cb86dce96e57449fa219e86deb1194c288eedcc1d0099d65488f4e6a2,2026-07-18T20:11:55,True,123456,user_id|item_id|interaction,
study_runs,V100_P0_NANO_I05_R03,study_runs/V100_P0_NANO_I05_R03/checkpoint/8d9208e09373435ba578757c5b440ede_iteration2/generated/HetrecLastFM_ALS_seed303/test.csv,test.csv,.csv,354458,3a594a43ae09a691c77dddbad42edfeaaca67458e28181624aa243051733c69f,2026-07-18T20:12:01,True,30805,user_id|item_id|interaction,
study_runs,V100_P0_NANO_I05_R03,study_runs/V100_P0_NANO_I05_R03/checkpoint/8d9208e09373435ba578757c5b440ede_iteration2/generated/HetrecLastFM_ALS_seed303/train.csv,train.csv,.csv,1420455,0947c29e515bb8807a9dcb0b08fcd4566ae83c046b0dd49b1748335e2a6e166d,2026-07-18T20:12:01,True,123456,user_id|item_id|interaction,
study_runs,V100_P0_NANO_I05_R03,study_runs/V100_P0_NANO_I05_R03/checkpoint/8d9208e09373435ba578757c5b440ede_iteration2/generated/HetrecLastFM_ALS_seed404/test.csv,test.csv,.csv,354417,0c656bd1b5fd62b11a90bab3f0265850076768c51a3d10fd6798b6156ad90e6d,2026-07-18T20:12:07,True,30805,user_id|item_id|interaction,
study_runs,V100_P0_NANO_I05_R03,study_runs/V100_P0_NANO_I05_R03/checkpoint/8d9208e09373435ba578757c5b440ede_iteration2/generated/HetrecLastFM_ALS_seed404/train.csv,train.csv,.csv,1420496,018995a9e177b3ef42d876a1577eb7288f40b509841898027fccf2dd53721587,2026-07-18T20:12:07,True,123456,user_id|item_id|interaction,
study_runs,V100_P0_NANO_I05_R03,study_runs/V100_P0_NANO_I05_R03/checkpoint/8d9208e09373435ba578757c5b440ede_iteration2/generated/HetrecLastFM_ALS_seed505/test.csv,test.csv,.csv,354421,f09044e535d936f40b8b42699b802b7300d42af7a68176ea27ad6e257e3e042d,2026-07-18T20:12:14,True,30805,user_id|item_id|interaction,
study_runs,V100_P0_NANO_I05_R03,study_runs/V100_P0_NANO_I05_R03/checkpoint/8d9208e09373435ba578757c5b440ede_iteration2/generated/HetrecLastFM_ALS_seed505/train.csv,train.csv,.csv,1420492,2f5a7373faa3da7e6ad822f95f0f3c4ad33371e9329b2b3d619fec57f00a6ba3,2026-07-18T20:12:14,True,123456,user_id|item_id|interaction,
study_runs,V100_P0_NANO_I05_R03,study_runs/V100_P0_NANO_I05_R03/checkpoint/8d9208e09373435ba578757c5b440ede_iteration2/generated/HetrecLastFM_ItemKNN_seed101/test.csv,test.csv,.csv,354507,22662d91d16c84d1f12700e28fbfaf3dd69c34cb8ad1214cc0146d41a6a889b3,2026-07-18T20:12:20,True,30805,user_id|item_id|interaction,
study_runs,V100_P0_NANO_I05_R03,study_runs/V100_P0_NANO_I05_R03/checkpoint/8d9208e09373435ba578757c5b440ede_iteration2/generated/HetrecLastFM_ItemKNN_seed101/train.csv,train.csv,.csv,1420406,f577052c2c264ac963a91069d076cae39ba6eceb42cb2f75a3b0890510f98503,2026-07-18T20:12:20,True,123456,user_id|item_id|interaction,
study_runs,V100_P0_NANO_I05_R03,study_runs/V100_P0_NANO_I05_R03/checkpoint/8d9208e09373435ba578757c5b440ede_iteration2/generated/HetrecLastFM_ItemKNN_seed202/test.csv,test.csv,.csv,354611,e8816b9417e16dfe7ccaab936db953890779ec3448dc3e9a424d5da9b3ac71f4,2026-07-18T20:12:26,True,30805,user_id|item_id|interaction,
study_runs,V100_P0_NANO_I05_R03,study_runs/V100_P0_NANO_I05_R03/checkpoint/8d9208e09373435ba578757c5b440ede_iteration2/generated/HetrecLastFM_ItemKNN_seed202/train.csv,train.csv,.csv,1420302,fc44f51cb86dce96e57449fa219e86deb1194c288eedcc1d0099d65488f4e6a2,2026-07-18T20:12:26,True,123456,user_id|item_id|interaction,
study_runs,V100_P0_NANO_I05_R03,study_runs/V100_P0_NANO_I05_R03/checkpoint/8d9208e09373435ba578757c5b440ede_iteration2/generated/HetrecLastFM_ItemKNN_seed303/test.csv,test.csv,.csv,354458,3a594a43ae09a691c77dddbad42edfeaaca67458e28181624aa243051733c69f,2026-07-18T20:12:32,True,30805,user_id|item_id|interaction,
study_runs,V100_P0_NANO_I05_R03,study_runs/V100_P0_NANO_I05_R03/checkpoint/8d9208e09373435ba578757c5b440ede_iteration2/generated/HetrecLastFM_ItemKNN_seed303/train.csv,train.csv,.csv,1420455,0947c29e515bb8807a9dcb0b08fcd4566ae83c046b0dd49b1748335e2a6e166d,2026-07-18T20:12:32,True,123456,user_id|item_id|interaction,
study_runs,V100_P0_NANO_I05_R03,study_runs/V100_P0_NANO_I05_R03/checkpoint/8d9208e09373435ba578757c5b440ede_iteration2/generated/HetrecLastFM_ItemKNN_seed404/test.csv,test.csv,.csv,354417,0c656bd1b5fd62b11a90bab3f0265850076768c51a3d10fd6798b6156ad90e6d,2026-07-18T20:12:38,True,30805,user_id|item_id|interaction,
study_runs,V100_P0_NANO_I05_R03,study_runs/V100_P0_NANO_I05_R03/checkpoint/8d9208e09373435ba578757c5b440ede_iteration2/generated/HetrecLastFM_ItemKNN_seed404/train.csv,train.csv,.csv,1420496,018995a9e177b3ef42d876a1577eb7288f40b509841898027fccf2dd53721587,2026-07-18T20:12:38,True,123456,user_id|item_id|interaction,
study_runs,V100_P0_NANO_I05_R03,study_runs/V100_P0_NANO_I05_R03/checkpoint/8d9208e09373435ba578757c5b440ede_iteration2/generated/HetrecLastFM_ItemKNN_seed505/test.csv,test.csv,.csv,354421,f09044e535d936f40b8b42699b802b7300d42af7a68176ea27ad6e257e3e042d,2026-07-18T20:12:44,True,30805,user_id|item_id|interaction,
study_runs,V100_P0_NANO_I05_R03,study_runs/V100_P0_NANO_I05_R03/checkpoint/8d9208e09373435ba578757c5b440ede_iteration2/generated/HetrecLastFM_ItemKNN_seed505/train.csv,train.csv,.csv,1420492,2f5a7373faa3da7e6ad822f95f0f3c4ad33371e9329b2b3d619fec57f00a6ba3,2026-07-18T20:12:44,True,123456,user_id|item_id|interaction,
study_runs,V100_P0_NANO_I05_R03,study_runs/V100_P0_NANO_I05_R03/checkpoint/8d9208e09373435ba578757c5b440ede_iteration2/generated/HetrecLastFM_Pop_seed101/test.csv,test.csv,.csv,354507,22662d91d16c84d1f12700e28fbfaf3dd69c34cb8ad1214cc0146d41a6a889b3,2026-07-18T20:12:50,True,30805,user_id|item_id|interaction,
study_runs,V100_P0_NANO_I05_R03,study_runs/V100_P0_NANO_I05_R03/checkpoint/8d9208e09373435ba578757c5b440ede_iteration2/generated/HetrecLastFM_Pop_seed101/train.csv,train.csv,.csv,1420406,f577052c2c264ac963a91069d076cae39ba6eceb42cb2f75a3b0890510f98503,2026-07-18T20:12:50,True,123456,user_id|item_id|interaction,
study_runs,V100_P0_NANO_I05_R03,study_runs/V100_P0_NANO_I05_R03/checkpoint/8d9208e09373435ba578757c5b440ede_iteration2/generated/HetrecLastFM_Pop_seed202/test.csv,test.csv,.csv,354611,e8816b9417e16dfe7ccaab936db953890779ec3448dc3e9a424d5da9b3ac71f4,2026-07-18T20:12:56,True,30805,user_id|item_id|interaction,
study_runs,V100_P0_NANO_I05_R03,study_runs/V100_P0_NANO_I05_R03/checkpoint/8d9208e09373435ba578757c5b440ede_iteration2/generated/HetrecLastFM_Pop_seed202/train.csv,train.csv,.csv,1420302,fc44f51cb86dce96e57449fa219e86deb1194c288eedcc1d0099d65488f4e6a2,2026-07-18T20:12:56,True,123456,user_id|item_id|interaction,
study_runs,V100_P0_NANO_I05_R03,study_runs/V100_P0_NANO_I05_R03/checkpoint/8d9208e09373435ba578757c5b440ede_iteration2/generated/HetrecLastFM_Pop_seed303/test.csv,test.csv,.csv,354458,3a594a43ae09a691c77dddbad42edfeaaca67458e28181624aa243051733c69f,2026-07-18T20:13:03,True,30805,user_id|item_id|interaction,
study_runs,V100_P0_NANO_I05_R03,study_runs/V100_P0_NANO_I05_R03/checkpoint/8d9208e09373435ba578757c5b440ede_iteration2/generated/HetrecLastFM_Pop_seed303/train.csv,train.csv,.csv,1420455,0947c29e515bb8807a9dcb0b08fcd4566ae83c046b0dd49b1748335e2a6e166d,2026-07-18T20:13:03,True,123456,user_id|item_id|interaction,
study_runs,V100_P0_NANO_I05_R03,study_runs/V100_P0_NANO_I05_R03/checkpoint/8d9208e09373435ba578757c5b440ede_iteration2/generated/HetrecLastFM_Pop_seed404/test.csv,test.csv,.csv,354417,0c656bd1b5fd62b11a90bab3f0265850076768c51a3d10fd6798b6156ad90e6d,2026-07-18T20:13:09,True,30805,user_id|item_id|interaction,
study_runs,V100_P0_NANO_I05_R03,study_runs/V100_P0_NANO_I05_R03/checkpoint/8d9208e09373435ba578757c5b440ede_iteration2/generated/HetrecLastFM_Pop_seed404/train.csv,train.csv,.csv,1420496,018995a9e177b3ef42d876a1577eb7288f40b509841898027fccf2dd53721587,2026-07-18T20:13:09,True,123456,user_id|item_id|interaction,
study_runs,V100_P0_NANO_I05_R03,study_runs/V100_P0_NANO_I05_R03/checkpoint/8d9208e09373435ba578757c5b440ede_iteration2/generated/HetrecLastFM_Pop_seed505/test.csv,test.csv,.csv,354421,f09044e535d936f40b8b42699b802b7300d42af7a68176ea27ad6e257e3e042d,2026-07-18T20:13:15,True,30805,user_id|item_id|interaction,
study_runs,V100_P0_NANO_I05_R03,study_runs/V100_P0_NANO_I05_R03/checkpoint/8d9208e09373435ba578757c5b440ede_iteration2/generated/HetrecLastFM_Pop_seed505/train.csv,train.csv,.csv,1420492,2f5a7373faa3da7e6ad822f95f0f3c4ad33371e9329b2b3d619fec57f00a6ba3,2026-07-18T20:13:15,True,123456,user_id|item_id|interaction,
study_runs,V100_P0_NANO_I05_R03,study_runs/V100_P0_NANO_I05_R03/checkpoint/8d9208e09373435ba578757c5b440ede_iteration2/generated/MovieLens100K_ALS_seed101/test.csv,test.csv,.csv,176751,bfb266ec761618e4af824037ff431f0b22e5f490e666b7ffba606db5518f5cc8,2026-07-18T20:05:33,True,19841,user_id|item_id|interaction,
study_runs,V100_P0_NANO_I05_R03,study_runs/V100_P0_NANO_I05_R03/checkpoint/8d9208e09373435ba578757c5b440ede_iteration2/generated/MovieLens100K_ALS_seed101/train.csv,train.csv,.csv,707691,7a6a01f14d9d16b942b760128322b3545a450fcccc621bc12b385e1a22fa953d,2026-07-18T20:05:33,True,79446,user_id|item_id|interaction,
study_runs,V100_P0_NANO_I05_R03,study_runs/V100_P0_NANO_I05_R03/checkpoint/8d9208e09373435ba578757c5b440ede_iteration2/generated/MovieLens100K_ALS_seed202/test.csv,test.csv,.csv,176751,952112f2734820edbcc69fa417838a1059dd92c0d102c8c0401df2963439ffee,2026-07-18T20:05:34,True,19841,user_id|item_id|interaction,
study_runs,V100_P0_NANO_I05_R03,study_runs/V100_P0_NANO_I05_R03/checkpoint/8d9208e09373435ba578757c5b440ede_iteration2/generated/MovieLens100K_ALS_seed202/train.csv,train.csv,.csv,707691,aa4bb5a7470af5eb81f16225f59cd241dfa344a959ee692907f938f8ca608f2e,2026-07-18T20:05:34,True,79446,user_id|item_id|interaction,
study_runs,V100_P0_NANO_I05_R03,study_runs/V100_P0_NANO_I05_R03/checkpoint/8d9208e09373435ba578757c5b440ede_iteration2/generated/MovieLens100K_ALS_seed303/test.csv,test.csv,.csv,176751,f01dc781e11a6b48207b61d8dfd8b23bbb80820fe2db2de809e80351405186ef,2026-07-18T20:05:35,True,19841,user_id|item_id|interaction,
study_runs,V100_P0_NANO_I05_R03,study_runs/V100_P0_NANO_I05_R03/checkpoint/8d9208e09373435ba578757c5b440ede_iteration2/generated/MovieLens100K_ALS_seed303/train.csv,train.csv,.csv,707691,2b22b23948e1a0e866d09b246b67fd5a82f8e18dfcc40499d31afadc2dc46554,2026-07-18T20:05:35,True,79446,user_id|item_id|interaction,
study_runs,V100_P0_NANO_I05_R03,study_runs/V100_P0_NANO_I05_R03/checkpoint/8d9208e09373435ba578757c5b440ede_iteration2/generated/MovieLens100K_ALS_seed404/test.csv,test.csv,.csv,176751,acc0166c1fc36401ee0514acbc6dff2d2202e29c28ce82cc54c9e60a5ec50661,2026-07-18T20:05:36,True,19841,user_id|item_id|interaction,
study_runs,V100_P0_NANO_I05_R03,study_runs/V100_P0_NANO_I05_R03/checkpoint/8d9208e09373435ba578757c5b440ede_iteration2/generated/MovieLens100K_ALS_seed404/train.csv,train.csv,.csv,707691,9269ba51bcc893d67518dd41898c2dd93afb6329b15a0533b7421656ba64d2ab,2026-07-18T20:05:36,True,79446,user_id|item_id|interaction,
study_runs,V100_P0_NANO_I05_R03,study_runs/V100_P0_NANO_I05_R03/checkpoint/8d9208e09373435ba578757c5b440ede_iteration2/generated/MovieLens100K_ALS_seed505/test.csv,test.csv,.csv,176751,02c87b6680fe4e0120b1ee1b95c1c6f673f54b6a3e926c1b70722b6964f1efbc,2026-07-18T20:05:37,True,19841,user_id|item_id|interaction,
study_runs,V100_P0_NANO_I05_R03,study_runs/V100_P0_NANO_I05_R03/checkpoint/8d9208e09373435ba578757c5b440ede_iteration2/generated/MovieLens100K_ALS_seed505/train.csv,train.csv,.csv,707691,7cabd32132df3957b1f19e69009b90fff546362b1f2d3a28ef605ab7fcd074fe,2026-07-18T20:05:37,True,79446,user_id|item_id|interaction,
study_runs,V100_P0_NANO_I05_R03,study_runs/V100_P0_NANO_I05_R03/checkpoint/8d9208e09373435ba578757c5b440ede_iteration2/generated/MovieLens100K_ItemKNN_seed101/test.csv,test.csv,.csv,176751,bfb266ec761618e4af824037ff431f0b22e5f490e666b7ffba606db5518f5cc8,2026-07-18T20:05:38,True,19841,user_id|item_id|interaction,
study_runs,V100_P0_NANO_I05_R03,study_runs/V100_P0_NANO_I05_R03/checkpoint/8d9208e09373435ba578757c5b440ede_iteration2/generated/MovieLens100K_ItemKNN_seed101/train.csv,train.csv,.csv,707691,7a6a01f14d9d16b942b760128322b3545a450fcccc621bc12b385e1a22fa953d,2026-07-18T20:05:38,True,79446,user_id|item_id|interaction,
study_runs,V100_P0_NANO_I05_R03,study_runs/V100_P0_NANO_I05_R03/checkpoint/8d9208e09373435ba578757c5b440ede_iteration2/generated/MovieLens100K_ItemKNN_seed202/test.csv,test.csv,.csv,176751,952112f2734820edbcc69fa417838a1059dd92c0d102c8c0401df2963439ffee,2026-07-18T20:05:39,True,19841,user_id|item_id|interaction,
study_runs,V100_P0_NANO_I05_R03,study_runs/V100_P0_NANO_I05_R03/checkpoint/8d9208e09373435ba578757c5b440ede_iteration2/generated/MovieLens100K_ItemKNN_seed202/train.csv,train.csv,.csv,707691,aa4bb5a7470af5eb81f16225f59cd241dfa344a959ee692907f938f8ca608f2e,2026-07-18T20:05:39,True,79446,user_id|item_id|interaction,
study_runs,V100_P0_NANO_I05_R03,study_runs/V100_P0_NANO_I05_R03/checkpoint/8d9208e09373435ba578757c5b440ede_iteration2/generated/MovieLens100K_ItemKNN_seed303/test.csv,test.csv,.csv,176751,f01dc781e11a6b48207b61d8dfd8b23bbb80820fe2db2de809e80351405186ef,2026-07-18T20:05:40,True,19841,user_id|item_id|interaction,
study_runs,V100_P0_NANO_I05_R03,study_runs/V100_P0_NANO_I05_R03/checkpoint/8d9208e09373435ba578757c5b440ede_iteration2/generated/MovieLens100K_ItemKNN_seed303/train.csv,train.csv,.csv,707691,2b22b23948e1a0e866d09b246b67fd5a82f8e18dfcc40499d31afadc2dc46554,2026-07-18T20:05:40,True,79446,user_id|item_id|interaction,
study_runs,V100_P0_NANO_I05_R03,study_runs/V100_P0_NANO_I05_R03/checkpoint/8d9208e09373435ba578757c5b440ede_iteration2/generated/MovieLens100K_ItemKNN_seed404/test.csv,test.csv,.csv,176751,acc0166c1fc36401ee0514acbc6dff2d2202e29c28ce82cc54c9e60a5ec50661,2026-07-18T20:05:41,True,19841,user_id|item_id|interaction,
study_runs,V100_P0_NANO_I05_R03,study_runs/V100_P0_NANO_I05_R03/checkpoint/8d9208e09373435ba578757c5b440ede_iteration2/generated/MovieLens100K_ItemKNN_seed404/train.csv,train.csv,.csv,707691,9269ba51bcc893d67518dd41898c2dd93afb6329b15a0533b7421656ba64d2ab,2026-07-18T20:05:41,True,79446,user_id|item_id|interaction,
study_runs,V100_P0_NANO_I05_R03,study_runs/V100_P0_NANO_I05_R03/checkpoint/8d9208e09373435ba578757c5b440ede_iteration2/generated/MovieLens100K_ItemKNN_seed505/test.csv,test.csv,.csv,176751,02c87b6680fe4e0120b1ee1b95c1c6f673f54b6a3e926c1b70722b6964f1efbc,2026-07-18T20:05:42,True,19841,user_id|item_id|interaction,
study_runs,V100_P0_NANO_I05_R03,study_runs/V100_P0_NANO_I05_R03/checkpoint/8d9208e09373435ba578757c5b440ede_iteration2/generated/MovieLens100K_ItemKNN_seed505/train.csv,train.csv,.csv,707691,7cabd32132df3957b1f19e69009b90fff546362b1f2d3a28ef605ab7fcd074fe,2026-07-18T20:05:42,True,79446,user_id|item_id|interaction,
study_runs,V100_P0_NANO_I05_R03,study_runs/V100_P0_NANO_I05_R03/checkpoint/8d9208e09373435ba578757c5b440ede_iteration2/generated/MovieLens100K_Pop_seed101/test.csv,test.csv,.csv,176751,bfb266ec761618e4af824037ff431f0b22e5f490e666b7ffba606db5518f5cc8,2026-07-18T20:05:43,True,19841,user_id|item_id|interaction,
study_runs,V100_P0_NANO_I05_R03,study_runs/V100_P0_NANO_I05_R03/checkpoint/8d9208e09373435ba578757c5b440ede_iteration2/generated/MovieLens100K_Pop_seed101/train.csv,train.csv,.csv,707691,7a6a01f14d9d16b942b760128322b3545a450fcccc621bc12b385e1a22fa953d,2026-07-18T20:05:43,True,79446,user_id|item_id|interaction,
study_runs,V100_P0_NANO_I05_R03,study_runs/V100_P0_NANO_I05_R03/checkpoint/8d9208e09373435ba578757c5b440ede_iteration2/generated/MovieLens100K_Pop_seed202/test.csv,test.csv,.csv,176751,952112f2734820edbcc69fa417838a1059dd92c0d102c8c0401df2963439ffee,2026-07-18T20:05:44,True,19841,user_id|item_id|interaction,
study_runs,V100_P0_NANO_I05_R03,study_runs/V100_P0_NANO_I05_R03/checkpoint/8d9208e09373435ba578757c5b440ede_iteration2/generated/MovieLens100K_Pop_seed202/train.csv,train.csv,.csv,707691,aa4bb5a7470af5eb81f16225f59cd241dfa344a959ee692907f938f8ca608f2e,2026-07-18T20:05:44,True,79446,user_id|item_id|interaction,
study_runs,V100_P0_NANO_I05_R03,study_runs/V100_P0_NANO_I05_R03/checkpoint/8d9208e09373435ba578757c5b440ede_iteration2/generated/MovieLens100K_Pop_seed303/test.csv,test.csv,.csv,176751,f01dc781e11a6b48207b61d8dfd8b23bbb80820fe2db2de809e80351405186ef,2026-07-18T20:05:45,True,19841,user_id|item_id|interaction,
study_runs,V100_P0_NANO_I05_R03,study_runs/V100_P0_NANO_I05_R03/checkpoint/8d9208e09373435ba578757c5b440ede_iteration2/generated/MovieLens100K_Pop_seed303/train.csv,train.csv,.csv,707691,2b22b23948e1a0e866d09b246b67fd5a82f8e18dfcc40499d31afadc2dc46554,2026-07-18T20:05:45,True,79446,user_id|item_id|interaction,
study_runs,V100_P0_NANO_I05_R03,study_runs/V100_P0_NANO_I05_R03/checkpoint/8d9208e09373435ba578757c5b440ede_iteration2/generated/MovieLens100K_Pop_seed404/test.csv,test.csv,.csv,176751,acc0166c1fc36401ee0514acbc6dff2d2202e29c28ce82cc54c9e60a5ec50661,2026-07-18T20:05:46,True,19841,user_id|item_id|interaction,
study_runs,V100_P0_NANO_I05_R03,study_runs/V100_P0_NANO_I05_R03/checkpoint/8d9208e09373435ba578757c5b440ede_iteration2/generated/MovieLens100K_Pop_seed404/train.csv,train.csv,.csv,707691,9269ba51bcc893d67518dd41898c2dd93afb6329b15a0533b7421656ba64d2ab,2026-07-18T20:05:46,True,79446,user_id|item_id|interaction,
study_runs,V100_P0_NANO_I05_R03,study_runs/V100_P0_NANO_I05_R03/checkpoint/8d9208e09373435ba578757c5b440ede_iteration2/generated/MovieLens100K_Pop_seed505/test.csv,test.csv,.csv,176751,02c87b6680fe4e0120b1ee1b95c1c6f673f54b6a3e926c1b70722b6964f1efbc,2026-07-18T20:05:47,True,19841,user_id|item_id|interaction,
study_runs,V100_P0_NANO_I05_R03,study_runs/V100_P0_NANO_I05_R03/checkpoint/8d9208e09373435ba578757c5b440ede_iteration2/generated/MovieLens100K_Pop_seed505/train.csv,train.csv,.csv,707691,7cabd32132df3957b1f19e69009b90fff546362b1f2d3a28ef605ab7fcd074fe,2026-07-18T20:05:47,True,79446,user_id|item_id|interaction,
study_runs,V100_P0_NANO_I05_R03,study_runs/V100_P0_NANO_I05_R03/checkpoint/8d9208e09373435ba578757c5b440ede_iteration2/generated/results/metrics_Amazon2018VideoGames_ALS_seed101.csv,metrics_Amazon2018VideoGames_ALS_seed101.csv,.csv,202,f108bbcd627cd451ea94a0920c1859f8cce602ceb04ed3c1ed128f8ebfeeee7a,2026-07-18T20:06:11,True,1,dataset|algorithm|seed|train_rows|test_rows|ndcg_ndcg@1|ndcg_precision@1|ndcg_ndcg@5|ndcg_precision@5|ndcg_ndcg@10|ndcg_precision@10,
study_runs,V100_P0_NANO_I05_R03,study_runs/V100_P0_NANO_I05_R03/checkpoint/8d9208e09373435ba578757c5b440ede_iteration2/generated/results/metrics_Amazon2018VideoGames_ALS_seed202.csv,metrics_Amazon2018VideoGames_ALS_seed202.csv,.csv,202,ae9a150b0a1ca7bddc3ba476b3cb38ead3f57275653e1e75bf0d4d421801c448,2026-07-18T20:06:35,True,1,dataset|algorithm|seed|train_rows|test_rows|ndcg_ndcg@1|ndcg_precision@1|ndcg_ndcg@5|ndcg_precision@5|ndcg_ndcg@10|ndcg_precision@10,
study_runs,V100_P0_NANO_I05_R03,study_runs/V100_P0_NANO_I05_R03/checkpoint/8d9208e09373435ba578757c5b440ede_iteration2/generated/results/metrics_Amazon2018VideoGames_ALS_seed303.csv,metrics_Amazon2018VideoGames_ALS_seed303.csv,.csv,202,087d9072c4f4c128edd6d1a71b9aadf9921b5082011c9c81746f77536570006a,2026-07-18T20:06:58,True,1,dataset|algorithm|seed|train_rows|test_rows|ndcg_ndcg@1|ndcg_precision@1|ndcg_ndcg@5|ndcg_precision@5|ndcg_ndcg@10|ndcg_precision@10,
study_runs,V100_P0_NANO_I05_R03,study_runs/V100_P0_NANO_I05_R03/checkpoint/8d9208e09373435ba578757c5b440ede_iteration2/generated/results/metrics_Amazon2018VideoGames_ALS_seed404.csv,metrics_Amazon2018VideoGames_ALS_seed404.csv,.csv,202,996bebca4650ed9b5813325e3a50516b7d0974aa0e04f0e3c95121311243dfe6,2026-07-18T20:07:21,True,1,dataset|algorithm|seed|train_rows|test_rows|ndcg_ndcg@1|ndcg_precision@1|ndcg_ndcg@5|ndcg_precision@5|ndcg_ndcg@10|ndcg_precision@10,
study_runs,V100_P0_NANO_I05_R03,study_runs/V100_P0_NANO_I05_R03/checkpoint/8d9208e09373435ba578757c5b440ede_iteration2/generated/results/metrics_Amazon2018VideoGames_ALS_seed505.csv,metrics_Amazon2018VideoGames_ALS_seed505.csv,.csv,202,8b7e364d12f00df3a08840451bfa1707178634c7aa82926058a3f86d2cc30720,2026-07-18T20:07:45,True,1,dataset|algorithm|seed|train_rows|test_rows|ndcg_ndcg@1|ndcg_precision@1|ndcg_ndcg@5|ndcg_precision@5|ndcg_ndcg@10|ndcg_precision@10,
study_runs,V100_P0_NANO_I05_R03,study_runs/V100_P0_NANO_I05_R03/checkpoint/8d9208e09373435ba578757c5b440ede_iteration2/generated/results/metrics_Amazon2018VideoGames_ItemKNN_seed101.csv,metrics_Amazon2018VideoGames_ItemKNN_seed101.csv,.csv,206,898fd062b2f36c1f63919a39ad33dc20e080d3a585f8871ef3c02bfc95b5ff3e,2026-07-18T20:08:08,True,1,dataset|algorithm|seed|train_rows|test_rows|ndcg_ndcg@1|ndcg_precision@1|ndcg_ndcg@5|ndcg_precision@5|ndcg_ndcg@10|ndcg_precision@10,
study_runs,V100_P0_NANO_I05_R03,study_runs/V100_P0_NANO_I05_R03/checkpoint/8d9208e09373435ba578757c5b440ede_iteration2/generated/results/metrics_Amazon2018VideoGames_ItemKNN_seed202.csv,metrics_Amazon2018VideoGames_ItemKNN_seed202.csv,.csv,206,a9ff970048733e4347a19727b76b3318ac24c6bf898f2438ef8e568ca911b0b3,2026-07-18T20:08:32,True,1,dataset|algorithm|seed|train_rows|test_rows|ndcg_ndcg@1|ndcg_precision@1|ndcg_ndcg@5|ndcg_precision@5|ndcg_ndcg@10|ndcg_precision@10,
study_runs,V100_P0_NANO_I05_R03,study_runs/V100_P0_NANO_I05_R03/checkpoint/8d9208e09373435ba578757c5b440ede_iteration2/generated/results/metrics_Amazon2018VideoGames_ItemKNN_seed303.csv,metrics_Amazon2018VideoGames_ItemKNN_seed303.csv,.csv,206,3d57c17b6da293d322db4480ed1735619dacef7151788c25367266fad66695cc,2026-07-18T20:08:55,True,1,dataset|algorithm|seed|train_rows|test_rows|ndcg_ndcg@1|ndcg_precision@1|ndcg_ndcg@5|ndcg_precision@5|ndcg_ndcg@10|ndcg_precision@10,
study_runs,V100_P0_NANO_I05_R03,study_runs/V100_P0_NANO_I05_R03/checkpoint/8d9208e09373435ba578757c5b440ede_iteration2/generated/results/metrics_Amazon2018VideoGames_ItemKNN_seed404.csv,metrics_Amazon2018VideoGames_ItemKNN_seed404.csv,.csv,206,be9096568c3d7640a443356d27897a09d245335cc84e14b07a28f04b170bbdc7,2026-07-18T20:09:19,True,1,dataset|algorithm|seed|train_rows|test_rows|ndcg_ndcg@1|ndcg_precision@1|ndcg_ndcg@5|ndcg_precision@5|ndcg_ndcg@10|ndcg_precision@10,
study_runs,V100_P0_NANO_I05_R03,study_runs/V100_P0_NANO_I05_R03/checkpoint/8d9208e09373435ba578757c5b440ede_iteration2/generated/results/metrics_Amazon2018VideoGames_ItemKNN_seed505.csv,metrics_Amazon2018VideoGames_ItemKNN_seed505.csv,.csv,206,b1a4e40f4ecd000c6bd99d11b209f80c68a5e734bfe9a7369fa923e060a64777,2026-07-18T20:09:42,True,1,dataset|algorithm|seed|train_rows|test_rows|ndcg_ndcg@1|ndcg_precision@1|ndcg_ndcg@5|ndcg_precision@5|ndcg_ndcg@10|ndcg_precision@10,
study_runs,V100_P0_NANO_I05_R03,study_runs/V100_P0_NANO_I05_R03/checkpoint/8d9208e09373435ba578757c5b440ede_iteration2/generated/results/metrics_Amazon2018VideoGames_Pop_seed101.csv,metrics_Amazon2018VideoGames_Pop_seed101.csv,.csv,202,5295a5c221a42e02f49cfcda89d9bc1b60e7fe731287e9d95449cf7f27b824de,2026-07-18T20:10:06,True,1,dataset|algorithm|seed|train_rows|test_rows|ndcg_ndcg@1|ndcg_precision@1|ndcg_ndcg@5|ndcg_precision@5|ndcg_ndcg@10|ndcg_precision@10,
study_runs,V100_P0_NANO_I05_R03,study_runs/V100_P0_NANO_I05_R03/checkpoint/8d9208e09373435ba578757c5b440ede_iteration2/generated/results/metrics_Amazon2018VideoGames_Pop_seed202.csv,metrics_Amazon2018VideoGames_Pop_seed202.csv,.csv,202,6f1949310b068a8e22244bd1cf20bb7b792dc6fbb5de40a0185dfcc43445e23f,2026-07-18T20:10:30,True,1,dataset|algorithm|seed|train_rows|test_rows|ndcg_ndcg@1|ndcg_precision@1|ndcg_ndcg@5|ndcg_precision@5|ndcg_ndcg@10|ndcg_precision@10,
study_runs,V100_P0_NANO_I05_R03,study_runs/V100_P0_NANO_I05_R03/checkpoint/8d9208e09373435ba578757c5b440ede_iteration2/generated/results/metrics_Amazon2018VideoGames_Pop_seed303.csv,metrics_Amazon2018VideoGames_Pop_seed303.csv,.csv,202,dc22c48f8c4e1f973a15a43c623ae2e07b865b474d1c65f1735902d1653a8564,2026-07-18T20:10:55,True,1,dataset|algorithm|seed|train_rows|test_rows|ndcg_ndcg@1|ndcg_precision@1|ndcg_ndcg@5|ndcg_precision@5|ndcg_ndcg@10|ndcg_precision@10,
study_runs,V100_P0_NANO_I05_R03,study_runs/V100_P0_NANO_I05_R03/checkpoint/8d9208e09373435ba578757c5b440ede_iteration2/generated/results/metrics_Amazon2018VideoGames_Pop_seed404.csv,metrics_Amazon2018VideoGames_Pop_seed404.csv,.csv,202,3a859398e35799cd2b68df3d400661489d140b112c96b2e6a882f5b2b1185190,2026-07-18T20:11:19,True,1,dataset|algorithm|seed|train_rows|test_rows|ndcg_ndcg@1|ndcg_precision@1|ndcg_ndcg@5|ndcg_precision@5|ndcg_ndcg@10|ndcg_precision@10,
study_runs,V100_P0_NANO_I05_R03,study_runs/V100_P0_NANO_I05_R03/checkpoint/8d9208e09373435ba578757c5b440ede_iteration2/generated/results/metrics_Amazon2018VideoGames_Pop_seed505.csv,metrics_Amazon2018VideoGames_Pop_seed505.csv,.csv,202,654486f010c36d14d8dff2f63f6bac2b78dbf7f990d789569a4ce60b9da83583,2026-07-18T20:11:43,True,1,dataset|algorithm|seed|train_rows|test_rows|ndcg_ndcg@1|ndcg_precision@1|ndcg_ndcg@5|ndcg_precision@5|ndcg_ndcg@10|ndcg_precision@10,
study_runs,V100_P0_NANO_I05_R03,study_runs/V100_P0_NANO_I05_R03/checkpoint/8d9208e09373435ba578757c5b440ede_iteration2/generated/results/metrics_HetrecLastFM_ALS_seed101.csv,metrics_HetrecLastFM_ALS_seed101.csv,.csv,193,6d1211342284bdb11e771f1c85da08fe9fd66cff3d5abde4bbf57084c9cda570,2026-07-18T20:11:49,True,1,dataset|algorithm|seed|train_rows|test_rows|ndcg_ndcg@1|ndcg_precision@1|ndcg_ndcg@5|ndcg_precision@5|ndcg_ndcg@10|ndcg_precision@10,
study_runs,V100_P0_NANO_I05_R03,study_runs/V100_P0_NANO_I05_R03/checkpoint/8d9208e09373435ba578757c5b440ede_iteration2/generated/results/metrics_HetrecLastFM_ALS_seed202.csv,metrics_HetrecLastFM_ALS_seed202.csv,.csv,193,4f82ec09e51166a788535d3c6ebf7b7b32dc1971a8bac7aa4ec6852ca211876a,2026-07-18T20:11:55,True,1,dataset|algorithm|seed|train_rows|test_rows|ndcg_ndcg@1|ndcg_precision@1|ndcg_ndcg@5|ndcg_precision@5|ndcg_ndcg@10|ndcg_precision@10,
study_runs,V100_P0_NANO_I05_R03,study_runs/V100_P0_NANO_I05_R03/checkpoint/8d9208e09373435ba578757c5b440ede_iteration2/generated/results/metrics_HetrecLastFM_ALS_seed303.csv,metrics_HetrecLastFM_ALS_seed303.csv,.csv,193,6e0cb2771357b0a78d54e0eccc493c9e0b235c4c0ec915f2320c626d1cb961f4,2026-07-18T20:12:01,True,1,dataset|algorithm|seed|train_rows|test_rows|ndcg_ndcg@1|ndcg_precision@1|ndcg_ndcg@5|ndcg_precision@5|ndcg_ndcg@10|ndcg_precision@10,
study_runs,V100_P0_NANO_I05_R03,study_runs/V100_P0_NANO_I05_R03/checkpoint/8d9208e09373435ba578757c5b440ede_iteration2/generated/results/metrics_HetrecLastFM_ALS_seed404.csv,metrics_HetrecLastFM_ALS_seed404.csv,.csv,193,03018725ae1bfe518d32346e098577e66a6fb524852775ca119a0f698e4bf39d,2026-07-18T20:12:07,True,1,dataset|algorithm|seed|train_rows|test_rows|ndcg_ndcg@1|ndcg_precision@1|ndcg_ndcg@5|ndcg_precision@5|ndcg_ndcg@10|ndcg_precision@10,
study_runs,V100_P0_NANO_I05_R03,study_runs/V100_P0_NANO_I05_R03/checkpoint/8d9208e09373435ba578757c5b440ede_iteration2/generated/results/metrics_HetrecLastFM_ALS_seed505.csv,metrics_HetrecLastFM_ALS_seed505.csv,.csv,193,12611644c48584ad81073681631f8a33207c6dd36dc33de05e8ce14d9a953ed5,2026-07-18T20:12:14,True,1,dataset|algorithm|seed|train_rows|test_rows|ndcg_ndcg@1|ndcg_precision@1|ndcg_ndcg@5|ndcg_precision@5|ndcg_ndcg@10|ndcg_precision@10,
study_runs,V100_P0_NANO_I05_R03,study_runs/V100_P0_NANO_I05_R03/checkpoint/8d9208e09373435ba578757c5b440ede_iteration2/generated/results/metrics_HetrecLastFM_ItemKNN_seed101.csv,metrics_HetrecLastFM_ItemKNN_seed101.csv,.csv,197,4c3ae7fdce75061e98cc020dce5796d3c6e4cbe0b2657854b29f4f871a54b8ad,2026-07-18T20:12:20,True,1,dataset|algorithm|seed|train_rows|test_rows|ndcg_ndcg@1|ndcg_precision@1|ndcg_ndcg@5|ndcg_precision@5|ndcg_ndcg@10|ndcg_precision@10,
study_runs,V100_P0_NANO_I05_R03,study_runs/V100_P0_NANO_I05_R03/checkpoint/8d9208e09373435ba578757c5b440ede_iteration2/generated/results/metrics_HetrecLastFM_ItemKNN_seed202.csv,metrics_HetrecLastFM_ItemKNN_seed202.csv,.csv,197,8482d50c3201b7b1e4b768a9074b85bb357204b99dab644d5bd2d8c65c3ae51a,2026-07-18T20:12:26,True,1,dataset|algorithm|seed|train_rows|test_rows|ndcg_ndcg@1|ndcg_precision@1|ndcg_ndcg@5|ndcg_precision@5|ndcg_ndcg@10|ndcg_precision@10,
study_runs,V100_P0_NANO_I05_R03,study_runs/V100_P0_NANO_I05_R03/checkpoint/8d9208e09373435ba578757c5b440ede_iteration2/generated/results/metrics_HetrecLastFM_ItemKNN_seed303.csv,metrics_HetrecLastFM_ItemKNN_seed303.csv,.csv,197,0ba54a2284a74ecfb5c9ed253cfd05d85ae0d1855ccb68e5a65f888f2ab73157,2026-07-18T20:12:32,True,1,dataset|algorithm|seed|train_rows|test_rows|ndcg_ndcg@1|ndcg_precision@1|ndcg_ndcg@5|ndcg_precision@5|ndcg_ndcg@10|ndcg_precision@10,
study_runs,V100_P0_NANO_I05_R03,study_runs/V100_P0_NANO_I05_R03/checkpoint/8d9208e09373435ba578757c5b440ede_iteration2/generated/results/metrics_HetrecLastFM_ItemKNN_seed404.csv,metrics_HetrecLastFM_ItemKNN_seed404.csv,.csv,197,dc8b4fd82a7f792c1fb66c1bc8f72d2a40a8f62a0829bc04c688c318a9aa9b83,2026-07-18T20:12:38,True,1,dataset|algorithm|seed|train_rows|test_rows|ndcg_ndcg@1|ndcg_precision@1|ndcg_ndcg@5|ndcg_precision@5|ndcg_ndcg@10|ndcg_precision@10,
study_runs,V100_P0_NANO_I05_R03,study_runs/V100_P0_NANO_I05_R03/checkpoint/8d9208e09373435ba578757c5b440ede_iteration2/generated/results/metrics_HetrecLastFM_ItemKNN_seed505.csv,metrics_HetrecLastFM_ItemKNN_seed505.csv,.csv,197,2d771d6d00ae8889f9b71d9ce03dd82bd30a60ed5daa95a6fdc173a538d06115,2026-07-18T20:12:44,True,1,dataset|algorithm|seed|train_rows|test_rows|ndcg_ndcg@1|ndcg_precision@1|ndcg_ndcg@5|ndcg_precision@5|ndcg_ndcg@10|ndcg_precision@10,
study_runs,V100_P0_NANO_I05_R03,study_runs/V100_P0_NANO_I05_R03/checkpoint/8d9208e09373435ba578757c5b440ede_iteration2/generated/results/metrics_HetrecLastFM_Pop_seed101.csv,metrics_HetrecLastFM_Pop_seed101.csv,.csv,193,9362a7f26592e6af295fedb169c961c50f96f07f21d74231f548d8dc16a88194,2026-07-18T20:12:50,True,1,dataset|algorithm|seed|train_rows|test_rows|ndcg_ndcg@1|ndcg_precision@1|ndcg_ndcg@5|ndcg_precision@5|ndcg_ndcg@10|ndcg_precision@10,
study_runs,V100_P0_NANO_I05_R03,study_runs/V100_P0_NANO_I05_R03/checkpoint/8d9208e09373435ba578757c5b440ede_iteration2/generated/results/metrics_HetrecLastFM_Pop_seed202.csv,metrics_HetrecLastFM_Pop_seed202.csv,.csv,193,d8f3c4d5e16caa548bfdad5214a621d11050cb252e75a64747c655f98f020be8,2026-07-18T20:12:56,True,1,dataset|algorithm|seed|train_rows|test_rows|ndcg_ndcg@1|ndcg_precision@1|ndcg_ndcg@5|ndcg_precision@5|ndcg_ndcg@10|ndcg_precision@10,
study_runs,V100_P0_NANO_I05_R03,study_runs/V100_P0_NANO_I05_R03/checkpoint/8d9208e09373435ba578757c5b440ede_iteration2/generated/results/metrics_HetrecLastFM_Pop_seed303.csv,metrics_HetrecLastFM_Pop_seed303.csv,.csv,193,4d189758db8d6d9d6e50d0b1952c5b6b4a9ac38c8c599606550d2a340918bd29,2026-07-18T20:13:03,True,1,dataset|algorithm|seed|train_rows|test_rows|ndcg_ndcg@1|ndcg_precision@1|ndcg_ndcg@5|ndcg_precision@5|ndcg_ndcg@10|ndcg_precision@10,
study_runs,V100_P0_NANO_I05_R03,study_runs/V100_P0_NANO_I05_R03/checkpoint/8d9208e09373435ba578757c5b440ede_iteration2/generated/results/metrics_HetrecLastFM_Pop_seed404.csv,metrics_HetrecLastFM_Pop_seed404.csv,.csv,193,9abc7f1dbaf8c462a12160f6c4a3c34004cd3e388ba995a39a29a4a965625d96,2026-07-18T20:13:09,True,1,dataset|algorithm|seed|train_rows|test_rows|ndcg_ndcg@1|ndcg_precision@1|ndcg_ndcg@5|ndcg_precision@5|ndcg_ndcg@10|ndcg_precision@10,
study_runs,V100_P0_NANO_I05_R03,study_runs/V100_P0_NANO_I05_R03/checkpoint/8d9208e09373435ba578757c5b440ede_iteration2/generated/results/metrics_HetrecLastFM_Pop_seed505.csv,metrics_HetrecLastFM_Pop_seed505.csv,.csv,193,edc7b5fde1bb7b1d4a7bf7247dcda0a97a2a27b86681b74f7414523672124d31,2026-07-18T20:13:15,True,1,dataset|algorithm|seed|train_rows|test_rows|ndcg_ndcg@1|ndcg_precision@1|ndcg_ndcg@5|ndcg_precision@5|ndcg_ndcg@10|ndcg_precision@10,
study_runs,V100_P0_NANO_I05_R03,study_runs/V100_P0_NANO_I05_R03/checkpoint/8d9208e09373435ba578757c5b440ede_iteration2/generated/results/metrics_MovieLens100K_ALS_seed101.csv,metrics_MovieLens100K_ALS_seed101.csv,.csv,193,c1f7cb75cc30f4f9213c6dc53bd9283aec595e7a97b71135571512057d9adcd0,2026-07-18T20:05:33,True,1,dataset|algorithm|seed|train_rows|test_rows|ndcg_ndcg@1|ndcg_precision@1|ndcg_ndcg@5|ndcg_precision@5|ndcg_ndcg@10|ndcg_precision@10,
study_runs,V100_P0_NANO_I05_R03,study_runs/V100_P0_NANO_I05_R03/checkpoint/8d9208e09373435ba578757c5b440ede_iteration2/generated/results/metrics_MovieLens100K_ALS_seed202.csv,metrics_MovieLens100K_ALS_seed202.csv,.csv,193,6c5bf86fd8d97bd8bffbc6a0adfa6843c2135b958d6b0ad17317f18499977d3e,2026-07-18T20:05:34,True,1,dataset|algorithm|seed|train_rows|test_rows|ndcg_ndcg@1|ndcg_precision@1|ndcg_ndcg@5|ndcg_precision@5|ndcg_ndcg@10|ndcg_precision@10,
study_runs,V100_P0_NANO_I05_R03,study_runs/V100_P0_NANO_I05_R03/checkpoint/8d9208e09373435ba578757c5b440ede_iteration2/generated/results/metrics_MovieLens100K_ALS_seed303.csv,metrics_MovieLens100K_ALS_seed303.csv,.csv,193,ebe5a88bfb8fba0074b3559098edd61a41902993479f24ef6a8ac1547d3d3b76,2026-07-18T20:05:35,True,1,dataset|algorithm|seed|train_rows|test_rows|ndcg_ndcg@1|ndcg_precision@1|ndcg_ndcg@5|ndcg_precision@5|ndcg_ndcg@10|ndcg_precision@10,
study_runs,V100_P0_NANO_I05_R03,study_runs/V100_P0_NANO_I05_R03/checkpoint/8d9208e09373435ba578757c5b440ede_iteration2/generated/results/metrics_MovieLens100K_ALS_seed404.csv,metrics_MovieLens100K_ALS_seed404.csv,.csv,193,adc5758b15b537221233785f7b8611f0a95c7e80af3571536fa405c0bbd4cfec,2026-07-18T20:05:36,True,1,dataset|algorithm|seed|train_rows|test_rows|ndcg_ndcg@1|ndcg_precision@1|ndcg_ndcg@5|ndcg_precision@5|ndcg_ndcg@10|ndcg_precision@10,
study_runs,V100_P0_NANO_I05_R03,study_runs/V100_P0_NANO_I05_R03/checkpoint/8d9208e09373435ba578757c5b440ede_iteration2/generated/results/metrics_MovieLens100K_ALS_seed505.csv,metrics_MovieLens100K_ALS_seed505.csv,.csv,193,6b0f0ec050eabdc97edc90663149cf3e8c82ccd71c3647c99ba8ca519ea819c2,2026-07-18T20:05:37,True,1,dataset|algorithm|seed|train_rows|test_rows|ndcg_ndcg@1|ndcg_precision@1|ndcg_ndcg@5|ndcg_precision@5|ndcg_ndcg@10|ndcg_precision@10,
study_runs,V100_P0_NANO_I05_R03,study_runs/V100_P0_NANO_I05_R03/checkpoint/8d9208e09373435ba578757c5b440ede_iteration2/generated/results/metrics_MovieLens100K_ItemKNN_seed101.csv,metrics_MovieLens100K_ItemKNN_seed101.csv,.csv,197,b3d22c51b966d94492cb70ba6f2c1f061ab568557be95baeba125c1b0073b45b,2026-07-18T20:05:38,True,1,dataset|algorithm|seed|train_rows|test_rows|ndcg_ndcg@1|ndcg_precision@1|ndcg_ndcg@5|ndcg_precision@5|ndcg_ndcg@10|ndcg_precision@10,
study_runs,V100_P0_NANO_I05_R03,study_runs/V100_P0_NANO_I05_R03/checkpoint/8d9208e09373435ba578757c5b440ede_iteration2/generated/results/metrics_MovieLens100K_ItemKNN_seed202.csv,metrics_MovieLens100K_ItemKNN_seed202.csv,.csv,197,67a99b485711380e8e6459f978eb3a3682fbc6ff9db0b4fe1bf8411835de5848,2026-07-18T20:05:39,True,1,dataset|algorithm|seed|train_rows|test_rows|ndcg_ndcg@1|ndcg_precision@1|ndcg_ndcg@5|ndcg_precision@5|ndcg_ndcg@10|ndcg_precision@10,
study_runs,V100_P0_NANO_I05_R03,study_runs/V100_P0_NANO_I05_R03/checkpoint/8d9208e09373435ba578757c5b440ede_iteration2/generated/results/metrics_MovieLens100K_ItemKNN_seed303.csv,metrics_MovieLens100K_ItemKNN_seed303.csv,.csv,197,655d6297c2af1d5c3e6a6c3d1699763f49bfe99e4a40744745eff6e22262baf0,2026-07-18T20:05:40,True,1,dataset|algorithm|seed|train_rows|test_rows|ndcg_ndcg@1|ndcg_precision@1|ndcg_ndcg@5|ndcg_precision@5|ndcg_ndcg@10|ndcg_precision@10,
study_runs,V100_P0_NANO_I05_R03,study_runs/V100_P0_NANO_I05_R03/checkpoint/8d9208e09373435ba578757c5b440ede_iteration2/generated/results/metrics_MovieLens100K_ItemKNN_seed404.csv,metrics_MovieLens100K_ItemKNN_seed404.csv,.csv,197,8ab3c12d4dcba383f951fd8b272f0847e508e494f4ddae4012f3f14c56590c5e,2026-07-18T20:05:41,True,1,dataset|algorithm|seed|train_rows|test_rows|ndcg_ndcg@1|ndcg_precision@1|ndcg_ndcg@5|ndcg_precision@5|ndcg_ndcg@10|ndcg_precision@10,
study_runs,V100_P0_NANO_I05_R03,study_runs/V100_P0_NANO_I05_R03/checkpoint/8d9208e09373435ba578757c5b440ede_iteration2/generated/results/metrics_MovieLens100K_ItemKNN_seed505.csv,metrics_MovieLens100K_ItemKNN_seed505.csv,.csv,197,b2e5ddd90555f573da27d1c053cd0160560501e8fe652dadc50d93fe9942672f,2026-07-18T20:05:42,True,1,dataset|algorithm|seed|train_rows|test_rows|ndcg_ndcg@1|ndcg_precision@1|ndcg_ndcg@5|ndcg_precision@5|ndcg_ndcg@10|ndcg_precision@10,
study_runs,V100_P0_NANO_I05_R03,study_runs/V100_P0_NANO_I05_R03/checkpoint/8d9208e09373435ba578757c5b440ede_iteration2/generated/results/metrics_MovieLens100K_Pop_seed101.csv,metrics_MovieLens100K_Pop_seed101.csv,.csv,193,df6c58466a045abff7771e75a6ee8811bb094fa8b34e7092b7c95e79e16d3cd3,2026-07-18T20:05:43,True,1,dataset|algorithm|seed|train_rows|test_rows|ndcg_ndcg@1|ndcg_precision@1|ndcg_ndcg@5|ndcg_precision@5|ndcg_ndcg@10|ndcg_precision@10,
study_runs,V100_P0_NANO_I05_R03,study_runs/V100_P0_NANO_I05_R03/checkpoint/8d9208e09373435ba578757c5b440ede_iteration2/generated/results/metrics_MovieLens100K_Pop_seed202.csv,metrics_MovieLens100K_Pop_seed202.csv,.csv,193,772717e602fb10a128f55a8434ccef9b31df5d5067bec0faba14eac9eae97118,2026-07-18T20:05:44,True,1,dataset|algorithm|seed|train_rows|test_rows|ndcg_ndcg@1|ndcg_precision@1|ndcg_ndcg@5|ndcg_precision@5|ndcg_ndcg@10|ndcg_precision@10,
study_runs,V100_P0_NANO_I05_R03,study_runs/V100_P0_NANO_I05_R03/checkpoint/8d9208e09373435ba578757c5b440ede_iteration2/generated/results/metrics_MovieLens100K_Pop_seed303.csv,metrics_MovieLens100K_Pop_seed303.csv,.csv,193,15e1326509c58c1f0af455f9ea7de05041cb4281121cd2b5dbbf0313ab7b6091,2026-07-18T20:05:45,True,1,dataset|algorithm|seed|train_rows|test_rows|ndcg_ndcg@1|ndcg_precision@1|ndcg_ndcg@5|ndcg_precision@5|ndcg_ndcg@10|ndcg_precision@10,
study_runs,V100_P0_NANO_I05_R03,study_runs/V100_P0_NANO_I05_R03/checkpoint/8d9208e09373435ba578757c5b440ede_iteration2/generated/results/metrics_MovieLens100K_Pop_seed404.csv,metrics_MovieLens100K_Pop_seed404.csv,.csv,193,2e74fba9fe737b29bea0a5e849ba267dc589fadd74fa3f086a30699955f885ac,2026-07-18T20:05:46,True,1,dataset|algorithm|seed|train_rows|test_rows|ndcg_ndcg@1|ndcg_precision@1|ndcg_ndcg@5|ndcg_precision@5|ndcg_ndcg@10|ndcg_precision@10,
study_runs,V100_P0_NANO_I05_R03,study_runs/V100_P0_NANO_I05_R03/checkpoint/8d9208e09373435ba578757c5b440ede_iteration2/generated/results/metrics_MovieLens100K_Pop_seed505.csv,metrics_MovieLens100K_Pop_seed505.csv,.csv,193,87dc89083faeb28f3681129c1938bb1d6dd019374c47c9e2dae34b55099408e2,2026-07-18T20:05:47,True,1,dataset|algorithm|seed|train_rows|test_rows|ndcg_ndcg@1|ndcg_precision@1|ndcg_ndcg@5|ndcg_precision@5|ndcg_ndcg@10|ndcg_precision@10,
study_runs,V100_P0_NANO_I05_R03,study_runs/V100_P0_NANO_I05_R03/costs_log.csv,costs_log.csv,.csv,16381,58025ebc1ebd67f707299c7d3f4a3f37d9ed77a48c54f1d4e08edc577cfd1d30,2026-07-18T20:18:15,True,171,Position|Timestamp|Model|Prompt Tokens|Prompt USD|Completion Tokens|Completion USD|Total Tokens|Total USD,
study_runs,V100_P0_NANO_I05_R03_FAILED_ENCODING,study_runs/V100_P0_NANO_I05_R03_FAILED_ENCODING/costs_log.csv,costs_log.csv,.csv,4138,4a4470dcd8cdf25a1a0e7ca20b39d081d1cc29ed77be1984527df385a67cdb1d,2026-07-18T12:56:24,True,42,Position|Timestamp|Model|Prompt Tokens|Prompt USD|Completion Tokens|Completion USD|Total Tokens|Total USD,
study_runs,V100_P0_NANO_I05_R04,study_runs/V100_P0_NANO_I05_R04/checkpoint/3b4ae39deb8149c993ec76ca773da586_iteration1/generated/results/summary.csv,summary.csv,.csv,711,a95cde62b9a1070a028f400750d7e02cfd3197b100357184ca24883c16fd69c3,2026-07-18T14:59:00,True,15,dataset|algorithm|seed|runs,
study_runs,V100_P0_NANO_I05_R04,study_runs/V100_P0_NANO_I05_R04/costs_log.csv,costs_log.csv,.csv,14827,675ff119c3794dd7b95fa0f3f1d9f0ef9875d4915437a8ad95bf316ada1999d1,2026-07-18T15:09:39,True,152,Position|Timestamp|Model|Prompt Tokens|Prompt USD|Completion Tokens|Completion USD|Total Tokens|Total USD,
study_runs,V100_P0_NANO_I05_R05,study_runs/V100_P0_NANO_I05_R05/checkpoint/78db94a53eae45c0a446c4f86c2c0efb_iteration1/generated/report/results.csv,results.csv,.csv,9248,0cb422bde09bdd5247817fe09abd49ac00347b6b1c0f946d935ef4d3932102fc,2026-07-18T20:01:38,True,135,dataset|algorithm|seed|k|ndcg|precision,
study_runs,V100_P0_NANO_I05_R05,study_runs/V100_P0_NANO_I05_R05/costs_log.csv,costs_log.csv,.csv,14967,5273540af7bbc21d956b7c8b913e56dd5b70d4a419666c9038027b017ff9e8a8,2026-07-18T20:14:34,True,153,Position|Timestamp|Model|Prompt Tokens|Prompt USD|Completion Tokens|Completion USD|Total Tokens|Total USD,
study_runs,V100_P0_NANO_I05_R05_FAILED_ENCODING,study_runs/V100_P0_NANO_I05_R05_FAILED_ENCODING/checkpoint/7cfc165e4470472fa50f1c09bc44b601/generated/prototype_results.csv,prototype_results.csv,.csv,145,a7a7d11f9779486b92d8b19dd413eec5b8ce235830da89faee93fa9d763f6608,2026-07-18T14:38:08,True,5,seed|P@5,
study_runs,V100_P0_NANO_I05_R05_FAILED_ENCODING,study_runs/V100_P0_NANO_I05_R05_FAILED_ENCODING/costs_log.csv,costs_log.csv,.csv,10145,fe2c0be698c0d57ab7fbd37f207fcf9f4897df6dae1c057db0ebabd95fe8a177,2026-07-18T14:50:49,True,105,Position|Timestamp|Model|Prompt Tokens|Prompt USD|Completion Tokens|Completion USD|Total Tokens|Total USD,
study_runs,V100_P1_NANO_I05_R01,study_runs/V100_P1_NANO_I05_R01/checkpoint/a5ac2c0ff24b457bae5445a51708e653/generated/outputs/precision_seed_101.csv,precision_seed_101.csv,.csv,31,c39d5d5b2903664fec7374a76b5473ed87fc97e8eba26855e85f3374bc209146,2026-07-18T21:16:36,True,1,seed|precision_at_10,
study_runs,V100_P1_NANO_I05_R01,study_runs/V100_P1_NANO_I05_R01/checkpoint/a5ac2c0ff24b457bae5445a51708e653/generated/outputs/precision_seed_202.csv,precision_seed_202.csv,.csv,31,f34b956333d9ea338bee053a86cf96c0cf9f295672883639a205bd6b8db03d13,2026-07-18T21:17:58,True,1,seed|precision_at_10,
study_runs,V100_P1_NANO_I05_R01,study_runs/V100_P1_NANO_I05_R01/checkpoint/a5ac2c0ff24b457bae5445a51708e653/generated/outputs/precision_seed_303.csv,precision_seed_303.csv,.csv,31,82188a91b24bcfa9fc829b49b9fdef17877e68693be0f829d1164ccea928e3e8,2026-07-18T21:19:19,True,1,seed|precision_at_10,
study_runs,V100_P1_NANO_I05_R01,study_runs/V100_P1_NANO_I05_R01/checkpoint/a5ac2c0ff24b457bae5445a51708e653/generated/outputs/precision_seed_404.csv,precision_seed_404.csv,.csv,31,e25f792807c78ff47495108086b62dbd22659efe384be8a86298757726ec9875,2026-07-18T21:20:41,True,1,seed|precision_at_10,
study_runs,V100_P1_NANO_I05_R01,study_runs/V100_P1_NANO_I05_R01/checkpoint/a5ac2c0ff24b457bae5445a51708e653/generated/outputs/precision_seed_505.csv,precision_seed_505.csv,.csv,31,47ea91ab51a44c73568ea4d0ced17d22c8323fe952e5a7eb3f43f6f3a880c10a,2026-07-18T21:22:04,True,1,seed|precision_at_10,
study_runs,V100_P1_NANO_I05_R01,study_runs/V100_P1_NANO_I05_R01/checkpoint/a5ac2c0ff24b457bae5445a51708e653_seed/generated/outputs/precision_seed_101.csv,precision_seed_101.csv,.csv,31,c39d5d5b2903664fec7374a76b5473ed87fc97e8eba26855e85f3374bc209146,2026-07-18T21:36:20,True,1,seed|precision_at_10,
study_runs,V100_P1_NANO_I05_R01,study_runs/V100_P1_NANO_I05_R01/checkpoint/a5ac2c0ff24b457bae5445a51708e653_seed/generated/outputs/precision_seed_202.csv,precision_seed_202.csv,.csv,31,f34b956333d9ea338bee053a86cf96c0cf9f295672883639a205bd6b8db03d13,2026-07-18T21:37:42,True,1,seed|precision_at_10,
study_runs,V100_P1_NANO_I05_R01,study_runs/V100_P1_NANO_I05_R01/checkpoint/a5ac2c0ff24b457bae5445a51708e653_seed/generated/outputs/precision_seed_303.csv,precision_seed_303.csv,.csv,31,82188a91b24bcfa9fc829b49b9fdef17877e68693be0f829d1164ccea928e3e8,2026-07-18T21:39:04,True,1,seed|precision_at_10,
study_runs,V100_P1_NANO_I05_R01,study_runs/V100_P1_NANO_I05_R01/checkpoint/a5ac2c0ff24b457bae5445a51708e653_seed/generated/outputs/precision_seed_404.csv,precision_seed_404.csv,.csv,31,e25f792807c78ff47495108086b62dbd22659efe384be8a86298757726ec9875,2026-07-18T21:40:26,True,1,seed|precision_at_10,
study_runs,V100_P1_NANO_I05_R01,study_runs/V100_P1_NANO_I05_R01/checkpoint/a5ac2c0ff24b457bae5445a51708e653_seed/generated/outputs/precision_seed_505.csv,precision_seed_505.csv,.csv,31,47ea91ab51a44c73568ea4d0ced17d22c8323fe952e5a7eb3f43f6f3a880c10a,2026-07-18T21:41:48,True,1,seed|precision_at_10,
study_runs,V100_P1_NANO_I05_R01,study_runs/V100_P1_NANO_I05_R01/costs_log.csv,costs_log.csv,.csv,14682,0279d95738450e8fa57792c28573c33b9f08d76fa903f76f947cf0c36525180b,2026-07-18T22:02:12,True,153,Position|Timestamp|Model|Prompt Tokens|Prompt USD|Completion Tokens|Completion USD|Total Tokens|Total USD,
study_runs,V100_P1_NANO_I05_R02,study_runs/V100_P1_NANO_I05_R02/checkpoint/2c90355f128f45a9978c71cbc8027819_iteration1/generated/outputs/aggregated_results.csv,aggregated_results.csv,.csv,37,882c962521e9449021e05060b4fea81449a848d5fe88dd1b32f65a22878cdfc0,2026-07-18T21:38:39,True,0,dataset|algorithm|k|metric|mean|std,
study_runs,V100_P1_NANO_I05_R02,study_runs/V100_P1_NANO_I05_R02/checkpoint/2c90355f128f45a9978c71cbc8027819_iteration1/generated/outputs/results.csv,results.csv,.csv,39,70b6c668bc7dfc7d38f89699f43e2248b2280c4daf25859095bed254a7145c4b,2026-07-18T21:38:39,True,0,dataset|seed|algorithm|k|metric|value,
study_runs,V100_P1_NANO_I05_R02,study_runs/V100_P1_NANO_I05_R02/costs_log.csv,costs_log.csv,.csv,14141,70cebb47473be75da566b35d8bbe4cd2a5338c6161a6b003a00375a3d889f2a1,2026-07-18T21:49:27,True,148,Position|Timestamp|Model|Prompt Tokens|Prompt USD|Completion Tokens|Completion USD|Total Tokens|Total USD,
study_runs,V100_P1_NANO_I05_R03,study_runs/V100_P1_NANO_I05_R03/checkpoint/8676fcf9d5a649d1a9d6d65edaa7437e/generated/prototype_results.csv,prototype_results.csv,.csv,52,4ea0544ffcf110d70239558efad53cbe973875b6048ce81b589bc16f0b7cb6b5,2026-07-19T14:05:52,True,5,seed|ndcg_at_10,
study_runs,V100_P1_NANO_I05_R03,study_runs/V100_P1_NANO_I05_R03/checkpoint/8676fcf9d5a649d1a9d6d65edaa7437e_seed/generated/prototype_results.csv,prototype_results.csv,.csv,52,4ea0544ffcf110d70239558efad53cbe973875b6048ce81b589bc16f0b7cb6b5,2026-07-19T14:25:25,True,5,seed|ndcg_at_10,
study_runs,V100_P1_NANO_I05_R03,study_runs/V100_P1_NANO_I05_R03/checkpoint/e4f084130c49428fb4b9b62b0d10f0ee/generated/prototype_results.csv,prototype_results.csv,.csv,251,52d36c1b0735c3e7223fa38f9afdc99ab83296aa97805c601ceae2cb6544e65c,2026-07-19T13:48:37,True,5,seed|ndcg_at_10|precision_at_10,
study_runs,V100_P1_NANO_I05_R03,study_runs/V100_P1_NANO_I05_R03/costs_log.csv,costs_log.csv,.csv,13130,43de7153f3cc1e77fb70f73b606c02e0c40173934006d6ad7474d5bbae03de01,2026-07-19T14:38:20,True,136,Position|Timestamp|Model|Prompt Tokens|Prompt USD|Completion Tokens|Completion USD|Total Tokens|Total USD,
study_runs,V100_P1_NANO_I05_R04,study_runs/V100_P1_NANO_I05_R04/costs_log.csv,costs_log.csv,.csv,16692,d7439e98c5fe0d6f3f07b19861335eaf0a15789a45cc672c13c923b4bb5e957e,2026-07-19T14:39:09,True,175,Position|Timestamp|Model|Prompt Tokens|Prompt USD|Completion Tokens|Completion USD|Total Tokens|Total USD,
study_runs,V100_P1_NANO_I05_R05,study_runs/V100_P1_NANO_I05_R05/costs_log.csv,costs_log.csv,.csv,13282,32ce3902500ad61492a3df907d9a8764d645501023ca011d475c6577fab1ab50,2026-07-19T15:40:29,True,141,Position|Timestamp|Model|Prompt Tokens|Prompt USD|Completion Tokens|Completion USD|Total Tokens|Total USD,
study_runs,V100_P2_GPT54_I05_R01,study_runs/V100_P2_GPT54_I05_R01/costs_log.csv,costs_log.csv,.csv,13679,d4a56e09472dce051073eb02a202b339ce2bc3ed5c155e948d2c7bd0378f5a84,2026-07-20T07:20:04,True,163,Position|Timestamp|Model|Prompt Tokens|Prompt USD|Completion Tokens|Completion USD|Total Tokens|Total USD,
study_runs,V100_P2_GPT54_I05_R02,study_runs/V100_P2_GPT54_I05_R02/checkpoint/6ef757c13ca04289b1b7f6fa5c5b59a1/generated/prototype_results_incremental.csv,prototype_results_incremental.csv,.csv,253,1f4eae7b88a44b1b852fcf5f3bc02fe1ad23a63581d967ecf1d7a4bc243e0883,2026-07-20T07:10:20,True,1,dataset|algorithm|seed|cutoff|ndcg|precision|raw_interactions|processed_interactions|train_interactions|test_interactions|prediction_rows,
study_runs,V100_P2_GPT54_I05_R02,study_runs/V100_P2_GPT54_I05_R02/checkpoint/6ef757c13ca04289b1b7f6fa5c5b59a1/generated/prototype_summary.csv,prototype_summary.csv,.csv,320,df23aca5e55e767aa4ef10aa45a16a2131de486f5fe02a551be3fa91faff5ca1,2026-07-20T07:10:20,True,1,dataset|algorithm|cutoff|mean_ndcg|std_ndcg|min_ndcg|max_ndcg|mean_precision|std_precision|min_precision|max_precision|range_ndcg|range_precision,
study_runs,V100_P2_GPT54_I05_R02,study_runs/V100_P2_GPT54_I05_R02/checkpoint/73be1f73012545e9911ff1449851c2bb/generated/prototype_results_incremental.csv,prototype_results_incremental.csv,.csv,268,2e11f7fb622df245545d4ce158d298cc99df1ab6db246f1da75bc42d563f3cc7,2026-07-20T07:04:04,True,1,dataset|algorithm|seed|cutoff|ndcg|precision|raw_interactions|processed_interactions|train_interactions|val_interactions|test_interactions|prediction_rows,
study_runs,V100_P2_GPT54_I05_R02,study_runs/V100_P2_GPT54_I05_R02/checkpoint/73be1f73012545e9911ff1449851c2bb/generated/prototype_summary.csv,prototype_summary.csv,.csv,316,b4c7a46374d2814f0691ccfb001d2ae0b355cf835a233689539307bee159ea16,2026-07-20T07:04:04,True,1,dataset|algorithm|cutoff|mean_ndcg|std_ndcg|min_ndcg|max_ndcg|mean_precision|std_precision|min_precision|max_precision|range_ndcg|range_precision,
study_runs,V100_P2_GPT54_I05_R02,study_runs/V100_P2_GPT54_I05_R02/checkpoint/76cc9e35c947427c9589f19b532a152f/generated/prototype_results_incremental.csv,prototype_results_incremental.csv,.csv,268,3eb03cefd86a7e69df0a252a4b287010fa5716cee04073b2fb8d6b415c6fc828,2026-07-20T07:08:02,True,1,dataset|algorithm|seed|cutoff|ndcg|precision|raw_interactions|processed_interactions|train_interactions|val_interactions|test_interactions|prediction_rows,
study_runs,V100_P2_GPT54_I05_R02,study_runs/V100_P2_GPT54_I05_R02/checkpoint/76cc9e35c947427c9589f19b532a152f/generated/prototype_summary.csv,prototype_summary.csv,.csv,316,b4c7a46374d2814f0691ccfb001d2ae0b355cf835a233689539307bee159ea16,2026-07-20T07:08:02,True,1,dataset|algorithm|cutoff|mean_ndcg|std_ndcg|min_ndcg|max_ndcg|mean_precision|std_precision|min_precision|max_precision|range_ndcg|range_precision,
study_runs,V100_P2_GPT54_I05_R02,study_runs/V100_P2_GPT54_I05_R02/checkpoint/d4dae55ea810493681b2ee614cb64fb6/generated/prototype_results_incremental.csv,prototype_results_incremental.csv,.csv,277,f0c1007e27d28fcf977627bd92970a03dcbca21cdad0785e2c266ffa31a31ce4,2026-07-20T07:12:43,True,1,dataset|algorithm|algorithm_label|seed|cutoff|ndcg|precision|raw_interactions|processed_interactions|train_interactions|test_interactions|prediction_rows,
study_runs,V100_P2_GPT54_I05_R02,study_runs/V100_P2_GPT54_I05_R02/checkpoint/d4dae55ea810493681b2ee614cb64fb6/generated/prototype_summary.csv,prototype_summary.csv,.csv,316,b4c7a46374d2814f0691ccfb001d2ae0b355cf835a233689539307bee159ea16,2026-07-20T07:12:43,True,1,dataset|algorithm|cutoff|mean_ndcg|std_ndcg|min_ndcg|max_ndcg|mean_precision|std_precision|min_precision|max_precision|range_ndcg|range_precision,
study_runs,V100_P2_GPT54_I05_R02,study_runs/V100_P2_GPT54_I05_R02/checkpoint/d4dae55ea810493681b2ee614cb64fb6_iteration1/generated/prepared_splits/MovieLens100K_seed_7/test.csv,test.csv,.csv,298145,abc2ab4016009d32b54413908687ceaa0e0d029a5e6e39045d22dd27b112c32e,2026-07-20T07:19:36,True,15963,user|item|timestamp,
study_runs,V100_P2_GPT54_I05_R02,study_runs/V100_P2_GPT54_I05_R02/checkpoint/d4dae55ea810493681b2ee614cb64fb6_iteration1/generated/prepared_splits/MovieLens100K_seed_7/train.csv,train.csv,.csv,1227717,fc2e76fb41f6e5732af6d4d4df95009d3115b922e882c6d4aa4c8f7aecb530c9,2026-07-20T07:19:36,True,65734,user|item|timestamp,
study_runs,V100_P2_GPT54_I05_R02,study_runs/V100_P2_GPT54_I05_R02/checkpoint/d4dae55ea810493681b2ee614cb64fb6_seed/generated/prototype_results_incremental.csv,prototype_results_incremental.csv,.csv,277,f0c1007e27d28fcf977627bd92970a03dcbca21cdad0785e2c266ffa31a31ce4,2026-07-20T07:16:35,True,1,dataset|algorithm|algorithm_label|seed|cutoff|ndcg|precision|raw_interactions|processed_interactions|train_interactions|test_interactions|prediction_rows,
study_runs,V100_P2_GPT54_I05_R02,study_runs/V100_P2_GPT54_I05_R02/checkpoint/d4dae55ea810493681b2ee614cb64fb6_seed/generated/prototype_summary.csv,prototype_summary.csv,.csv,316,b4c7a46374d2814f0691ccfb001d2ae0b355cf835a233689539307bee159ea16,2026-07-20T07:16:35,True,1,dataset|algorithm|cutoff|mean_ndcg|std_ndcg|min_ndcg|max_ndcg|mean_precision|std_precision|min_precision|max_precision|range_ndcg|range_precision,
study_runs,V100_P2_GPT54_I05_R02,study_runs/V100_P2_GPT54_I05_R02/costs_log.csv,costs_log.csv,.csv,14334,da5a62a4ac977cca74990360d7fa7b1dde299de70bde2b658ac2d9f0f02a6d64,2026-07-20T07:24:28,True,171,Position|Timestamp|Model|Prompt Tokens|Prompt USD|Completion Tokens|Completion USD|Total Tokens|Total USD,
