bytes,sha256,copies,paths
2,7eb70257593da06f682a3ddda54a9d260d4fc514f645237f5ca74b08f8da61a6,29,study_runs/PILOT_BAD_FILENAME_V100_P0_NANO_I05_R01/checkpoint/0bdcbe7d86d94f278c0ec94a88df76b3/code.py | study_runs/PILOT_BAD_FILENAME_V100_P0_NANO_I05_R01/checkpoint/0fb036b370fd4ef4a3586fcdab36acc2/code.py | study_runs/PILOT_BAD_FILENAME_V100_P0_NANO_I05_R01/checkpoint/18fdfe8b4fbf41338e368412cfe7a4b0/code.py | study_runs/PILOT_BAD_FILENAME_V100_P0_NANO_I05_R01/checkpoint/c6fc99bea3ae4f79a0dac369c4ecf600_iteration1/code.py | study_runs/PILOT_BAD_FILENAME_V100_P0_NANO_I05_R02/checkpoint/ab5819ca523f4f3184982dd42ee3797e/code.py | study_runs/PILOT_BAD_FILENAME_V100_P0_NANO_I05_R02/checkpoint/c041136165c04c649e8aee5729792671/code.py | study_runs/PILOT_BAD_FILENAME_V100_P0_NANO_I05_R03/checkpoint/89e32f37812c4864a78fdf64ce3f046b/code.py | study_runs/V100_P0_GPT54_I05_R01/checkpoint/7ef1994c0966483b8d54e4a616d85634/code.py | study_runs/V100_P0_NANO_I05_R01/checkpoint/bb55ca0ddab64ee888dc16a97f278052/code.py | study_runs/V100_P0_NANO_I05_R01/checkpoint/fb056bbc8ea4465b8bd57be4a1f3d081/code.py | study_runs/V100_P0_NANO_I05_R02/checkpoint/18b7f6bec8674f31bade4bbe0b7b00d1/code.py | study_runs/V100_P0_NANO_I05_R02/checkpoint/9f50d12e74004c45b69f3ea3046d01a1/code.py | study_runs/V100_P0_NANO_I05_R02/checkpoint/a995542cfc4648cd844976c6d425c697_iteration1/code.py | study_runs/V100_P0_NANO_I05_R02/checkpoint/e0bea02a06514b2fa4d67a287ac91970/code.py | study_runs/V100_P0_NANO_I05_R03/checkpoint/486290c3b99d4bf2b034fa3fe742687a/code.py | study_runs/V100_P0_NANO_I05_R03/checkpoint/8d9208e09373435ba578757c5b440ede_iteration1/code.py | study_runs/V100_P0_NANO_I05_R03_FAILED_ENCODING/checkpoint/8eb64cee5522418d95327cda648d6d56/code.py | study_runs/V100_P0_NANO_I05_R03_FAILED_ENCODING/checkpoint/f5a9b25ca5d54182b12872d8bc09948c/code.py | study_runs/V100_P0_NANO_I05_R04/checkpoint/3b4ae39deb8149c993ec76ca773da586_iteration2/code.py | study_runs/V100_P0_NANO_I05_R04/checkpoint/9642759e08674a6b860c0e23aed29c86/code.py | study_runs/V100_P1_NANO_I05_R01/checkpoint/a5ac2c0ff24b457bae5445a51708e653_iteration2/code.py | study_runs/V100_P1_NANO_I05_R02/checkpoint/2c90355f128f45a9978c71cbc8027819/code.py | study_runs/V100_P1_NANO_I05_R02/checkpoint/2c90355f128f45a9978c71cbc8027819_seed/code.py | study_runs/V100_P1_NANO_I05_R04/checkpoint/4ea83e57bd63412ebe4ad84854db3d2d/code.py | study_runs/V100_P1_NANO_I05_R05/checkpoint/0b6ea20ff97249468b6671093ae5cbe7/code.py | study_runs/V100_P1_NANO_I05_R05/checkpoint/138c2527bd0145a285ef4efeb98072fc/code.py | study_runs/V100_P1_NANO_I05_R05/checkpoint/ba0fa73efc944c45a3c010b47ec9e66e/code.py | study_runs/V100_P1_NANO_I05_R05/checkpoint/ea772fb62ca04abfaff9d848a17f876b_iteration2/code.py | study_runs/V100_P1_NANO_I05_R05/checkpoint/ea772fb62ca04abfaff9d848a17f876b_seed/code.py
49,b999c05453cbce1dd7fa3d0ee70d14f3b54a511d7b134eda76c99d23181d0525,39,study_runs/PILOT_BAD_FILENAME_V100_P0_NANO_I05_R01/checkpoint/0bdcbe7d86d94f278c0ec94a88df76b3/out.log | study_runs/PILOT_BAD_FILENAME_V100_P0_NANO_I05_R01/checkpoint/0fb036b370fd4ef4a3586fcdab36acc2/out.log | study_runs/PILOT_BAD_FILENAME_V100_P0_NANO_I05_R01/checkpoint/18fdfe8b4fbf41338e368412cfe7a4b0/out.log | study_runs/PILOT_BAD_FILENAME_V100_P0_NANO_I05_R01/checkpoint/c6fc99bea3ae4f79a0dac369c4ecf600_iteration1/out.log | study_runs/PILOT_BAD_FILENAME_V100_P0_NANO_I05_R02/checkpoint/ab5819ca523f4f3184982dd42ee3797e/out.log | study_runs/PILOT_BAD_FILENAME_V100_P0_NANO_I05_R02/checkpoint/c041136165c04c649e8aee5729792671/out.log | study_runs/PILOT_BAD_FILENAME_V100_P0_NANO_I05_R03/checkpoint/471cd3e59f7e4ff38fc386479e829987_iteration1/out.log | study_runs/PILOT_BAD_FILENAME_V100_P0_NANO_I05_R03/checkpoint/89e32f37812c4864a78fdf64ce3f046b/out.log | study_runs/V100_P0_GPT54_I05_R01/checkpoint/7ef1994c0966483b8d54e4a616d85634/out.log | study_runs/V100_P0_NANO_I05_R01/checkpoint/bb55ca0ddab64ee888dc16a97f278052/out.log | study_runs/V100_P0_NANO_I05_R01/checkpoint/fb056bbc8ea4465b8bd57be4a1f3d081/out.log | study_runs/V100_P0_NANO_I05_R02/checkpoint/18b7f6bec8674f31bade4bbe0b7b00d1/out.log | study_runs/V100_P0_NANO_I05_R02/checkpoint/9f50d12e74004c45b69f3ea3046d01a1/out.log | study_runs/V100_P0_NANO_I05_R02/checkpoint/a995542cfc4648cd844976c6d425c697/out.log | study_runs/V100_P0_NANO_I05_R02/checkpoint/a995542cfc4648cd844976c6d425c697_iteration1/out.log | study_runs/V100_P0_NANO_I05_R02/checkpoint/a995542cfc4648cd844976c6d425c697_iteration2/out.log | study_runs/V100_P0_NANO_I05_R02/checkpoint/a995542cfc4648cd844976c6d425c697_seed/out.log | study_runs/V100_P0_NANO_I05_R02/checkpoint/e0bea02a06514b2fa4d67a287ac91970/out.log | study_runs/V100_P0_NANO_I05_R03/checkpoint/486290c3b99d4bf2b034fa3fe742687a/out.log | study_runs/V100_P0_NANO_I05_R03/checkpoint/8d9208e09373435ba578757c5b440ede_iteration1/out.log | study_runs/V100_P0_NANO_I05_R03_FAILED_ENCODING/checkpoint/8eb64cee5522418d95327cda648d6d56/out.log | study_runs/V100_P0_NANO_I05_R03_FAILED_ENCODING/checkpoint/f5a9b25ca5d54182b12872d8bc09948c/out.log | study_runs/V100_P0_NANO_I05_R04/checkpoint/3b4ae39deb8149c993ec76ca773da586_iteration2/out.log | study_runs/V100_P0_NANO_I05_R04/checkpoint/8257a3aa26de45f0a984d1d96ef0e882/out.log | study_runs/V100_P0_NANO_I05_R04/checkpoint/9642759e08674a6b860c0e23aed29c86/out.log | study_runs/V100_P1_NANO_I05_R01/checkpoint/a5ac2c0ff24b457bae5445a51708e653_iteration2/out.log | study_runs/V100_P1_NANO_I05_R02/checkpoint/2c90355f128f45a9978c71cbc8027819/out.log | study_runs/V100_P1_NANO_I05_R02/checkpoint/2c90355f128f45a9978c71cbc8027819_iteration2/out.log | study_runs/V100_P1_NANO_I05_R02/checkpoint/2c90355f128f45a9978c71cbc8027819_seed/out.log | study_runs/V100_P1_NANO_I05_R03/checkpoint/6f1d0f4e2ffa4fdd96f993603e136fa2/out.log | study_runs/V100_P1_NANO_I05_R03/checkpoint/8676fcf9d5a649d1a9d6d65edaa7437e_iteration1/out.log | study_runs/V100_P1_NANO_I05_R04/checkpoint/4ea83e57bd63412ebe4ad84854db3d2d/out.log | study_runs/V100_P1_NANO_I05_R04/checkpoint/ca184fa090bc4a638c5cc183bb75cbd2/out.log | study_runs/V100_P1_NANO_I05_R05/checkpoint/0b6ea20ff97249468b6671093ae5cbe7/out.log | study_runs/V100_P1_NANO_I05_R05/checkpoint/138c2527bd0145a285ef4efeb98072fc/out.log | study_runs/V100_P1_NANO_I05_R05/checkpoint/ba0fa73efc944c45a3c010b47ec9e66e/out.log | study_runs/V100_P1_NANO_I05_R05/checkpoint/ea772fb62ca04abfaff9d848a17f876b_iteration1/out.log | study_runs/V100_P1_NANO_I05_R05/checkpoint/ea772fb62ca04abfaff9d848a17f876b_iteration2/out.log | study_runs/V100_P1_NANO_I05_R05/checkpoint/ea772fb62ca04abfaff9d848a17f876b_seed/out.log
6623,310227885f9c5960b14cd13f89cc01a45836e2bc0decf084c89b6ba6bbad6738,2,study_runs/PILOT_BAD_FILENAME_V100_P0_NANO_I05_R01/checkpoint/c6fc99bea3ae4f79a0dac369c4ecf600/code.py | study_runs/PILOT_BAD_FILENAME_V100_P0_NANO_I05_R01/checkpoint/c6fc99bea3ae4f79a0dac369c4ecf600_seed/code.py
160,8248251e29bccfd95f3fa52ead478349483172102ef951f93d50bd3d2e29c3f1,2,study_runs/PILOT_BAD_FILENAME_V100_P0_NANO_I05_R01/checkpoint/c6fc99bea3ae4f79a0dac369c4ecf600/out.log | study_runs/PILOT_BAD_FILENAME_V100_P0_NANO_I05_R01/checkpoint/c6fc99bea3ae4f79a0dac369c4ecf600_seed/out.log
386,43ad328d9e971575946598bc6c906a320d878b57103e5825b7bc1b351074558f,26,study_runs/PILOT_BAD_FILENAME_V100_P0_NANO_I05_R01/config.source.toml | study_runs/PILOT_BAD_FILENAME_V100_P0_NANO_I05_R02/config.source.toml | study_runs/PILOT_BAD_FILENAME_V100_P0_NANO_I05_R03/config.source.toml | study_runs/SMOKE_V100_P0_I01/config.source.toml | study_runs/V100_P0_GPT54_I05_R01/config.source.toml | study_runs/V100_P0_GPT54_I05_R02/config.source.toml | study_runs/V100_P0_GPT54_I05_R03/config.source.toml | study_runs/V100_P0_MINI_I05_R01/config.source.toml | study_runs/V100_P0_MINI_I05_R02/config.source.toml | study_runs/V100_P0_MINI_I05_R03/config.source.toml | study_runs/V100_P0_MINI_I05_R04/config.source.toml | study_runs/V100_P0_MINI_I05_R05/config.source.toml | study_runs/V100_P0_NANO_I05_R01/config.source.toml | study_runs/V100_P0_NANO_I05_R02/config.source.toml | study_runs/V100_P0_NANO_I05_R03/config.source.toml | study_runs/V100_P0_NANO_I05_R03_FAILED_ENCODING/config.source.toml | study_runs/V100_P0_NANO_I05_R04/config.source.toml | study_runs/V100_P0_NANO_I05_R05/config.source.toml | study_runs/V100_P0_NANO_I05_R05_FAILED_ENCODING/config.source.toml | study_runs/V100_P1_NANO_I05_R01/config.source.toml | study_runs/V100_P1_NANO_I05_R02/config.source.toml | study_runs/V100_P1_NANO_I05_R03/config.source.toml | study_runs/V100_P1_NANO_I05_R04/config.source.toml | study_runs/V100_P1_NANO_I05_R05/config.source.toml | study_runs/V100_P2_GPT54_I05_R01/config.source.toml | study_runs/V100_P2_GPT54_I05_R02/config.source.toml
414,c898a876fd18cdf61a8edcd085b637587d640fd282c758dab0bfb79dee2b5cc7,2,study_runs/PILOT_BAD_FILENAME_V100_P0_NANO_I05_R01/config.toml | study_runs/V100_P0_NANO_I05_R01/config.toml
946,dc790c0f84813ae9f582a14783c06db3ee59faaa98d800c6bf831f5ad0d041ab,19,study_runs/PILOT_BAD_FILENAME_V100_P0_NANO_I05_R01/entered_prompt.txt | study_runs/PILOT_BAD_FILENAME_V100_P0_NANO_I05_R02/entered_prompt.txt | study_runs/PILOT_BAD_FILENAME_V100_P0_NANO_I05_R03/entered_prompt.txt | study_runs/SMOKE_V100_P0_I01/entered_prompt.txt | study_runs/V100_P0_GPT54_I05_R01/entered_prompt.txt | study_runs/V100_P0_GPT54_I05_R02/entered_prompt.txt | study_runs/V100_P0_GPT54_I05_R03/entered_prompt.txt | study_runs/V100_P0_MINI_I05_R01/entered_prompt.txt | study_runs/V100_P0_MINI_I05_R02/entered_prompt.txt | study_runs/V100_P0_MINI_I05_R03/entered_prompt.txt | study_runs/V100_P0_MINI_I05_R04/entered_prompt.txt | study_runs/V100_P0_MINI_I05_R05/entered_prompt.txt | study_runs/V100_P0_NANO_I05_R01/entered_prompt.txt | study_runs/V100_P0_NANO_I05_R02/entered_prompt.txt | study_runs/V100_P0_NANO_I05_R03/entered_prompt.txt | study_runs/V100_P0_NANO_I05_R03_FAILED_ENCODING/entered_prompt.txt | study_runs/V100_P0_NANO_I05_R04/entered_prompt.txt | study_runs/V100_P0_NANO_I05_R05/entered_prompt.txt | study_runs/V100_P0_NANO_I05_R05_FAILED_ENCODING/entered_prompt.txt
3502,89fb3e72c404badc02a99966a6ecf853b1e164642604eb41b5b84985ad5b4847,2,study_runs/PILOT_BAD_FILENAME_V100_P0_NANO_I05_R02/checkpoint/3c61634bc82443cbb27067abc87822a6/code.py | study_runs/PILOT_BAD_FILENAME_V100_P0_NANO_I05_R02/checkpoint/3c61634bc82443cbb27067abc87822a6_seed/code.py
5975,c82c303c9ab0d729d313294053b2514230acc97ddc79eb833b90d24ba6e03c72,17,study_runs/PILOT_BAD_FILENAME_V100_P0_NANO_I05_R02/checkpoint/6e70678e1e2941428904dcc5520f6672/generated/checkpoints/err.log | study_runs/SMOKE_V100_P0_I01/checkpoint/2b04050768474782874f3d86300c385f/generated/checkpoints/err.log | study_runs/SMOKE_V100_P0_I01/checkpoint/2b04050768474782874f3d86300c385f_seed/generated/checkpoints/err.log | study_runs/V100_P0_MINI_I05_R03/checkpoint/4bae3cfa9f6b4a4bb4b360ee0c788768/generated/checkpoints/err.log | study_runs/V100_P0_MINI_I05_R03/checkpoint/64f1c4aae39d4cc68f747732d8232c0e/generated/checkpoints/err.log | study_runs/V100_P0_MINI_I05_R03/checkpoint/a9663d9dfecc44c6998034c55e22bfe0/generated/checkpoints/err.log | study_runs/V100_P0_MINI_I05_R03/checkpoint/a9663d9dfecc44c6998034c55e22bfe0_seed/generated/checkpoints/err.log | study_runs/V100_P0_MINI_I05_R03/checkpoint/b3e9be9f1f4d407d9c70764b3ade04ac/generated/checkpoints/err.log | study_runs/V100_P0_MINI_I05_R03/checkpoint/b643b16303794cfcbfd8ec1958ea27d3/generated/checkpoints/err.log | study_runs/V100_P0_MINI_I05_R04/checkpoint/0ddf2f48ecfe411c968dfd5ac55fc592/generated/checkpoints/err.log | study_runs/V100_P0_MINI_I05_R04/checkpoint/0ddf2f48ecfe411c968dfd5ac55fc592_seed/generated/checkpoints/err.log | study_runs/V100_P0_MINI_I05_R04/checkpoint/6624255987bf439f9714e8560c0cd3b5/generated/checkpoints/err.log | study_runs/V100_P0_MINI_I05_R04/checkpoint/81f0cfbf8c764fd2916c0548137ef91b/generated/checkpoints/err.log | study_runs/V100_P0_MINI_I05_R04/checkpoint/e543f9f743a340479000d7640c0720a3/generated/checkpoints/err.log | study_runs/V100_P0_NANO_I05_R05/checkpoint/961d5f9febae499fa6037ebdd89d6c7c/generated/checkpoints/err.log | study_runs/V100_P1_NANO_I05_R01/checkpoint/a5ac2c0ff24b457bae5445a51708e653/generated/checkpoints/err.log | study_runs/V100_P1_NANO_I05_R01/checkpoint/a5ac2c0ff24b457bae5445a51708e653_seed/generated/checkpoints/err.log
0,e3b0c44298fc1c149afbf4c8996fb92427ae41e4649b934ca495991b7852b855,85,study_runs/PILOT_BAD_FILENAME_V100_P0_NANO_I05_R02/checkpoint/6e70678e1e2941428904dcc5520f6672/generated/checkpoints/out.log | study_runs/PILOT_BAD_FILENAME_V100_P0_NANO_I05_R03/checkpoint/471cd3e59f7e4ff38fc386479e829987_seed/generated/checkpoints/out.log | study_runs/PILOT_BAD_FILENAME_V100_P0_NANO_I05_R03/checkpoint/7c7aff516dc44e82bafcc25d1c7616c7/generated/checkpoints/out.log | study_runs/SMOKE_V100_P0_I01/checkpoint/2b04050768474782874f3d86300c385f/generated/checkpoints/out.log | study_runs/SMOKE_V100_P0_I01/checkpoint/2b04050768474782874f3d86300c385f_iteration1/generated/checkpoints/out.log | study_runs/SMOKE_V100_P0_I01/checkpoint/2b04050768474782874f3d86300c385f_seed/generated/checkpoints/out.log | study_runs/SMOKE_V100_P0_I01/checkpoint/8ae5c9e5771d4ce2be8d8a2a7b4228f0/generated/checkpoints/out.log | study_runs/SMOKE_V100_P0_I01/checkpoint/b3f868150f1e48848df96473d4a5fb4e/generated/checkpoints/err.log | study_runs/SMOKE_V100_P0_I01/checkpoint/b3f868150f1e48848df96473d4a5fb4e/generated/checkpoints/out.log | study_runs/V100_P0_GPT54_I05_R01/checkpoint/1a0e67a0ed0f49838458b10f36953597/generated/seed_13/checkpoints/out.log | study_runs/V100_P0_GPT54_I05_R01/checkpoint/1a0e67a0ed0f49838458b10f36953597/generated/seed_29/checkpoints/out.log | study_runs/V100_P0_GPT54_I05_R01/checkpoint/1a0e67a0ed0f49838458b10f36953597/generated/seed_42/checkpoints/out.log | study_runs/V100_P0_GPT54_I05_R01/checkpoint/1a0e67a0ed0f49838458b10f36953597/generated/seed_7/checkpoints/out.log | study_runs/V100_P0_GPT54_I05_R01/checkpoint/1a0e67a0ed0f49838458b10f36953597/generated/seed_87/checkpoints/out.log | study_runs/V100_P0_GPT54_I05_R01/checkpoint/e7849e11813743659c7d53436c07af0d/generated/seed_13/checkpoints/out.log | study_runs/V100_P0_GPT54_I05_R01/checkpoint/e7849e11813743659c7d53436c07af0d/generated/seed_29/checkpoints/out.log | study_runs/V100_P0_GPT54_I05_R01/checkpoint/e7849e11813743659c7d53436c07af0d/generated/seed_42/checkpoints/out.log | study_runs/V100_P0_GPT54_I05_R01/checkpoint/e7849e11813743659c7d53436c07af0d/generated/seed_7/checkpoints/out.log | study_runs/V100_P0_GPT54_I05_R01/checkpoint/e7849e11813743659c7d53436c07af0d/generated/seed_87/checkpoints/out.log | study_runs/V100_P0_GPT54_I05_R01/checkpoint/e7849e11813743659c7d53436c07af0d_iteration1/generated/MovieLens100K/seed_13/checkpoints/out.log | study_runs/V100_P0_GPT54_I05_R01/checkpoint/e7849e11813743659c7d53436c07af0d_iteration1/generated/MovieLens100K/seed_29/checkpoints/out.log | study_runs/V100_P0_GPT54_I05_R01/checkpoint/e7849e11813743659c7d53436c07af0d_iteration1/generated/MovieLens100K/seed_42/checkpoints/out.log | study_runs/V100_P0_GPT54_I05_R01/checkpoint/e7849e11813743659c7d53436c07af0d_iteration1/generated/MovieLens100K/seed_7/checkpoints/out.log | study_runs/V100_P0_GPT54_I05_R01/checkpoint/e7849e11813743659c7d53436c07af0d_iteration1/generated/MovieLens100K/seed_87/checkpoints/out.log | study_runs/V100_P0_GPT54_I05_R01/checkpoint/e7849e11813743659c7d53436c07af0d_seed/generated/seed_13/checkpoints/out.log | study_runs/V100_P0_GPT54_I05_R01/checkpoint/e7849e11813743659c7d53436c07af0d_seed/generated/seed_29/checkpoints/out.log | study_runs/V100_P0_GPT54_I05_R01/checkpoint/e7849e11813743659c7d53436c07af0d_seed/generated/seed_42/checkpoints/out.log | study_runs/V100_P0_GPT54_I05_R01/checkpoint/e7849e11813743659c7d53436c07af0d_seed/generated/seed_7/checkpoints/out.log | study_runs/V100_P0_GPT54_I05_R01/checkpoint/e7849e11813743659c7d53436c07af0d_seed/generated/seed_87/checkpoints/out.log | study_runs/V100_P0_GPT54_I05_R02/checkpoint/ef50db923528453ab7281e09a7ab63ce/generated/checkpoints/out.log | study_runs/V100_P0_GPT54_I05_R02/checkpoint/ef50db923528453ab7281e09a7ab63ce_seed/generated/checkpoints/out.log | study_runs/V100_P0_MINI_I05_R01/checkpoint/977d7ec4949847409c030b314e2dd362/generated/checkpoints/out.log | study_runs/V100_P0_MINI_I05_R01/checkpoint/aac562b51b2148e2b73a824edba0b9b3/generated/checkpoints/out.log | study_runs/V100_P0_MINI_I05_R01/checkpoint/b6c02039931c42fcb8d6e8ec9185ebc2/generated/checkpoints/out.log | study_runs/V100_P0_MINI_I05_R01/checkpoint/b6c02039931c42fcb8d6e8ec9185ebc2_iteration1/generated/checkpoints/out.log | study_runs/V100_P0_MINI_I05_R01/checkpoint/b6c02039931c42fcb8d6e8ec9185ebc2_seed/generated/checkpoints/out.log | study_runs/V100_P0_MINI_I05_R02/checkpoint/8b4ad2ac4960487da7beea3df7b51b4e/generated/checkpoints/out.log | study_runs/V100_P0_MINI_I05_R02/checkpoint/8b4ad2ac4960487da7beea3df7b51b4e_iteration2/generated/checkpoints/out.log | study_runs/V100_P0_MINI_I05_R02/checkpoint/8b4ad2ac4960487da7beea3df7b51b4e_seed/generated/checkpoints/out.log | study_runs/V100_P0_MINI_I05_R03/checkpoint/4bae3cfa9f6b4a4bb4b360ee0c788768/generated/checkpoints/out.log | study_runs/V100_P0_MINI_I05_R03/checkpoint/64f1c4aae39d4cc68f747732d8232c0e/generated/checkpoints/out.log | study_runs/V100_P0_MINI_I05_R03/checkpoint/a9663d9dfecc44c6998034c55e22bfe0/generated/checkpoints/out.log | study_runs/V100_P0_MINI_I05_R03/checkpoint/a9663d9dfecc44c6998034c55e22bfe0_seed/generated/checkpoints/out.log | study_runs/V100_P0_MINI_I05_R03/checkpoint/ae5c302c20744599a5005e342e748a23/generated/checkpoints/out.log | study_runs/V100_P0_MINI_I05_R03/checkpoint/b3e9be9f1f4d407d9c70764b3ade04ac/generated/checkpoints/out.log | study_runs/V100_P0_MINI_I05_R03/checkpoint/b643b16303794cfcbfd8ec1958ea27d3/generated/checkpoints/out.log | study_runs/V100_P0_MINI_I05_R03/workspace/checkpoints/out.log | study_runs/V100_P0_MINI_I05_R04/checkpoint/0ddf2f48ecfe411c968dfd5ac55fc592/generated/checkpoints/out.log | study_runs/V100_P0_MINI_I05_R04/checkpoint/0ddf2f48ecfe411c968dfd5ac55fc592_seed/generated/checkpoints/out.log | study_runs/V100_P0_MINI_I05_R04/checkpoint/429968f4a2d5464781e553f6868ecfb7/generated/checkpoints/out.log | study_runs/V100_P0_MINI_I05_R04/checkpoint/6624255987bf439f9714e8560c0cd3b5/generated/checkpoints/out.log | study_runs/V100_P0_MINI_I05_R04/checkpoint/81f0cfbf8c764fd2916c0548137ef91b/generated/checkpoints/out.log | study_runs/V100_P0_MINI_I05_R04/checkpoint/e543f9f743a340479000d7640c0720a3/generated/checkpoints/out.log | study_runs/V100_P0_MINI_I05_R05/checkpoint/5f85c771837f46e69ed3548da85ed85f/generated/checkpoints/out.log | study_runs/V100_P0_MINI_I05_R05/checkpoint/a60f1446dae34e6c85594e6ccf365727/generated/checkpoints/out.log | study_runs/V100_P0_MINI_I05_R05/checkpoint/b961f343d9f8405a8f194c65eb67b0cf/generated/checkpoints/out.log | study_runs/V100_P0_MINI_I05_R05/checkpoint/c1cab3cf57c346019ca9d1992dcac3ef/generated/checkpoints/out.log | study_runs/V100_P0_MINI_I05_R05/checkpoint/c1cab3cf57c346019ca9d1992dcac3ef_iteration1/generated/checkpoints/err.log | study_runs/V100_P0_MINI_I05_R05/checkpoint/c1cab3cf57c346019ca9d1992dcac3ef_iteration1/generated/checkpoints/out.log | study_runs/V100_P0_MINI_I05_R05/checkpoint/c1cab3cf57c346019ca9d1992dcac3ef_seed/generated/checkpoints/out.log | study_runs/V100_P0_NANO_I05_R01/checkpoint/1390f6c0be5743b8927162dbbe425e75/generated/checkpoints/out.log | study_runs/V100_P0_NANO_I05_R01/checkpoint/1390f6c0be5743b8927162dbbe425e75_iteration2/generated/checkpoints/out.log | study_runs/V100_P0_NANO_I05_R01/checkpoint/1390f6c0be5743b8927162dbbe425e75_seed/generated/checkpoints/out.log | study_runs/V100_P0_NANO_I05_R01/checkpoint/904094bc4dec46988262a1fe8b9d35f6/generated/checkpoints/out.log | study_runs/V100_P0_NANO_I05_R03_FAILED_ENCODING/workspace/runfile.py | study_runs/V100_P0_NANO_I05_R05/checkpoint/961d5f9febae499fa6037ebdd89d6c7c/generated/checkpoints/out.log | study_runs/V100_P0_NANO_I05_R05_FAILED_ENCODING/checkpoint/d864b5380c18428db014409543aa4c0d/generated/checkpoints/err.log | study_runs/V100_P0_NANO_I05_R05_FAILED_ENCODING/checkpoint/d864b5380c18428db014409543aa4c0d/generated/checkpoints/out.log | study_runs/V100_P1_NANO_I05_R01/checkpoint/a5ac2c0ff24b457bae5445a51708e653/generated/checkpoints/out.log | study_runs/V100_P1_NANO_I05_R01/checkpoint/a5ac2c0ff24b457bae5445a51708e653_seed/generated/checkpoints/out.log | study_runs/V100_P1_NANO_I05_R03/checkpoint/7365a8beb6ee4029b5ae1b99cfe9a957/generated/checkpoints/err.log | study_runs/V100_P1_NANO_I05_R03/checkpoint/7365a8beb6ee4029b5ae1b99cfe9a957/generated/checkpoints/out.log | study_runs/V100_P1_NANO_I05_R03/checkpoint/8676fcf9d5a649d1a9d6d65edaa7437e/generated/checkpoints/err.log | study_runs/V100_P1_NANO_I05_R03/checkpoint/8676fcf9d5a649d1a9d6d65edaa7437e/generated/checkpoints/out.log | study_runs/V100_P1_NANO_I05_R03/checkpoint/8676fcf9d5a649d1a9d6d65edaa7437e_seed/generated/checkpoints/err.log | study_runs/V100_P1_NANO_I05_R03/checkpoint/8676fcf9d5a649d1a9d6d65edaa7437e_seed/generated/checkpoints/out.log | study_runs/V100_P1_NANO_I05_R05/checkpoint/77cee7c143e54342a6d595c53dab704e/generated/checkpoints/out.log | study_runs/V100_P2_GPT54_I05_R01/checkpoint/a086ad426c6941eb80d27438d0dea564_iteration2/generated/checkpoints/out.log | study_runs/V100_P2_GPT54_I05_R02/checkpoint/6ef757c13ca04289b1b7f6fa5c5b59a1/generated/seed_7/checkpoints/out.log | study_runs/V100_P2_GPT54_I05_R02/checkpoint/73be1f73012545e9911ff1449851c2bb/generated/seed_7/checkpoints/out.log | study_runs/V100_P2_GPT54_I05_R02/checkpoint/76cc9e35c947427c9589f19b532a152f/generated/seed_7/checkpoints/out.log | study_runs/V100_P2_GPT54_I05_R02/checkpoint/d4dae55ea810493681b2ee614cb64fb6/generated/seed_7/checkpoints/out.log | study_runs/V100_P2_GPT54_I05_R02/checkpoint/d4dae55ea810493681b2ee614cb64fb6_iteration1/generated/MovieLens100K/ALS/seed_7/checkpoints/err.log | study_runs/V100_P2_GPT54_I05_R02/checkpoint/d4dae55ea810493681b2ee614cb64fb6_iteration1/generated/MovieLens100K/ALS/seed_7/checkpoints/out.log | study_runs/V100_P2_GPT54_I05_R02/checkpoint/d4dae55ea810493681b2ee614cb64fb6_seed/generated/seed_7/checkpoints/out.log
414,73959fbcf223f045f6e14558102cf48749781fdd31ec2e1ef78c0164f63c0599,2,study_runs/PILOT_BAD_FILENAME_V100_P0_NANO_I05_R02/config.toml | study_runs/V100_P0_NANO_I05_R02/config.toml
1195,4da430e9659bb61bd72765495936d07d95cfc1fd625a65a3cfd549baa46343ae,15,study_runs/PILOT_BAD_FILENAME_V100_P0_NANO_I05_R03/checkpoint/471cd3e59f7e4ff38fc386479e829987_seed/generated/checkpoints/err.log | study_runs/PILOT_BAD_FILENAME_V100_P0_NANO_I05_R03/checkpoint/7c7aff516dc44e82bafcc25d1c7616c7/generated/checkpoints/err.log | study_runs/SMOKE_V100_P0_I01/checkpoint/8ae5c9e5771d4ce2be8d8a2a7b4228f0/generated/checkpoints/err.log | study_runs/V100_P0_MINI_I05_R01/checkpoint/977d7ec4949847409c030b314e2dd362/generated/checkpoints/err.log | study_runs/V100_P0_MINI_I05_R01/checkpoint/aac562b51b2148e2b73a824edba0b9b3/generated/checkpoints/err.log | study_runs/V100_P0_MINI_I05_R01/checkpoint/b6c02039931c42fcb8d6e8ec9185ebc2/generated/checkpoints/err.log | study_runs/V100_P0_MINI_I05_R01/checkpoint/b6c02039931c42fcb8d6e8ec9185ebc2_seed/generated/checkpoints/err.log | study_runs/V100_P0_MINI_I05_R02/checkpoint/8b4ad2ac4960487da7beea3df7b51b4e/generated/checkpoints/err.log | study_runs/V100_P0_MINI_I05_R02/checkpoint/8b4ad2ac4960487da7beea3df7b51b4e_seed/generated/checkpoints/err.log | study_runs/V100_P0_MINI_I05_R03/checkpoint/ae5c302c20744599a5005e342e748a23/generated/checkpoints/err.log | study_runs/V100_P0_MINI_I05_R04/checkpoint/429968f4a2d5464781e553f6868ecfb7/generated/checkpoints/err.log | study_runs/V100_P0_NANO_I05_R01/checkpoint/1390f6c0be5743b8927162dbbe425e75/generated/checkpoints/err.log | study_runs/V100_P0_NANO_I05_R01/checkpoint/1390f6c0be5743b8927162dbbe425e75_seed/generated/checkpoints/err.log | study_runs/V100_P1_NANO_I05_R05/checkpoint/77cee7c143e54342a6d595c53dab704e/generated/checkpoints/err.log | study_runs/V100_P2_GPT54_I05_R02/checkpoint/6ef757c13ca04289b1b7f6fa5c5b59a1/generated/seed_7/checkpoints/err.log
2,44136fa355b3678a1146ad16f7e8649e94fb4fc21fe77e8310c060f61caaff8a,8,study_runs/PILOT_BAD_FILENAME_V100_P0_NANO_I05_R03/checkpoint/471cd3e59f7e4ff38fc386479e829987_seed/generated/checkpoints/results.json | study_runs/SMOKE_V100_P0_I01/checkpoint/b3f868150f1e48848df96473d4a5fb4e/generated/checkpoints/results.json | study_runs/V100_P1_NANO_I05_R03/checkpoint/8676fcf9d5a649d1a9d6d65edaa7437e/generated/checkpoints/results.json | study_runs/V100_P1_NANO_I05_R03/checkpoint/8676fcf9d5a649d1a9d6d65edaa7437e_seed/generated/checkpoints/results.json | study_runs/V100_P2_GPT54_I05_R01/checkpoint/04f48b1f7cb64750af4875102ffebf1c/generated/checkpoints/results.json | study_runs/V100_P2_GPT54_I05_R01/checkpoint/a086ad426c6941eb80d27438d0dea564/generated/checkpoints/results.json | study_runs/V100_P2_GPT54_I05_R01/checkpoint/a086ad426c6941eb80d27438d0dea564_iteration2/generated/checkpoints/results.json | study_runs/V100_P2_GPT54_I05_R01/checkpoint/a086ad426c6941eb80d27438d0dea564_seed/generated/checkpoints/results.json
15386,f7c56a300e9ffc79e17e6aced74dbf1c232b706376e852202eab284484276eeb,2,study_runs/PILOT_BAD_FILENAME_V100_P0_NANO_I05_R03/checkpoint/471cd3e59f7e4ff38fc386479e829987_seed/generated/precision_seed_plot.png | study_runs/PILOT_BAD_FILENAME_V100_P0_NANO_I05_R03/checkpoint/7c7aff516dc44e82bafcc25d1c7616c7/generated/precision_seed_plot.png
251,3643b8dc790a3c97341e9611eacfdeaf00536f820df40cd22262cdcf3449c581,2,study_runs/PILOT_BAD_FILENAME_V100_P0_NANO_I05_R03/checkpoint/471cd3e59f7e4ff38fc386479e829987_seed/generated/prototype_precision_results.csv | study_runs/PILOT_BAD_FILENAME_V100_P0_NANO_I05_R03/checkpoint/7c7aff516dc44e82bafcc25d1c7616c7/generated/prototype_precision_results.csv
199,726457e870200baf2a362024d1db12e74eeb7dc1d9e0605ef9ef7957e0f1d994,2,study_runs/PILOT_BAD_FILENAME_V100_P0_NANO_I05_R03/checkpoint/7c7aff516dc44e82bafcc25d1c7616c7/generated/checkpoints/progress.json | study_runs/V100_P0_MINI_I05_R01/checkpoint/aac562b51b2148e2b73a824edba0b9b3/generated/checkpoints/progress.json
414,e9e88c445288497681d9e03470c173c77ccf3864de5775cf34f295cf4bf08486,3,study_runs/PILOT_BAD_FILENAME_V100_P0_NANO_I05_R03/config.toml | study_runs/V100_P0_NANO_I05_R03/config.toml | study_runs/V100_P0_NANO_I05_R03_FAILED_ENCODING/config.toml
3244,18d7f47641bd3c99a0b207b6f8380579b18764857b178d01a4d3d3412315acdf,2,study_runs/SMOKE_V100_P0_I01/checkpoint/2b04050768474782874f3d86300c385f/code.py | study_runs/SMOKE_V100_P0_I01/checkpoint/2b04050768474782874f3d86300c385f_seed/code.py
1655,77517e014423c3875201b476037a322190087ca8f657d634ee01a3c14f5c3ae0,2,study_runs/SMOKE_V100_P0_I01/checkpoint/2b04050768474782874f3d86300c385f/generated/checkpoints/progress.json | study_runs/SMOKE_V100_P0_I01/checkpoint/2b04050768474782874f3d86300c385f_seed/generated/checkpoints/progress.json
37583829,ce121a32b92419f122c86d8e6159da80dac2498530ce88af618d606dab17bda1,2,study_runs/SMOKE_V100_P0_I01/checkpoint/2b04050768474782874f3d86300c385f_iteration1/generated/checkpoints/MovieLens100K-938abed0/LensKit.ItemKNNScorer-c3d66610-11/predictions.json | study_runs/V100_P0_MINI_I05_R01/checkpoint/b6c02039931c42fcb8d6e8ec9185ebc2_iteration1/generated/checkpoints/MovieLens100KLocal-938abed0/LensKit.ItemKNNScorer-c3d66610-11/predictions.json
39089340,4612219caa0e1c7f45150c69dfeceeed6b54421c6e71c048531c6c5a6f8203a3,4,study_runs/SMOKE_V100_P0_I01/checkpoint/2b04050768474782874f3d86300c385f_iteration1/generated/checkpoints/MovieLens100K-938abed0/LensKit.PopScorer-f4aa5539-11/predictions.json | study_runs/V100_P0_MINI_I05_R01/checkpoint/b6c02039931c42fcb8d6e8ec9185ebc2_iteration1/generated/checkpoints/MovieLens100KLocal-938abed0/LensKit.PopScorer-f4aa5539-11/predictions.json | study_runs/V100_P0_MINI_I05_R05/checkpoint/5f85c771837f46e69ed3548da85ed85f/generated/checkpoints/MovieLens100K-938abed0/LensKit.PopScorer-f4aa5539-11/predictions.json | study_runs/V100_P0_MINI_I05_R05/checkpoint/b961f343d9f8405a8f194c65eb67b0cf/generated/checkpoints/MovieLens100K-938abed0/LensKit.PopScorer-f4aa5539-11/predictions.json
199,53cc16ee820ceba2f63d048fc8c818510250d19784ae0cfdfe8cb1631b4c7233,2,study_runs/SMOKE_V100_P0_I01/checkpoint/8ae5c9e5771d4ce2be8d8a2a7b4228f0/generated/checkpoints/progress.json | study_runs/V100_P0_MINI_I05_R01/checkpoint/7296f7528a22457384d50f4e3c7c94a4/generated/checkpoints/progress.json
951,6a254c2602b7566b8080dc9a3e249853376d2cb68109de34c64df5a7e9f73108,26,study_runs/V100_P0_GPT54_I05_R01/checkpoint/1a0e67a0ed0f49838458b10f36953597/generated/seed_13/checkpoints/err.log | study_runs/V100_P0_GPT54_I05_R01/checkpoint/1a0e67a0ed0f49838458b10f36953597/generated/seed_29/checkpoints/err.log | study_runs/V100_P0_GPT54_I05_R01/checkpoint/1a0e67a0ed0f49838458b10f36953597/generated/seed_42/checkpoints/err.log | study_runs/V100_P0_GPT54_I05_R01/checkpoint/1a0e67a0ed0f49838458b10f36953597/generated/seed_7/checkpoints/err.log | study_runs/V100_P0_GPT54_I05_R01/checkpoint/1a0e67a0ed0f49838458b10f36953597/generated/seed_87/checkpoints/err.log | study_runs/V100_P0_GPT54_I05_R01/checkpoint/e7849e11813743659c7d53436c07af0d/generated/seed_13/checkpoints/err.log | study_runs/V100_P0_GPT54_I05_R01/checkpoint/e7849e11813743659c7d53436c07af0d/generated/seed_29/checkpoints/err.log | study_runs/V100_P0_GPT54_I05_R01/checkpoint/e7849e11813743659c7d53436c07af0d/generated/seed_42/checkpoints/err.log | study_runs/V100_P0_GPT54_I05_R01/checkpoint/e7849e11813743659c7d53436c07af0d/generated/seed_7/checkpoints/err.log | study_runs/V100_P0_GPT54_I05_R01/checkpoint/e7849e11813743659c7d53436c07af0d/generated/seed_87/checkpoints/err.log | study_runs/V100_P0_GPT54_I05_R01/checkpoint/e7849e11813743659c7d53436c07af0d_seed/generated/seed_13/checkpoints/err.log | study_runs/V100_P0_GPT54_I05_R01/checkpoint/e7849e11813743659c7d53436c07af0d_seed/generated/seed_29/checkpoints/err.log | study_runs/V100_P0_GPT54_I05_R01/checkpoint/e7849e11813743659c7d53436c07af0d_seed/generated/seed_42/checkpoints/err.log | study_runs/V100_P0_GPT54_I05_R01/checkpoint/e7849e11813743659c7d53436c07af0d_seed/generated/seed_7/checkpoints/err.log | study_runs/V100_P0_GPT54_I05_R01/checkpoint/e7849e11813743659c7d53436c07af0d_seed/generated/seed_87/checkpoints/err.log | study_runs/V100_P0_GPT54_I05_R02/checkpoint/ef50db923528453ab7281e09a7ab63ce/generated/checkpoints/err.log | study_runs/V100_P0_GPT54_I05_R02/checkpoint/ef50db923528453ab7281e09a7ab63ce_seed/generated/checkpoints/err.log | study_runs/V100_P0_MINI_I05_R05/checkpoint/5f85c771837f46e69ed3548da85ed85f/generated/checkpoints/err.log | study_runs/V100_P0_MINI_I05_R05/checkpoint/a60f1446dae34e6c85594e6ccf365727/generated/checkpoints/err.log | study_runs/V100_P0_MINI_I05_R05/checkpoint/b961f343d9f8405a8f194c65eb67b0cf/generated/checkpoints/err.log | study_runs/V100_P0_MINI_I05_R05/checkpoint/c1cab3cf57c346019ca9d1992dcac3ef/generated/checkpoints/err.log | study_runs/V100_P0_MINI_I05_R05/checkpoint/c1cab3cf57c346019ca9d1992dcac3ef_seed/generated/checkpoints/err.log | study_runs/V100_P2_GPT54_I05_R02/checkpoint/73be1f73012545e9911ff1449851c2bb/generated/seed_7/checkpoints/err.log | study_runs/V100_P2_GPT54_I05_R02/checkpoint/76cc9e35c947427c9589f19b532a152f/generated/seed_7/checkpoints/err.log | study_runs/V100_P2_GPT54_I05_R02/checkpoint/d4dae55ea810493681b2ee614cb64fb6/generated/seed_7/checkpoints/err.log | study_runs/V100_P2_GPT54_I05_R02/checkpoint/d4dae55ea810493681b2ee614cb64fb6_seed/generated/seed_7/checkpoints/err.log
5936,88282802745d5f360fa0f38a56f7830033de86269fb93510ee56ffedb96e01a5,2,study_runs/V100_P0_GPT54_I05_R01/checkpoint/e7849e11813743659c7d53436c07af0d/code.py | study_runs/V100_P0_GPT54_I05_R01/checkpoint/e7849e11813743659c7d53436c07af0d_seed/code.py
762,de01b1861af0df160d2136171b40364ba1106d36a3bd35a5fab55731b9819605,2,study_runs/V100_P0_GPT54_I05_R01/checkpoint/e7849e11813743659c7d53436c07af0d/generated/prototype_results.csv | study_runs/V100_P0_GPT54_I05_R01/checkpoint/e7849e11813743659c7d53436c07af0d_seed/generated/prototype_results.csv
66,4cf8d5a5f0f6f8d9178b2bc9e1c3ab6f0a8bc015301432ffd31bf96744f2d190,2,study_runs/V100_P0_GPT54_I05_R01/checkpoint/e7849e11813743659c7d53436c07af0d/generated/prototype_summary.csv | study_runs/V100_P0_GPT54_I05_R01/checkpoint/e7849e11813743659c7d53436c07af0d_seed/generated/prototype_summary.csv
38547550,bc21346977917d7b3fa5e17b37c97b560a5725166950041dcb3c487171b2758f,3,study_runs/V100_P0_GPT54_I05_R01/checkpoint/e7849e11813743659c7d53436c07af0d/generated/seed_13/checkpoints/MovieLens100K-c437b6f6/LensKit.PopScorer-f4aa5539-13/predictions.json | study_runs/V100_P0_GPT54_I05_R01/checkpoint/e7849e11813743659c7d53436c07af0d_iteration1/generated/MovieLens100K/seed_13/checkpoints/MovieLens100K-c437b6f6/LensKit.PopScorer-f4aa5539-13/predictions.json | study_runs/V100_P0_GPT54_I05_R01/checkpoint/e7849e11813743659c7d53436c07af0d_seed/generated/seed_13/checkpoints/MovieLens100K-c437b6f6/LensKit.PopScorer-f4aa5539-13/predictions.json
192,8c01d4d9763aed914062057453140206f483cc566bc1ce5346b32dea84e8089f,2,study_runs/V100_P0_GPT54_I05_R01/checkpoint/e7849e11813743659c7d53436c07af0d/generated/seed_13/checkpoints/progress.json | study_runs/V100_P0_GPT54_I05_R01/checkpoint/e7849e11813743659c7d53436c07af0d_seed/generated/seed_13/checkpoints/progress.json
145,f61febc12ade33dfd488c0bd277148aeacd84b243be53d0e32b65437155045d2,4,study_runs/V100_P0_GPT54_I05_R01/checkpoint/e7849e11813743659c7d53436c07af0d/generated/seed_13/checkpoints/results.json | study_runs/V100_P0_GPT54_I05_R01/checkpoint/e7849e11813743659c7d53436c07af0d/generated/seed_13/evaluator_results.json | study_runs/V100_P0_GPT54_I05_R01/checkpoint/e7849e11813743659c7d53436c07af0d_seed/generated/seed_13/checkpoints/results.json | study_runs/V100_P0_GPT54_I05_R01/checkpoint/e7849e11813743659c7d53436c07af0d_seed/generated/seed_13/evaluator_results.json
123,62583119c31a1e475f1c021aaa87df258797675a9a3a9ec4a288683a6256a17f,2,study_runs/V100_P0_GPT54_I05_R01/checkpoint/e7849e11813743659c7d53436c07af0d/generated/seed_13/evaluator_results.csv | study_runs/V100_P0_GPT54_I05_R01/checkpoint/e7849e11813743659c7d53436c07af0d_seed/generated/seed_13/evaluator_results.csv
38551698,c52c42b0c5a42ef8c6083bf26ec691d435b936ea972a6c07d6490338c70dd448,3,study_runs/V100_P0_GPT54_I05_R01/checkpoint/e7849e11813743659c7d53436c07af0d/generated/seed_29/checkpoints/MovieLens100K-c437b6f6/LensKit.PopScorer-f4aa5539-29/predictions.json | study_runs/V100_P0_GPT54_I05_R01/checkpoint/e7849e11813743659c7d53436c07af0d_iteration1/generated/MovieLens100K/seed_29/checkpoints/MovieLens100K-c437b6f6/LensKit.PopScorer-f4aa5539-29/predictions.json | study_runs/V100_P0_GPT54_I05_R01/checkpoint/e7849e11813743659c7d53436c07af0d_seed/generated/seed_29/checkpoints/MovieLens100K-c437b6f6/LensKit.PopScorer-f4aa5539-29/predictions.json
192,0926327f62b575ad5911ae6dbe0c42c5d1b71ab97f895f77165171ba11cbaae1,2,study_runs/V100_P0_GPT54_I05_R01/checkpoint/e7849e11813743659c7d53436c07af0d/generated/seed_29/checkpoints/progress.json | study_runs/V100_P0_GPT54_I05_R01/checkpoint/e7849e11813743659c7d53436c07af0d_seed/generated/seed_29/checkpoints/progress.json
145,c916a1926f947304a1e4fede93c75dc2feed5f5bca04a92c1540612dbc480fb1,4,study_runs/V100_P0_GPT54_I05_R01/checkpoint/e7849e11813743659c7d53436c07af0d/generated/seed_29/checkpoints/results.json | study_runs/V100_P0_GPT54_I05_R01/checkpoint/e7849e11813743659c7d53436c07af0d/generated/seed_29/evaluator_results.json | study_runs/V100_P0_GPT54_I05_R01/checkpoint/e7849e11813743659c7d53436c07af0d_seed/generated/seed_29/checkpoints/results.json | study_runs/V100_P0_GPT54_I05_R01/checkpoint/e7849e11813743659c7d53436c07af0d_seed/generated/seed_29/evaluator_results.json
123,4682d0f8d0f4fcdcd50b95ace172566a6b1d92798e89a3ec4a000c877af23b6e,2,study_runs/V100_P0_GPT54_I05_R01/checkpoint/e7849e11813743659c7d53436c07af0d/generated/seed_29/evaluator_results.csv | study_runs/V100_P0_GPT54_I05_R01/checkpoint/e7849e11813743659c7d53436c07af0d_seed/generated/seed_29/evaluator_results.csv
38551544,1f9beb7bb0901ea4704f206a652466d1b047b05abbbf6b3c970417a3d2f97e86,3,study_runs/V100_P0_GPT54_I05_R01/checkpoint/e7849e11813743659c7d53436c07af0d/generated/seed_42/checkpoints/MovieLens100K-c437b6f6/LensKit.PopScorer-f4aa5539-42/predictions.json | study_runs/V100_P0_GPT54_I05_R01/checkpoint/e7849e11813743659c7d53436c07af0d_iteration1/generated/MovieLens100K/seed_42/checkpoints/MovieLens100K-c437b6f6/LensKit.PopScorer-f4aa5539-42/predictions.json | study_runs/V100_P0_GPT54_I05_R01/checkpoint/e7849e11813743659c7d53436c07af0d_seed/generated/seed_42/checkpoints/MovieLens100K-c437b6f6/LensKit.PopScorer-f4aa5539-42/predictions.json
192,6edf6b393d122f7a4c8d61935f1c2b71bea20b109820ae2e98f432780f3d99da,2,study_runs/V100_P0_GPT54_I05_R01/checkpoint/e7849e11813743659c7d53436c07af0d/generated/seed_42/checkpoints/progress.json | study_runs/V100_P0_GPT54_I05_R01/checkpoint/e7849e11813743659c7d53436c07af0d_seed/generated/seed_42/checkpoints/progress.json
144,d1ec6940aea48d5ea5029f48c5b41454210703f87e2ccdaecdf21d9577ef483c,4,study_runs/V100_P0_GPT54_I05_R01/checkpoint/e7849e11813743659c7d53436c07af0d/generated/seed_42/checkpoints/results.json | study_runs/V100_P0_GPT54_I05_R01/checkpoint/e7849e11813743659c7d53436c07af0d/generated/seed_42/evaluator_results.json | study_runs/V100_P0_GPT54_I05_R01/checkpoint/e7849e11813743659c7d53436c07af0d_seed/generated/seed_42/checkpoints/results.json | study_runs/V100_P0_GPT54_I05_R01/checkpoint/e7849e11813743659c7d53436c07af0d_seed/generated/seed_42/evaluator_results.json
122,fd5fc981d10c1de18cb1eaf4ee091f42bd275c3f5cd0c82af0e9de7c560734fd,2,study_runs/V100_P0_GPT54_I05_R01/checkpoint/e7849e11813743659c7d53436c07af0d/generated/seed_42/evaluator_results.csv | study_runs/V100_P0_GPT54_I05_R01/checkpoint/e7849e11813743659c7d53436c07af0d_seed/generated/seed_42/evaluator_results.csv
38567824,19c28b2bbbcaf2544225ad1a40eb153b9c15fe3530cb16c129be08de754376ed,3,study_runs/V100_P0_GPT54_I05_R01/checkpoint/e7849e11813743659c7d53436c07af0d/generated/seed_7/checkpoints/MovieLens100K-c437b6f6/LensKit.PopScorer-f4aa5539-7/predictions.json | study_runs/V100_P0_GPT54_I05_R01/checkpoint/e7849e11813743659c7d53436c07af0d_iteration1/generated/MovieLens100K/seed_7/checkpoints/MovieLens100K-c437b6f6/LensKit.PopScorer-f4aa5539-7/predictions.json | study_runs/V100_P0_GPT54_I05_R01/checkpoint/e7849e11813743659c7d53436c07af0d_seed/generated/seed_7/checkpoints/MovieLens100K-c437b6f6/LensKit.PopScorer-f4aa5539-7/predictions.json
191,0d84e99c0e95af70986f10c018e19132c0c6a725a17c7dd1fe52999aa49b4398,2,study_runs/V100_P0_GPT54_I05_R01/checkpoint/e7849e11813743659c7d53436c07af0d/generated/seed_7/checkpoints/progress.json | study_runs/V100_P0_GPT54_I05_R01/checkpoint/e7849e11813743659c7d53436c07af0d_seed/generated/seed_7/checkpoints/progress.json
143,885f9b24c2da1b10da00a2fa41be12c8660660af69806130bdc8cd34e0234c2d,4,study_runs/V100_P0_GPT54_I05_R01/checkpoint/e7849e11813743659c7d53436c07af0d/generated/seed_7/checkpoints/results.json | study_runs/V100_P0_GPT54_I05_R01/checkpoint/e7849e11813743659c7d53436c07af0d/generated/seed_7/evaluator_results.json | study_runs/V100_P0_GPT54_I05_R01/checkpoint/e7849e11813743659c7d53436c07af0d_seed/generated/seed_7/checkpoints/results.json | study_runs/V100_P0_GPT54_I05_R01/checkpoint/e7849e11813743659c7d53436c07af0d_seed/generated/seed_7/evaluator_results.json
121,ea2723f60c63937ff28b3cb3d24c1684cbcbe8ffb93f5f44b486f8711ea1281f,2,study_runs/V100_P0_GPT54_I05_R01/checkpoint/e7849e11813743659c7d53436c07af0d/generated/seed_7/evaluator_results.csv | study_runs/V100_P0_GPT54_I05_R01/checkpoint/e7849e11813743659c7d53436c07af0d_seed/generated/seed_7/evaluator_results.csv
38544002,f0c1407d2d2e84dbd1d2fbc752eec61acaeacc874a015665dfc4db9b148e57fd,3,study_runs/V100_P0_GPT54_I05_R01/checkpoint/e7849e11813743659c7d53436c07af0d/generated/seed_87/checkpoints/MovieLens100K-c437b6f6/LensKit.PopScorer-f4aa5539-87/predictions.json | study_runs/V100_P0_GPT54_I05_R01/checkpoint/e7849e11813743659c7d53436c07af0d_iteration1/generated/MovieLens100K/seed_87/checkpoints/MovieLens100K-c437b6f6/LensKit.PopScorer-f4aa5539-87/predictions.json | study_runs/V100_P0_GPT54_I05_R01/checkpoint/e7849e11813743659c7d53436c07af0d_seed/generated/seed_87/checkpoints/MovieLens100K-c437b6f6/LensKit.PopScorer-f4aa5539-87/predictions.json
192,57f9fcaf06ade75c7f91b5a0626b342e9e2b7b6bb777d863fba19376543109d3,2,study_runs/V100_P0_GPT54_I05_R01/checkpoint/e7849e11813743659c7d53436c07af0d/generated/seed_87/checkpoints/progress.json | study_runs/V100_P0_GPT54_I05_R01/checkpoint/e7849e11813743659c7d53436c07af0d_seed/generated/seed_87/checkpoints/progress.json
145,769aaa00517b0e8d16c10bebbcfe01bb2d6f645bc0fd5e7c40136435cf5bd388,4,study_runs/V100_P0_GPT54_I05_R01/checkpoint/e7849e11813743659c7d53436c07af0d/generated/seed_87/checkpoints/results.json | study_runs/V100_P0_GPT54_I05_R01/checkpoint/e7849e11813743659c7d53436c07af0d/generated/seed_87/evaluator_results.json | study_runs/V100_P0_GPT54_I05_R01/checkpoint/e7849e11813743659c7d53436c07af0d_seed/generated/seed_87/checkpoints/results.json | study_runs/V100_P0_GPT54_I05_R01/checkpoint/e7849e11813743659c7d53436c07af0d_seed/generated/seed_87/evaluator_results.json
123,c127a8cd0c28cf223621b13866c01b2920428765b611d2e9888727b5c10d0a81,2,study_runs/V100_P0_GPT54_I05_R01/checkpoint/e7849e11813743659c7d53436c07af0d/generated/seed_87/evaluator_results.csv | study_runs/V100_P0_GPT54_I05_R01/checkpoint/e7849e11813743659c7d53436c07af0d_seed/generated/seed_87/evaluator_results.csv
49966,5cd5674f129a07b939b8c2670f0d746961608f232a4f1b1166eed3952619aa52,2,study_runs/V100_P0_GPT54_I05_R01/checkpoint/e7849e11813743659c7d53436c07af0d/generated/seed_sensitivity_plot.png | study_runs/V100_P0_GPT54_I05_R01/checkpoint/e7849e11813743659c7d53436c07af0d_seed/generated/seed_sensitivity_plot.png
3341,8064fa4046d33d51340bd64ca82b03a9305e319f14dc5b50ede1e6d904331d0e,5,study_runs/V100_P0_GPT54_I05_R01/checkpoint/e7849e11813743659c7d53436c07af0d_iteration1/generated/MovieLens100K/seed_13/checkpoints/err.log | study_runs/V100_P0_GPT54_I05_R01/checkpoint/e7849e11813743659c7d53436c07af0d_iteration1/generated/MovieLens100K/seed_29/checkpoints/err.log | study_runs/V100_P0_GPT54_I05_R01/checkpoint/e7849e11813743659c7d53436c07af0d_iteration1/generated/MovieLens100K/seed_42/checkpoints/err.log | study_runs/V100_P0_GPT54_I05_R01/checkpoint/e7849e11813743659c7d53436c07af0d_iteration1/generated/MovieLens100K/seed_7/checkpoints/err.log | study_runs/V100_P0_GPT54_I05_R01/checkpoint/e7849e11813743659c7d53436c07af0d_iteration1/generated/MovieLens100K/seed_87/checkpoints/err.log
2226,fadcdffb6b7360bdadf4abb878619870b59dea8245d7d0c766d78351aaaa30d7,2,study_runs/V100_P0_GPT54_I05_R01/checkpoint/e7849e11813743659c7d53436c07af0d_iteration1/generated/MovieLens100K/seed_13/checkpoints/results.json | study_runs/V100_P0_GPT54_I05_R01/checkpoint/e7849e11813743659c7d53436c07af0d_iteration1/generated/MovieLens100K/seed_13/evaluator_results.json
2222,ca90c391aede38a4b962279cbb7db8c1418b166d7e51cdee8b310a98bc679123,2,study_runs/V100_P0_GPT54_I05_R01/checkpoint/e7849e11813743659c7d53436c07af0d_iteration1/generated/MovieLens100K/seed_29/checkpoints/results.json | study_runs/V100_P0_GPT54_I05_R01/checkpoint/e7849e11813743659c7d53436c07af0d_iteration1/generated/MovieLens100K/seed_29/evaluator_results.json
2223,091715c3f58f703a3f7bc7f2df2d5e3a65486c9cca7c5960c4d735bd8a56b835,2,study_runs/V100_P0_GPT54_I05_R01/checkpoint/e7849e11813743659c7d53436c07af0d_iteration1/generated/MovieLens100K/seed_42/checkpoints/results.json | study_runs/V100_P0_GPT54_I05_R01/checkpoint/e7849e11813743659c7d53436c07af0d_iteration1/generated/MovieLens100K/seed_42/evaluator_results.json
2207,0b70cdb53613f05233fcc1cc506e75d3e7c9cfb3963e6d551791d66869b682a2,2,study_runs/V100_P0_GPT54_I05_R01/checkpoint/e7849e11813743659c7d53436c07af0d_iteration1/generated/MovieLens100K/seed_7/checkpoints/results.json | study_runs/V100_P0_GPT54_I05_R01/checkpoint/e7849e11813743659c7d53436c07af0d_iteration1/generated/MovieLens100K/seed_7/evaluator_results.json
2224,f7ea8b5ee22405c9747d92e173edc31558c55ce58726907ee50eeb77632dc74c,2,study_runs/V100_P0_GPT54_I05_R01/checkpoint/e7849e11813743659c7d53436c07af0d_iteration1/generated/MovieLens100K/seed_87/checkpoints/results.json | study_runs/V100_P0_GPT54_I05_R01/checkpoint/e7849e11813743659c7d53436c07af0d_iteration1/generated/MovieLens100K/seed_87/evaluator_results.json
7748,38f57542ad5f854884477247745871bc88f0297a8742e72f86542d53272694e4,2,study_runs/V100_P0_GPT54_I05_R02/checkpoint/ef50db923528453ab7281e09a7ab63ce/code.py | study_runs/V100_P0_GPT54_I05_R02/checkpoint/ef50db923528453ab7281e09a7ab63ce_seed/code.py
38793746,e6d459ffabc0ddcf1df8a22659d433a2d1a0fe386c3e1a2aad586e690fe60c11,2,study_runs/V100_P0_GPT54_I05_R02/checkpoint/ef50db923528453ab7281e09a7ab63ce/generated/checkpoints/LocalMovieLens100K-c0b4b14e/LensKit.PopScorer-f4aa5539-11/predictions.json | study_runs/V100_P0_GPT54_I05_R02/checkpoint/ef50db923528453ab7281e09a7ab63ce_seed/generated/checkpoints/LocalMovieLens100K-c0b4b14e/LensKit.PopScorer-f4aa5539-11/predictions.json
197,1364a60733b157f84f3bb0c8b11a8762fb3f41d2488350357793eebe5a4a389e,2,study_runs/V100_P0_GPT54_I05_R02/checkpoint/ef50db923528453ab7281e09a7ab63ce/generated/checkpoints/progress.json | study_runs/V100_P0_GPT54_I05_R02/checkpoint/ef50db923528453ab7281e09a7ab63ce_seed/generated/checkpoints/progress.json
150,5eb4cf96dc28efc1615a7465d414b9802493b5f86a6edb438824579c65f3f382,2,study_runs/V100_P0_GPT54_I05_R02/checkpoint/ef50db923528453ab7281e09a7ab63ce/generated/checkpoints/results.json | study_runs/V100_P0_GPT54_I05_R02/checkpoint/ef50db923528453ab7281e09a7ab63ce_seed/generated/checkpoints/results.json
37520574,44d5fee5bbdf2636836b56525f4a848f966d65e06e2337910bdc52b4c237dbe7,6,study_runs/V100_P0_MINI_I05_R01/checkpoint/977d7ec4949847409c030b314e2dd362/generated/checkpoints/MovieLens100K-938abed0/LensKit.ItemKNNScorer-c3d66610-42/predictions.json | study_runs/V100_P0_MINI_I05_R04/checkpoint/0ddf2f48ecfe411c968dfd5ac55fc592/generated/checkpoints/MovieLens100K-938abed0/LensKit.ItemKNNScorer-c3d66610-42/predictions.json | study_runs/V100_P0_MINI_I05_R04/checkpoint/0ddf2f48ecfe411c968dfd5ac55fc592_seed/generated/checkpoints/MovieLens100K-938abed0/LensKit.ItemKNNScorer-c3d66610-42/predictions.json | study_runs/V100_P0_MINI_I05_R04/checkpoint/6624255987bf439f9714e8560c0cd3b5/generated/checkpoints/MovieLens100K-938abed0/LensKit.ItemKNNScorer-5f816cf5-42/predictions.json | study_runs/V100_P0_MINI_I05_R04/checkpoint/81f0cfbf8c764fd2916c0548137ef91b/generated/checkpoints/MovieLens100K-938abed0/LensKit.ItemKNNScorer-c3d66610-42/predictions.json | study_runs/V100_P0_MINI_I05_R04/checkpoint/e543f9f743a340479000d7640c0720a3/generated/checkpoints/MovieLens100K-938abed0/LensKit.ItemKNNScorer-c3d66610-42/predictions.json
3157,3506997559dddc4f0273b968078e28bbc378e6e2357bc4dbf8c4b105f5cb40f7,2,study_runs/V100_P0_MINI_I05_R01/checkpoint/b6c02039931c42fcb8d6e8ec9185ebc2/code.py | study_runs/V100_P0_MINI_I05_R01/checkpoint/b6c02039931c42fcb8d6e8ec9185ebc2_seed/code.py
37268491,bdfa82a0f91758a8d3f2bdecdbdda1c90a763d3b50d6da64a6270a6cfc6f7fb1,4,study_runs/V100_P0_MINI_I05_R01/checkpoint/b6c02039931c42fcb8d6e8ec9185ebc2/generated/checkpoints/MovieLens100K-c0b4b14e/LensKit.ItemKNNScorer-c3d66610-42/predictions.json | study_runs/V100_P0_MINI_I05_R01/checkpoint/b6c02039931c42fcb8d6e8ec9185ebc2_seed/generated/checkpoints/MovieLens100K-c0b4b14e/LensKit.ItemKNNScorer-c3d66610-42/predictions.json | study_runs/V100_P0_MINI_I05_R02/checkpoint/8b4ad2ac4960487da7beea3df7b51b4e/generated/checkpoints/MovieLens100K-c0b4b14e/LensKit.ItemKNNScorer-c3d66610-42/predictions.json | study_runs/V100_P0_MINI_I05_R02/checkpoint/8b4ad2ac4960487da7beea3df7b51b4e_seed/generated/checkpoints/MovieLens100K-c0b4b14e/LensKit.ItemKNNScorer-c3d66610-42/predictions.json
196,67adffde1196fe6892c9c08d9079932e9cced9bfb7c4869c9ad21b26bdd1c920,4,study_runs/V100_P0_MINI_I05_R01/checkpoint/b6c02039931c42fcb8d6e8ec9185ebc2/generated/checkpoints/progress.json | study_runs/V100_P0_MINI_I05_R01/checkpoint/b6c02039931c42fcb8d6e8ec9185ebc2_seed/generated/checkpoints/progress.json | study_runs/V100_P0_MINI_I05_R02/checkpoint/8b4ad2ac4960487da7beea3df7b51b4e/generated/checkpoints/progress.json | study_runs/V100_P0_MINI_I05_R02/checkpoint/8b4ad2ac4960487da7beea3df7b51b4e_seed/generated/checkpoints/progress.json
275,7bf284a3c840e0568c09bee3466e49614fcfe39ca398b58336b3e8a7f3c7d624,4,study_runs/V100_P0_MINI_I05_R01/checkpoint/b6c02039931c42fcb8d6e8ec9185ebc2/generated/checkpoints/results.json | study_runs/V100_P0_MINI_I05_R01/checkpoint/b6c02039931c42fcb8d6e8ec9185ebc2_seed/generated/checkpoints/results.json | study_runs/V100_P0_MINI_I05_R02/checkpoint/8b4ad2ac4960487da7beea3df7b51b4e/generated/checkpoints/results.json | study_runs/V100_P0_MINI_I05_R02/checkpoint/8b4ad2ac4960487da7beea3df7b51b4e_seed/generated/checkpoints/results.json
22342,866a9d4d6d2e49020b5272096cc6c5175a79fe003421a09c7e46f5c204b5c07d,2,study_runs/V100_P0_MINI_I05_R01/checkpoint/b6c02039931c42fcb8d6e8ec9185ebc2/generated/prototype_movielens_results.png | study_runs/V100_P0_MINI_I05_R01/checkpoint/b6c02039931c42fcb8d6e8ec9185ebc2_seed/generated/prototype_movielens_results.png
3341,886cfe0165eb1324b0fb957166b243f15f998347fa90189ff16eb7b10ef110eb,2,study_runs/V100_P0_MINI_I05_R01/checkpoint/b6c02039931c42fcb8d6e8ec9185ebc2_iteration1/generated/checkpoints/err.log | study_runs/V100_P0_NANO_I05_R01/checkpoint/1390f6c0be5743b8927162dbbe425e75_iteration2/generated/checkpoints/err.log
2848,3dec87a543b8d59f69fae6f33d113965f66ca31d55b07821681985d862e2af0d,2,study_runs/V100_P0_MINI_I05_R02/checkpoint/8b4ad2ac4960487da7beea3df7b51b4e/code.py | study_runs/V100_P0_MINI_I05_R02/checkpoint/8b4ad2ac4960487da7beea3df7b51b4e_seed/code.py
24398,71985cc9b22e9c26c2eba05efa14c561c321f0cb6a372c69ecd8c92606ad3ae9,2,study_runs/V100_P0_MINI_I05_R02/checkpoint/8b4ad2ac4960487da7beea3df7b51b4e/generated/prototype_metrics_plot.png | study_runs/V100_P0_MINI_I05_R02/checkpoint/8b4ad2ac4960487da7beea3df7b51b4e_seed/generated/prototype_metrics_plot.png
173,807a32ec7cc9f83ef15e901388dc89c65f25f2152a8e37277057006e0630a71a,2,study_runs/V100_P0_MINI_I05_R02/checkpoint/8b4ad2ac4960487da7beea3df7b51b4e/generated/prototype_results_movielens_itemknn.csv | study_runs/V100_P0_MINI_I05_R02/checkpoint/8b4ad2ac4960487da7beea3df7b51b4e_seed/generated/prototype_results_movielens_itemknn.csv
890,518fba572f280db4b5d7aba9b90e23ca3def986038d73f93f4f458b42f83fd97,3,study_runs/V100_P0_MINI_I05_R03/checkpoint/4bae3cfa9f6b4a4bb4b360ee0c788768/generated/checkpoints/progress.json | study_runs/V100_P0_MINI_I05_R03/checkpoint/64f1c4aae39d4cc68f747732d8232c0e/generated/checkpoints/progress.json | study_runs/V100_P0_MINI_I05_R03/checkpoint/b3e9be9f1f4d407d9c70764b3ade04ac/generated/checkpoints/progress.json
2636,3e8a37d682929b54711b73b608dfb1bc2cc5beccace86c10af79e54086d13429,2,study_runs/V100_P0_MINI_I05_R03/checkpoint/a9663d9dfecc44c6998034c55e22bfe0/code.py | study_runs/V100_P0_MINI_I05_R03/checkpoint/a9663d9dfecc44c6998034c55e22bfe0_seed/code.py
37538282,5cf4ca7eab1363eae5905b353bab6cd6753d623924431872496b485f0c70343d,3,study_runs/V100_P0_MINI_I05_R03/checkpoint/a9663d9dfecc44c6998034c55e22bfe0/generated/checkpoints/MovieLens100K-938abed0/LensKit.ItemKNNScorer-c3d66610-1/predictions.json | study_runs/V100_P0_MINI_I05_R03/checkpoint/a9663d9dfecc44c6998034c55e22bfe0_seed/generated/checkpoints/MovieLens100K-938abed0/LensKit.ItemKNNScorer-c3d66610-1/predictions.json | study_runs/V100_P0_MINI_I05_R03/workspace/checkpoints/MovieLens100K-938abed0/LensKit.ItemKNNScorer-c3d66610-1/predictions.json
37570479,d49428d2c6b03dacf5942c2d16ddd722c934ae19028b1adf603d20dbceefc19b,3,study_runs/V100_P0_MINI_I05_R03/checkpoint/a9663d9dfecc44c6998034c55e22bfe0/generated/checkpoints/MovieLens100K-938abed0/LensKit.ItemKNNScorer-c3d66610-2/predictions.json | study_runs/V100_P0_MINI_I05_R03/checkpoint/a9663d9dfecc44c6998034c55e22bfe0_seed/generated/checkpoints/MovieLens100K-938abed0/LensKit.ItemKNNScorer-c3d66610-2/predictions.json | study_runs/V100_P0_MINI_I05_R03/workspace/checkpoints/MovieLens100K-938abed0/LensKit.ItemKNNScorer-c3d66610-2/predictions.json
37576771,e5bd2a74f9bc48dd8b522bc99611192fad9372ed0d92694fa40ebddb2aa4be4a,3,study_runs/V100_P0_MINI_I05_R03/checkpoint/a9663d9dfecc44c6998034c55e22bfe0/generated/checkpoints/MovieLens100K-938abed0/LensKit.ItemKNNScorer-c3d66610-3/predictions.json | study_runs/V100_P0_MINI_I05_R03/checkpoint/a9663d9dfecc44c6998034c55e22bfe0_seed/generated/checkpoints/MovieLens100K-938abed0/LensKit.ItemKNNScorer-c3d66610-3/predictions.json | study_runs/V100_P0_MINI_I05_R03/workspace/checkpoints/MovieLens100K-938abed0/LensKit.ItemKNNScorer-c3d66610-3/predictions.json
37595531,fffa4eda0077681b7af8db63212b88a20e0944624cc13da4ddfa384d68d5c839,3,study_runs/V100_P0_MINI_I05_R03/checkpoint/a9663d9dfecc44c6998034c55e22bfe0/generated/checkpoints/MovieLens100K-938abed0/LensKit.ItemKNNScorer-c3d66610-4/predictions.json | study_runs/V100_P0_MINI_I05_R03/checkpoint/a9663d9dfecc44c6998034c55e22bfe0_seed/generated/checkpoints/MovieLens100K-938abed0/LensKit.ItemKNNScorer-c3d66610-4/predictions.json | study_runs/V100_P0_MINI_I05_R03/workspace/checkpoints/MovieLens100K-938abed0/LensKit.ItemKNNScorer-c3d66610-4/predictions.json
37536795,a95fd12ddee63c7c776927030dae59363356e7ef2bd7671e4336916181bdd2af,3,study_runs/V100_P0_MINI_I05_R03/checkpoint/a9663d9dfecc44c6998034c55e22bfe0/generated/checkpoints/MovieLens100K-938abed0/LensKit.ItemKNNScorer-c3d66610-5/predictions.json | study_runs/V100_P0_MINI_I05_R03/checkpoint/a9663d9dfecc44c6998034c55e22bfe0_seed/generated/checkpoints/MovieLens100K-938abed0/LensKit.ItemKNNScorer-c3d66610-5/predictions.json | study_runs/V100_P0_MINI_I05_R03/workspace/checkpoints/MovieLens100K-938abed0/LensKit.ItemKNNScorer-c3d66610-5/predictions.json
875,2570e2314c4e052e5562f9a46bf448002f86eeab2f7be504581a71244d33d16d,2,study_runs/V100_P0_MINI_I05_R03/checkpoint/a9663d9dfecc44c6998034c55e22bfe0/generated/checkpoints/progress.json | study_runs/V100_P0_MINI_I05_R03/checkpoint/a9663d9dfecc44c6998034c55e22bfe0_seed/generated/checkpoints/progress.json
1231,1eb041ab5cfef9be7c8913cfb0bc4ba950d0920f93306bf79f48dee87bdffe1d,2,study_runs/V100_P0_MINI_I05_R03/checkpoint/a9663d9dfecc44c6998034c55e22bfe0/generated/checkpoints/results.json | study_runs/V100_P0_MINI_I05_R03/checkpoint/a9663d9dfecc44c6998034c55e22bfe0_seed/generated/checkpoints/results.json
219,d7a60fddd36f57ccfa06f3a4c72d85f3968a9adad34b6fb0b056d01c5cf6dcf8,2,study_runs/V100_P0_MINI_I05_R03/checkpoint/a9663d9dfecc44c6998034c55e22bfe0/generated/prototype_runs.csv | study_runs/V100_P0_MINI_I05_R03/checkpoint/a9663d9dfecc44c6998034c55e22bfe0_seed/generated/prototype_runs.csv
22608,1b603ef604cbfbfb6371712623f9ba018050ec90c9ff5ae13b9a45baf7a7e417,2,study_runs/V100_P0_MINI_I05_R03/checkpoint/a9663d9dfecc44c6998034c55e22bfe0/generated/seed_plot.png | study_runs/V100_P0_MINI_I05_R03/checkpoint/a9663d9dfecc44c6998034c55e22bfe0_seed/generated/seed_plot.png
3453,9f7496952b84fec7ed65fc21825b3c09ffcf4aaa8833fa7cc6a80b3e6d2968b4,2,study_runs/V100_P0_MINI_I05_R04/checkpoint/0ddf2f48ecfe411c968dfd5ac55fc592/code.py | study_runs/V100_P0_MINI_I05_R04/checkpoint/0ddf2f48ecfe411c968dfd5ac55fc592_seed/code.py
37593524,ccbd0ed6508112415cc30eaaafc5dd066c2ff81d17fe77a49c4c86a1a20a5648,5,study_runs/V100_P0_MINI_I05_R04/checkpoint/0ddf2f48ecfe411c968dfd5ac55fc592/generated/checkpoints/MovieLens100K-938abed0/LensKit.ItemKNNScorer-c3d66610-13/predictions.json | study_runs/V100_P0_MINI_I05_R04/checkpoint/0ddf2f48ecfe411c968dfd5ac55fc592_seed/generated/checkpoints/MovieLens100K-938abed0/LensKit.ItemKNNScorer-c3d66610-13/predictions.json | study_runs/V100_P0_MINI_I05_R04/checkpoint/6624255987bf439f9714e8560c0cd3b5/generated/checkpoints/MovieLens100K-938abed0/LensKit.ItemKNNScorer-5f816cf5-13/predictions.json | study_runs/V100_P0_MINI_I05_R04/checkpoint/81f0cfbf8c764fd2916c0548137ef91b/generated/checkpoints/MovieLens100K-938abed0/LensKit.ItemKNNScorer-c3d66610-13/predictions.json | study_runs/V100_P0_MINI_I05_R04/checkpoint/e543f9f743a340479000d7640c0720a3/generated/checkpoints/MovieLens100K-938abed0/LensKit.ItemKNNScorer-c3d66610-13/predictions.json
37596917,cddbb139678f7301c51c80e0bab04f3598408e157ce3842857f1ab1cfc5d4dd6,5,study_runs/V100_P0_MINI_I05_R04/checkpoint/0ddf2f48ecfe411c968dfd5ac55fc592/generated/checkpoints/MovieLens100K-938abed0/LensKit.ItemKNNScorer-c3d66610-21/predictions.json | study_runs/V100_P0_MINI_I05_R04/checkpoint/0ddf2f48ecfe411c968dfd5ac55fc592_seed/generated/checkpoints/MovieLens100K-938abed0/LensKit.ItemKNNScorer-c3d66610-21/predictions.json | study_runs/V100_P0_MINI_I05_R04/checkpoint/6624255987bf439f9714e8560c0cd3b5/generated/checkpoints/MovieLens100K-938abed0/LensKit.ItemKNNScorer-5f816cf5-21/predictions.json | study_runs/V100_P0_MINI_I05_R04/checkpoint/81f0cfbf8c764fd2916c0548137ef91b/generated/checkpoints/MovieLens100K-938abed0/LensKit.ItemKNNScorer-c3d66610-21/predictions.json | study_runs/V100_P0_MINI_I05_R04/checkpoint/e543f9f743a340479000d7640c0720a3/generated/checkpoints/MovieLens100K-938abed0/LensKit.ItemKNNScorer-c3d66610-21/predictions.json
37611411,f99779c179fd61bb81d5ef564e77472084e5ef131155e434169bc585c3934da4,5,study_runs/V100_P0_MINI_I05_R04/checkpoint/0ddf2f48ecfe411c968dfd5ac55fc592/generated/checkpoints/MovieLens100K-938abed0/LensKit.ItemKNNScorer-c3d66610-7/predictions.json | study_runs/V100_P0_MINI_I05_R04/checkpoint/0ddf2f48ecfe411c968dfd5ac55fc592_seed/generated/checkpoints/MovieLens100K-938abed0/LensKit.ItemKNNScorer-c3d66610-7/predictions.json | study_runs/V100_P0_MINI_I05_R04/checkpoint/6624255987bf439f9714e8560c0cd3b5/generated/checkpoints/MovieLens100K-938abed0/LensKit.ItemKNNScorer-5f816cf5-7/predictions.json | study_runs/V100_P0_MINI_I05_R04/checkpoint/81f0cfbf8c764fd2916c0548137ef91b/generated/checkpoints/MovieLens100K-938abed0/LensKit.ItemKNNScorer-c3d66610-7/predictions.json | study_runs/V100_P0_MINI_I05_R04/checkpoint/e543f9f743a340479000d7640c0720a3/generated/checkpoints/MovieLens100K-938abed0/LensKit.ItemKNNScorer-c3d66610-7/predictions.json
37560539,1af2a1a71009a5d363275d607c731e782f1566040eec047d3b057c9c44eca68b,5,study_runs/V100_P0_MINI_I05_R04/checkpoint/0ddf2f48ecfe411c968dfd5ac55fc592/generated/checkpoints/MovieLens100K-938abed0/LensKit.ItemKNNScorer-c3d66610-87/predictions.json | study_runs/V100_P0_MINI_I05_R04/checkpoint/0ddf2f48ecfe411c968dfd5ac55fc592_seed/generated/checkpoints/MovieLens100K-938abed0/LensKit.ItemKNNScorer-c3d66610-87/predictions.json | study_runs/V100_P0_MINI_I05_R04/checkpoint/6624255987bf439f9714e8560c0cd3b5/generated/checkpoints/MovieLens100K-938abed0/LensKit.ItemKNNScorer-5f816cf5-87/predictions.json | study_runs/V100_P0_MINI_I05_R04/checkpoint/81f0cfbf8c764fd2916c0548137ef91b/generated/checkpoints/MovieLens100K-938abed0/LensKit.ItemKNNScorer-c3d66610-87/predictions.json | study_runs/V100_P0_MINI_I05_R04/checkpoint/e543f9f743a340479000d7640c0720a3/generated/checkpoints/MovieLens100K-938abed0/LensKit.ItemKNNScorer-c3d66610-87/predictions.json
879,51ff6da08f42d5459b2ca89957d80075c5feb3760891f4ce55d4abeac41d2eeb,4,study_runs/V100_P0_MINI_I05_R04/checkpoint/0ddf2f48ecfe411c968dfd5ac55fc592/generated/checkpoints/progress.json | study_runs/V100_P0_MINI_I05_R04/checkpoint/0ddf2f48ecfe411c968dfd5ac55fc592_seed/generated/checkpoints/progress.json | study_runs/V100_P0_MINI_I05_R04/checkpoint/81f0cfbf8c764fd2916c0548137ef91b/generated/checkpoints/progress.json | study_runs/V100_P0_MINI_I05_R04/checkpoint/e543f9f743a340479000d7640c0720a3/generated/checkpoints/progress.json
1258,318d179b86c4427b6a097e5ceab61c6a920fa539bc61904dc8ead825d353b800,2,study_runs/V100_P0_MINI_I05_R04/checkpoint/0ddf2f48ecfe411c968dfd5ac55fc592/generated/checkpoints/results.json | study_runs/V100_P0_MINI_I05_R04/checkpoint/0ddf2f48ecfe411c968dfd5ac55fc592_seed/generated/checkpoints/results.json
2798,e009beadcce8cbc375e73681faeb3315464d8e402c6f21a72ca5970cd690d927,2,study_runs/V100_P0_MINI_I05_R04/checkpoint/0ddf2f48ecfe411c968dfd5ac55fc592/generated/prototype_seed_results.csv | study_runs/V100_P0_MINI_I05_R04/checkpoint/0ddf2f48ecfe411c968dfd5ac55fc592_seed/generated/prototype_seed_results.csv
210,3a23073c424298cc17a3d3d3f9b7a958eb505aa4b15994066a8c4a18f516bafa,2,study_runs/V100_P0_MINI_I05_R04/checkpoint/0ddf2f48ecfe411c968dfd5ac55fc592/generated/prototype_seed_summary.csv | study_runs/V100_P0_MINI_I05_R04/checkpoint/0ddf2f48ecfe411c968dfd5ac55fc592_seed/generated/prototype_seed_summary.csv
358,12b8a61014f043e816456408a4bde0a7ee2dd2814ef45d3adf1b096c65b533c2,2,study_runs/V100_P0_MINI_I05_R04/checkpoint/0ddf2f48ecfe411c968dfd5ac55fc592/generated/prototype_seed_table.csv | study_runs/V100_P0_MINI_I05_R04/checkpoint/0ddf2f48ecfe411c968dfd5ac55fc592_seed/generated/prototype_seed_table.csv
51105,a7539a867c6002ccbb69f2c930b26faa0f2a49a2435ea38e840a939d0d01cf49,2,study_runs/V100_P0_MINI_I05_R04/checkpoint/0ddf2f48ecfe411c968dfd5ac55fc592/generated/seed_variation_plot.png | study_runs/V100_P0_MINI_I05_R04/checkpoint/0ddf2f48ecfe411c968dfd5ac55fc592_seed/generated/seed_variation_plot.png
1241,91c1028ecba0ebf10880ab2da668df29c5e769a4be910743eea5d2fdd863c8fe,2,study_runs/V100_P0_MINI_I05_R04/checkpoint/81f0cfbf8c764fd2916c0548137ef91b/generated/checkpoints/results.json | study_runs/V100_P0_MINI_I05_R04/checkpoint/e543f9f743a340479000d7640c0720a3/generated/checkpoints/results.json
2748,d6d5732bf50860e21735baf1c8840016d8d4d7d84ea9c2563c11a1b4200815d0,2,study_runs/V100_P0_MINI_I05_R04/checkpoint/81f0cfbf8c764fd2916c0548137ef91b/generated/prototype_seed_results.csv | study_runs/V100_P0_MINI_I05_R04/checkpoint/e543f9f743a340479000d7640c0720a3/generated/prototype_seed_results.csv
192,35df4ddf3b6c2d71b6ffb5b23f7b26e9d4b34855ed17bea52b422fd709b23f2f,2,study_runs/V100_P0_MINI_I05_R05/checkpoint/5f85c771837f46e69ed3548da85ed85f/generated/checkpoints/progress.json | study_runs/V100_P0_MINI_I05_R05/checkpoint/b961f343d9f8405a8f194c65eb67b0cf/generated/checkpoints/progress.json
3124,7f615719e1592de7a1482516e778c0a942e14e55b5626cf57deeb0d8e1fa8206,2,study_runs/V100_P0_MINI_I05_R05/checkpoint/c1cab3cf57c346019ca9d1992dcac3ef/code.py | study_runs/V100_P0_MINI_I05_R05/checkpoint/c1cab3cf57c346019ca9d1992dcac3ef_seed/code.py
39030742,e873db521daa6ad7479bf6310994379dd44559a4417c6875b0f21d1840f00564,2,study_runs/V100_P0_MINI_I05_R05/checkpoint/c1cab3cf57c346019ca9d1992dcac3ef/generated/checkpoints/MovieLens100K-938abed0/LensKit.PopScorer-f4aa5539-42/predictions.json | study_runs/V100_P0_MINI_I05_R05/checkpoint/c1cab3cf57c346019ca9d1992dcac3ef_seed/generated/checkpoints/MovieLens100K-938abed0/LensKit.PopScorer-f4aa5539-42/predictions.json
192,fb62e009e9c58f38c45eeedf07bb504bc47c0dbc06e9aa247eb16c6f21aa6e9c,2,study_runs/V100_P0_MINI_I05_R05/checkpoint/c1cab3cf57c346019ca9d1992dcac3ef/generated/checkpoints/progress.json | study_runs/V100_P0_MINI_I05_R05/checkpoint/c1cab3cf57c346019ca9d1992dcac3ef_seed/generated/checkpoints/progress.json
266,92e4a08d1674e2d57711f83628907b155058800a24ffdb738a7d3b5cb64e75c3,2,study_runs/V100_P0_MINI_I05_R05/checkpoint/c1cab3cf57c346019ca9d1992dcac3ef/generated/checkpoints/results.json | study_runs/V100_P0_MINI_I05_R05/checkpoint/c1cab3cf57c346019ca9d1992dcac3ef_seed/generated/checkpoints/results.json
26233,efaa271a8e6d029d67491d7be5283f02bf4f3461222519f94f3bbb429a888070,2,study_runs/V100_P0_MINI_I05_R05/checkpoint/c1cab3cf57c346019ca9d1992dcac3ef/generated/prototype_metrics.png | study_runs/V100_P0_MINI_I05_R05/checkpoint/c1cab3cf57c346019ca9d1992dcac3ef_seed/generated/prototype_metrics.png
2758,8958a3fa619dfb740059eab776fa8fbe33c71b393389e6c2dc796afca8648005,2,study_runs/V100_P0_NANO_I05_R01/checkpoint/1390f6c0be5743b8927162dbbe425e75/code.py | study_runs/V100_P0_NANO_I05_R01/checkpoint/1390f6c0be5743b8927162dbbe425e75_seed/code.py
199,5951c79fd825ff6f29e49b51234527b245c3f17fbde367b3e8a4effe5d2b6205,2,study_runs/V100_P0_NANO_I05_R01/checkpoint/1390f6c0be5743b8927162dbbe425e75/generated/checkpoints/progress.json | study_runs/V100_P0_NANO_I05_R01/checkpoint/1390f6c0be5743b8927162dbbe425e75_seed/generated/checkpoints/progress.json
19425,76cee4c0bc76a15677dfc59f4e6c9e09ac24286bfa485663945b5f12f9e47c38,2,study_runs/V100_P0_NANO_I05_R01/checkpoint/1390f6c0be5743b8927162dbbe425e75/generated/precision5_seed_plot.png | study_runs/V100_P0_NANO_I05_R01/checkpoint/1390f6c0be5743b8927162dbbe425e75_seed/generated/precision5_seed_plot.png
43,4a4e2af26fe11229a6eb877f9571b07e9eb8dfeff3661b4c48e864fcaee4016c,2,study_runs/V100_P0_NANO_I05_R01/checkpoint/1390f6c0be5743b8927162dbbe425e75_iteration1/generated/repro/seeds.json | study_runs/V100_P0_NANO_I05_R01/checkpoint/1390f6c0be5743b8927162dbbe425e75_iteration2/generated/repro/seeds.json
403,0f829ff87427a284760e01353a23ca8ce523062b9f6c3b60d6ecff244907a224,2,study_runs/V100_P0_NANO_I05_R02/checkpoint/a995542cfc4648cd844976c6d425c697/code.py | study_runs/V100_P0_NANO_I05_R02/checkpoint/a995542cfc4648cd844976c6d425c697_seed/code.py
4913,90d55c5600348797412486c5d0d2a14601b668424fdb289ba6319c77a0b60cfe,2,study_runs/V100_P0_NANO_I05_R03/checkpoint/8d9208e09373435ba578757c5b440ede/code.py | study_runs/V100_P0_NANO_I05_R03/checkpoint/8d9208e09373435ba578757c5b440ede_seed/code.py
205,00a5cf0787044bbf338472e9e29fad23af37308353a7aedf817b1746f695f9df,2,study_runs/V100_P0_NANO_I05_R03/checkpoint/8d9208e09373435ba578757c5b440ede/out.log | study_runs/V100_P0_NANO_I05_R03/checkpoint/8d9208e09373435ba578757c5b440ede_seed/out.log
3440785,3daf589639aac1f04f73f082b234e2ab2ed93f10693f4b877e86413397c58c8a,3,study_runs/V100_P0_NANO_I05_R03/checkpoint/8d9208e09373435ba578757c5b440ede_iteration2/generated/Amazon2018VideoGames_ALS_seed101/test.csv | study_runs/V100_P0_NANO_I05_R03/checkpoint/8d9208e09373435ba578757c5b440ede_iteration2/generated/Amazon2018VideoGames_ItemKNN_seed101/test.csv | study_runs/V100_P0_NANO_I05_R03/checkpoint/8d9208e09373435ba578757c5b440ede_iteration2/generated/Amazon2018VideoGames_Pop_seed101/test.csv
12643075,bd63854f54c45f735f6e1388ada747409b719a28a08d4d5cb73c7221517021c6,3,study_runs/V100_P0_NANO_I05_R03/checkpoint/8d9208e09373435ba578757c5b440ede_iteration2/generated/Amazon2018VideoGames_ALS_seed101/train.csv | study_runs/V100_P0_NANO_I05_R03/checkpoint/8d9208e09373435ba578757c5b440ede_iteration2/generated/Amazon2018VideoGames_ItemKNN_seed101/train.csv | study_runs/V100_P0_NANO_I05_R03/checkpoint/8d9208e09373435ba578757c5b440ede_iteration2/generated/Amazon2018VideoGames_Pop_seed101/train.csv
3440727,273b5db6f12957613ff45f7201b08a56b49755c143645aaa644d8f81d9781d14,3,study_runs/V100_P0_NANO_I05_R03/checkpoint/8d9208e09373435ba578757c5b440ede_iteration2/generated/Amazon2018VideoGames_ALS_seed202/test.csv | study_runs/V100_P0_NANO_I05_R03/checkpoint/8d9208e09373435ba578757c5b440ede_iteration2/generated/Amazon2018VideoGames_ItemKNN_seed202/test.csv | study_runs/V100_P0_NANO_I05_R03/checkpoint/8d9208e09373435ba578757c5b440ede_iteration2/generated/Amazon2018VideoGames_Pop_seed202/test.csv
12643133,dbe5921152a01043c6022c380d492c6b75cc75ef21e926d1ba23679a56bfdb57,3,study_runs/V100_P0_NANO_I05_R03/checkpoint/8d9208e09373435ba578757c5b440ede_iteration2/generated/Amazon2018VideoGames_ALS_seed202/train.csv | study_runs/V100_P0_NANO_I05_R03/checkpoint/8d9208e09373435ba578757c5b440ede_iteration2/generated/Amazon2018VideoGames_ItemKNN_seed202/train.csv | study_runs/V100_P0_NANO_I05_R03/checkpoint/8d9208e09373435ba578757c5b440ede_iteration2/generated/Amazon2018VideoGames_Pop_seed202/train.csv
3440753,6f6b85cf2abd43bd6f4e917d1c97bb0770dbbb085b20c0381260f2051190d273,3,study_runs/V100_P0_NANO_I05_R03/checkpoint/8d9208e09373435ba578757c5b440ede_iteration2/generated/Amazon2018VideoGames_ALS_seed303/test.csv | study_runs/V100_P0_NANO_I05_R03/checkpoint/8d9208e09373435ba578757c5b440ede_iteration2/generated/Amazon2018VideoGames_ItemKNN_seed303/test.csv | study_runs/V100_P0_NANO_I05_R03/checkpoint/8d9208e09373435ba578757c5b440ede_iteration2/generated/Amazon2018VideoGames_Pop_seed303/test.csv
12643107,1b37b8f8a671f7cdfa87a3225dc3fbbbd0f9c9010bcc4c8e88abf775caeac563,3,study_runs/V100_P0_NANO_I05_R03/checkpoint/8d9208e09373435ba578757c5b440ede_iteration2/generated/Amazon2018VideoGames_ALS_seed303/train.csv | study_runs/V100_P0_NANO_I05_R03/checkpoint/8d9208e09373435ba578757c5b440ede_iteration2/generated/Amazon2018VideoGames_ItemKNN_seed303/train.csv | study_runs/V100_P0_NANO_I05_R03/checkpoint/8d9208e09373435ba578757c5b440ede_iteration2/generated/Amazon2018VideoGames_Pop_seed303/train.csv
3440943,9e596fec6a7f22d3a56f68da5c0b48b1602391f88bdbc1e52fd6b9f9e274b48b,3,study_runs/V100_P0_NANO_I05_R03/checkpoint/8d9208e09373435ba578757c5b440ede_iteration2/generated/Amazon2018VideoGames_ALS_seed404/test.csv | study_runs/V100_P0_NANO_I05_R03/checkpoint/8d9208e09373435ba578757c5b440ede_iteration2/generated/Amazon2018VideoGames_ItemKNN_seed404/test.csv | study_runs/V100_P0_NANO_I05_R03/checkpoint/8d9208e09373435ba578757c5b440ede_iteration2/generated/Amazon2018VideoGames_Pop_seed404/test.csv
12642917,a767d1429cacfa6c0204b359d9bd293915cc365d0161cd7279a3a0c1be8163e1,3,study_runs/V100_P0_NANO_I05_R03/checkpoint/8d9208e09373435ba578757c5b440ede_iteration2/generated/Amazon2018VideoGames_ALS_seed404/train.csv | study_runs/V100_P0_NANO_I05_R03/checkpoint/8d9208e09373435ba578757c5b440ede_iteration2/generated/Amazon2018VideoGames_ItemKNN_seed404/train.csv | study_runs/V100_P0_NANO_I05_R03/checkpoint/8d9208e09373435ba578757c5b440ede_iteration2/generated/Amazon2018VideoGames_Pop_seed404/train.csv
3440963,77f0aaa95b37c57dc555cbf3ac16222e2584890dc361f908b891b279886b5afa,3,study_runs/V100_P0_NANO_I05_R03/checkpoint/8d9208e09373435ba578757c5b440ede_iteration2/generated/Amazon2018VideoGames_ALS_seed505/test.csv | study_runs/V100_P0_NANO_I05_R03/checkpoint/8d9208e09373435ba578757c5b440ede_iteration2/generated/Amazon2018VideoGames_ItemKNN_seed505/test.csv | study_runs/V100_P0_NANO_I05_R03/checkpoint/8d9208e09373435ba578757c5b440ede_iteration2/generated/Amazon2018VideoGames_Pop_seed505/test.csv
12642897,480bc2860eb78f64791c05059314e787b444c7fc9e74d5d6cadefb2bda422c4e,3,study_runs/V100_P0_NANO_I05_R03/checkpoint/8d9208e09373435ba578757c5b440ede_iteration2/generated/Amazon2018VideoGames_ALS_seed505/train.csv | study_runs/V100_P0_NANO_I05_R03/checkpoint/8d9208e09373435ba578757c5b440ede_iteration2/generated/Amazon2018VideoGames_ItemKNN_seed505/train.csv | study_runs/V100_P0_NANO_I05_R03/checkpoint/8d9208e09373435ba578757c5b440ede_iteration2/generated/Amazon2018VideoGames_Pop_seed505/train.csv
354507,22662d91d16c84d1f12700e28fbfaf3dd69c34cb8ad1214cc0146d41a6a889b3,3,study_runs/V100_P0_NANO_I05_R03/checkpoint/8d9208e09373435ba578757c5b440ede_iteration2/generated/HetrecLastFM_ALS_seed101/test.csv | study_runs/V100_P0_NANO_I05_R03/checkpoint/8d9208e09373435ba578757c5b440ede_iteration2/generated/HetrecLastFM_ItemKNN_seed101/test.csv | study_runs/V100_P0_NANO_I05_R03/checkpoint/8d9208e09373435ba578757c5b440ede_iteration2/generated/HetrecLastFM_Pop_seed101/test.csv
1420406,f577052c2c264ac963a91069d076cae39ba6eceb42cb2f75a3b0890510f98503,3,study_runs/V100_P0_NANO_I05_R03/checkpoint/8d9208e09373435ba578757c5b440ede_iteration2/generated/HetrecLastFM_ALS_seed101/train.csv | study_runs/V100_P0_NANO_I05_R03/checkpoint/8d9208e09373435ba578757c5b440ede_iteration2/generated/HetrecLastFM_ItemKNN_seed101/train.csv | study_runs/V100_P0_NANO_I05_R03/checkpoint/8d9208e09373435ba578757c5b440ede_iteration2/generated/HetrecLastFM_Pop_seed101/train.csv
354611,e8816b9417e16dfe7ccaab936db953890779ec3448dc3e9a424d5da9b3ac71f4,3,study_runs/V100_P0_NANO_I05_R03/checkpoint/8d9208e09373435ba578757c5b440ede_iteration2/generated/HetrecLastFM_ALS_seed202/test.csv | study_runs/V100_P0_NANO_I05_R03/checkpoint/8d9208e09373435ba578757c5b440ede_iteration2/generated/HetrecLastFM_ItemKNN_seed202/test.csv | study_runs/V100_P0_NANO_I05_R03/checkpoint/8d9208e09373435ba578757c5b440ede_iteration2/generated/HetrecLastFM_Pop_seed202/test.csv
1420302,fc44f51cb86dce96e57449fa219e86deb1194c288eedcc1d0099d65488f4e6a2,3,study_runs/V100_P0_NANO_I05_R03/checkpoint/8d9208e09373435ba578757c5b440ede_iteration2/generated/HetrecLastFM_ALS_seed202/train.csv | study_runs/V100_P0_NANO_I05_R03/checkpoint/8d9208e09373435ba578757c5b440ede_iteration2/generated/HetrecLastFM_ItemKNN_seed202/train.csv | study_runs/V100_P0_NANO_I05_R03/checkpoint/8d9208e09373435ba578757c5b440ede_iteration2/generated/HetrecLastFM_Pop_seed202/train.csv
354458,3a594a43ae09a691c77dddbad42edfeaaca67458e28181624aa243051733c69f,3,study_runs/V100_P0_NANO_I05_R03/checkpoint/8d9208e09373435ba578757c5b440ede_iteration2/generated/HetrecLastFM_ALS_seed303/test.csv | study_runs/V100_P0_NANO_I05_R03/checkpoint/8d9208e09373435ba578757c5b440ede_iteration2/generated/HetrecLastFM_ItemKNN_seed303/test.csv | study_runs/V100_P0_NANO_I05_R03/checkpoint/8d9208e09373435ba578757c5b440ede_iteration2/generated/HetrecLastFM_Pop_seed303/test.csv
1420455,0947c29e515bb8807a9dcb0b08fcd4566ae83c046b0dd49b1748335e2a6e166d,3,study_runs/V100_P0_NANO_I05_R03/checkpoint/8d9208e09373435ba578757c5b440ede_iteration2/generated/HetrecLastFM_ALS_seed303/train.csv | study_runs/V100_P0_NANO_I05_R03/checkpoint/8d9208e09373435ba578757c5b440ede_iteration2/generated/HetrecLastFM_ItemKNN_seed303/train.csv | study_runs/V100_P0_NANO_I05_R03/checkpoint/8d9208e09373435ba578757c5b440ede_iteration2/generated/HetrecLastFM_Pop_seed303/train.csv
354417,0c656bd1b5fd62b11a90bab3f0265850076768c51a3d10fd6798b6156ad90e6d,3,study_runs/V100_P0_NANO_I05_R03/checkpoint/8d9208e09373435ba578757c5b440ede_iteration2/generated/HetrecLastFM_ALS_seed404/test.csv | study_runs/V100_P0_NANO_I05_R03/checkpoint/8d9208e09373435ba578757c5b440ede_iteration2/generated/HetrecLastFM_ItemKNN_seed404/test.csv | study_runs/V100_P0_NANO_I05_R03/checkpoint/8d9208e09373435ba578757c5b440ede_iteration2/generated/HetrecLastFM_Pop_seed404/test.csv
1420496,018995a9e177b3ef42d876a1577eb7288f40b509841898027fccf2dd53721587,3,study_runs/V100_P0_NANO_I05_R03/checkpoint/8d9208e09373435ba578757c5b440ede_iteration2/generated/HetrecLastFM_ALS_seed404/train.csv | study_runs/V100_P0_NANO_I05_R03/checkpoint/8d9208e09373435ba578757c5b440ede_iteration2/generated/HetrecLastFM_ItemKNN_seed404/train.csv | study_runs/V100_P0_NANO_I05_R03/checkpoint/8d9208e09373435ba578757c5b440ede_iteration2/generated/HetrecLastFM_Pop_seed404/train.csv
354421,f09044e535d936f40b8b42699b802b7300d42af7a68176ea27ad6e257e3e042d,3,study_runs/V100_P0_NANO_I05_R03/checkpoint/8d9208e09373435ba578757c5b440ede_iteration2/generated/HetrecLastFM_ALS_seed505/test.csv | study_runs/V100_P0_NANO_I05_R03/checkpoint/8d9208e09373435ba578757c5b440ede_iteration2/generated/HetrecLastFM_ItemKNN_seed505/test.csv | study_runs/V100_P0_NANO_I05_R03/checkpoint/8d9208e09373435ba578757c5b440ede_iteration2/generated/HetrecLastFM_Pop_seed505/test.csv
1420492,2f5a7373faa3da7e6ad822f95f0f3c4ad33371e9329b2b3d619fec57f00a6ba3,3,study_runs/V100_P0_NANO_I05_R03/checkpoint/8d9208e09373435ba578757c5b440ede_iteration2/generated/HetrecLastFM_ALS_seed505/train.csv | study_runs/V100_P0_NANO_I05_R03/checkpoint/8d9208e09373435ba578757c5b440ede_iteration2/generated/HetrecLastFM_ItemKNN_seed505/train.csv | study_runs/V100_P0_NANO_I05_R03/checkpoint/8d9208e09373435ba578757c5b440ede_iteration2/generated/HetrecLastFM_Pop_seed505/train.csv
176751,bfb266ec761618e4af824037ff431f0b22e5f490e666b7ffba606db5518f5cc8,3,study_runs/V100_P0_NANO_I05_R03/checkpoint/8d9208e09373435ba578757c5b440ede_iteration2/generated/MovieLens100K_ALS_seed101/test.csv | study_runs/V100_P0_NANO_I05_R03/checkpoint/8d9208e09373435ba578757c5b440ede_iteration2/generated/MovieLens100K_ItemKNN_seed101/test.csv | study_runs/V100_P0_NANO_I05_R03/checkpoint/8d9208e09373435ba578757c5b440ede_iteration2/generated/MovieLens100K_Pop_seed101/test.csv
707691,7a6a01f14d9d16b942b760128322b3545a450fcccc621bc12b385e1a22fa953d,3,study_runs/V100_P0_NANO_I05_R03/checkpoint/8d9208e09373435ba578757c5b440ede_iteration2/generated/MovieLens100K_ALS_seed101/train.csv | study_runs/V100_P0_NANO_I05_R03/checkpoint/8d9208e09373435ba578757c5b440ede_iteration2/generated/MovieLens100K_ItemKNN_seed101/train.csv | study_runs/V100_P0_NANO_I05_R03/checkpoint/8d9208e09373435ba578757c5b440ede_iteration2/generated/MovieLens100K_Pop_seed101/train.csv
176751,952112f2734820edbcc69fa417838a1059dd92c0d102c8c0401df2963439ffee,3,study_runs/V100_P0_NANO_I05_R03/checkpoint/8d9208e09373435ba578757c5b440ede_iteration2/generated/MovieLens100K_ALS_seed202/test.csv | study_runs/V100_P0_NANO_I05_R03/checkpoint/8d9208e09373435ba578757c5b440ede_iteration2/generated/MovieLens100K_ItemKNN_seed202/test.csv | study_runs/V100_P0_NANO_I05_R03/checkpoint/8d9208e09373435ba578757c5b440ede_iteration2/generated/MovieLens100K_Pop_seed202/test.csv
707691,aa4bb5a7470af5eb81f16225f59cd241dfa344a959ee692907f938f8ca608f2e,3,study_runs/V100_P0_NANO_I05_R03/checkpoint/8d9208e09373435ba578757c5b440ede_iteration2/generated/MovieLens100K_ALS_seed202/train.csv | study_runs/V100_P0_NANO_I05_R03/checkpoint/8d9208e09373435ba578757c5b440ede_iteration2/generated/MovieLens100K_ItemKNN_seed202/train.csv | study_runs/V100_P0_NANO_I05_R03/checkpoint/8d9208e09373435ba578757c5b440ede_iteration2/generated/MovieLens100K_Pop_seed202/train.csv
176751,f01dc781e11a6b48207b61d8dfd8b23bbb80820fe2db2de809e80351405186ef,3,study_runs/V100_P0_NANO_I05_R03/checkpoint/8d9208e09373435ba578757c5b440ede_iteration2/generated/MovieLens100K_ALS_seed303/test.csv | study_runs/V100_P0_NANO_I05_R03/checkpoint/8d9208e09373435ba578757c5b440ede_iteration2/generated/MovieLens100K_ItemKNN_seed303/test.csv | study_runs/V100_P0_NANO_I05_R03/checkpoint/8d9208e09373435ba578757c5b440ede_iteration2/generated/MovieLens100K_Pop_seed303/test.csv
707691,2b22b23948e1a0e866d09b246b67fd5a82f8e18dfcc40499d31afadc2dc46554,3,study_runs/V100_P0_NANO_I05_R03/checkpoint/8d9208e09373435ba578757c5b440ede_iteration2/generated/MovieLens100K_ALS_seed303/train.csv | study_runs/V100_P0_NANO_I05_R03/checkpoint/8d9208e09373435ba578757c5b440ede_iteration2/generated/MovieLens100K_ItemKNN_seed303/train.csv | study_runs/V100_P0_NANO_I05_R03/checkpoint/8d9208e09373435ba578757c5b440ede_iteration2/generated/MovieLens100K_Pop_seed303/train.csv
176751,acc0166c1fc36401ee0514acbc6dff2d2202e29c28ce82cc54c9e60a5ec50661,3,study_runs/V100_P0_NANO_I05_R03/checkpoint/8d9208e09373435ba578757c5b440ede_iteration2/generated/MovieLens100K_ALS_seed404/test.csv | study_runs/V100_P0_NANO_I05_R03/checkpoint/8d9208e09373435ba578757c5b440ede_iteration2/generated/MovieLens100K_ItemKNN_seed404/test.csv | study_runs/V100_P0_NANO_I05_R03/checkpoint/8d9208e09373435ba578757c5b440ede_iteration2/generated/MovieLens100K_Pop_seed404/test.csv
707691,9269ba51bcc893d67518dd41898c2dd93afb6329b15a0533b7421656ba64d2ab,3,study_runs/V100_P0_NANO_I05_R03/checkpoint/8d9208e09373435ba578757c5b440ede_iteration2/generated/MovieLens100K_ALS_seed404/train.csv | study_runs/V100_P0_NANO_I05_R03/checkpoint/8d9208e09373435ba578757c5b440ede_iteration2/generated/MovieLens100K_ItemKNN_seed404/train.csv | study_runs/V100_P0_NANO_I05_R03/checkpoint/8d9208e09373435ba578757c5b440ede_iteration2/generated/MovieLens100K_Pop_seed404/train.csv
176751,02c87b6680fe4e0120b1ee1b95c1c6f673f54b6a3e926c1b70722b6964f1efbc,3,study_runs/V100_P0_NANO_I05_R03/checkpoint/8d9208e09373435ba578757c5b440ede_iteration2/generated/MovieLens100K_ALS_seed505/test.csv | study_runs/V100_P0_NANO_I05_R03/checkpoint/8d9208e09373435ba578757c5b440ede_iteration2/generated/MovieLens100K_ItemKNN_seed505/test.csv | study_runs/V100_P0_NANO_I05_R03/checkpoint/8d9208e09373435ba578757c5b440ede_iteration2/generated/MovieLens100K_Pop_seed505/test.csv
707691,7cabd32132df3957b1f19e69009b90fff546362b1f2d3a28ef605ab7fcd074fe,3,study_runs/V100_P0_NANO_I05_R03/checkpoint/8d9208e09373435ba578757c5b440ede_iteration2/generated/MovieLens100K_ALS_seed505/train.csv | study_runs/V100_P0_NANO_I05_R03/checkpoint/8d9208e09373435ba578757c5b440ede_iteration2/generated/MovieLens100K_ItemKNN_seed505/train.csv | study_runs/V100_P0_NANO_I05_R03/checkpoint/8d9208e09373435ba578757c5b440ede_iteration2/generated/MovieLens100K_Pop_seed505/train.csv
232,7bbaa90effdd030cc714faa75637ac81d047d328cac4b9709b3632a76fa7f1ec,2,study_runs/V100_P0_NANO_I05_R04/checkpoint/3b4ae39deb8149c993ec76ca773da586/code.py | study_runs/V100_P0_NANO_I05_R04/checkpoint/3b4ae39deb8149c993ec76ca773da586_seed/code.py
58,b1194fdf04d8623622191c336ca68b541150f1f0b514e79c29309feead5d5e79,2,study_runs/V100_P0_NANO_I05_R04/checkpoint/3b4ae39deb8149c993ec76ca773da586/out.log | study_runs/V100_P0_NANO_I05_R04/checkpoint/3b4ae39deb8149c993ec76ca773da586_seed/out.log
190,a35b3d3437a213ca6171c164d9130e6e07b205f1b6c1914de44466c57cd9ebac,2,study_runs/V100_P0_NANO_I05_R05/checkpoint/78db94a53eae45c0a446c4f86c2c0efb/code.py | study_runs/V100_P0_NANO_I05_R05/checkpoint/78db94a53eae45c0a446c4f86c2c0efb_seed/code.py
52,b6e1db2b16faf48a0751c9c07feb5547b050a544ae0527a6ce25f9a9ea82dab6,2,study_runs/V100_P0_NANO_I05_R05/checkpoint/78db94a53eae45c0a446c4f86c2c0efb/out.log | study_runs/V100_P0_NANO_I05_R05/checkpoint/78db94a53eae45c0a446c4f86c2c0efb_seed/out.log
414,ea1d8282a3b8052ce832d8b54a1643eaa7692f8cb0ca8234049329fe786f1868,2,study_runs/V100_P0_NANO_I05_R05/config.toml | study_runs/V100_P0_NANO_I05_R05_FAILED_ENCODING/config.toml
3994,11e2c472f2aa2f805ba4f9e1baf995f0f9d270267f8049ac3ed8d3d51f6b58b4,2,study_runs/V100_P1_NANO_I05_R01/checkpoint/a5ac2c0ff24b457bae5445a51708e653/code.py | study_runs/V100_P1_NANO_I05_R01/checkpoint/a5ac2c0ff24b457bae5445a51708e653_seed/code.py
1485,ef276ec6468047f1d0ceed044b4ad6be02171534bc8ad94a73ae46b01d382474,2,study_runs/V100_P1_NANO_I05_R01/checkpoint/a5ac2c0ff24b457bae5445a51708e653/generated/checkpoints/progress.json | study_runs/V100_P1_NANO_I05_R01/checkpoint/a5ac2c0ff24b457bae5445a51708e653_seed/generated/checkpoints/progress.json
31,c39d5d5b2903664fec7374a76b5473ed87fc97e8eba26855e85f3374bc209146,2,study_runs/V100_P1_NANO_I05_R01/checkpoint/a5ac2c0ff24b457bae5445a51708e653/generated/outputs/precision_seed_101.csv | study_runs/V100_P1_NANO_I05_R01/checkpoint/a5ac2c0ff24b457bae5445a51708e653_seed/generated/outputs/precision_seed_101.csv
31,f34b956333d9ea338bee053a86cf96c0cf9f295672883639a205bd6b8db03d13,2,study_runs/V100_P1_NANO_I05_R01/checkpoint/a5ac2c0ff24b457bae5445a51708e653/generated/outputs/precision_seed_202.csv | study_runs/V100_P1_NANO_I05_R01/checkpoint/a5ac2c0ff24b457bae5445a51708e653_seed/generated/outputs/precision_seed_202.csv
31,82188a91b24bcfa9fc829b49b9fdef17877e68693be0f829d1164ccea928e3e8,2,study_runs/V100_P1_NANO_I05_R01/checkpoint/a5ac2c0ff24b457bae5445a51708e653/generated/outputs/precision_seed_303.csv | study_runs/V100_P1_NANO_I05_R01/checkpoint/a5ac2c0ff24b457bae5445a51708e653_seed/generated/outputs/precision_seed_303.csv
31,e25f792807c78ff47495108086b62dbd22659efe384be8a86298757726ec9875,2,study_runs/V100_P1_NANO_I05_R01/checkpoint/a5ac2c0ff24b457bae5445a51708e653/generated/outputs/precision_seed_404.csv | study_runs/V100_P1_NANO_I05_R01/checkpoint/a5ac2c0ff24b457bae5445a51708e653_seed/generated/outputs/precision_seed_404.csv
31,47ea91ab51a44c73568ea4d0ced17d22c8323fe952e5a7eb3f43f6f3a880c10a,2,study_runs/V100_P1_NANO_I05_R01/checkpoint/a5ac2c0ff24b457bae5445a51708e653/generated/outputs/precision_seed_505.csv | study_runs/V100_P1_NANO_I05_R01/checkpoint/a5ac2c0ff24b457bae5445a51708e653_seed/generated/outputs/precision_seed_505.csv
15558,53527f182ef43719565ecda8a4d9f1b3d59e66224cd39de4907bfb107c52104b,2,study_runs/V100_P1_NANO_I05_R01/checkpoint/a5ac2c0ff24b457bae5445a51708e653/generated/outputs/precision_seed_plot.png | study_runs/V100_P1_NANO_I05_R01/checkpoint/a5ac2c0ff24b457bae5445a51708e653_seed/generated/outputs/precision_seed_plot.png
378,0497b96b5c1a6c63d93dd5a87ff97bbe940c467bd3c957c62ee5e272eab9d4ca,2,study_runs/V100_P1_NANO_I05_R01/checkpoint/a5ac2c0ff24b457bae5445a51708e653/generated/outputs/summary.json | study_runs/V100_P1_NANO_I05_R01/checkpoint/a5ac2c0ff24b457bae5445a51708e653_seed/generated/outputs/summary.json
437,6edc6d3ea582b4064275813302d2a2d0f2728f5678dfacf25d976c8d75b5b963,5,study_runs/V100_P1_NANO_I05_R01/entered_prompt.txt | study_runs/V100_P1_NANO_I05_R02/entered_prompt.txt | study_runs/V100_P1_NANO_I05_R03/entered_prompt.txt | study_runs/V100_P1_NANO_I05_R04/entered_prompt.txt | study_runs/V100_P1_NANO_I05_R05/entered_prompt.txt
2975,1af14224d83b0e951965b09c476461e89b0665b776e6f039b0d5a31449918622,2,study_runs/V100_P1_NANO_I05_R03/checkpoint/8676fcf9d5a649d1a9d6d65edaa7437e/code.py | study_runs/V100_P1_NANO_I05_R03/checkpoint/8676fcf9d5a649d1a9d6d65edaa7437e_seed/code.py
1830,e3ff4d646bc98b7e6468bf778ac151e77e89fd756286c7b957abd874d55808f1,2,study_runs/V100_P1_NANO_I05_R03/checkpoint/8676fcf9d5a649d1a9d6d65edaa7437e/generated/checkpoints/progress.json | study_runs/V100_P1_NANO_I05_R03/checkpoint/8676fcf9d5a649d1a9d6d65edaa7437e_seed/generated/checkpoints/progress.json
13887,1b8ab3dbb18002392abbb083625ed212effa250a41127f73715e4a8e027fb677,2,study_runs/V100_P1_NANO_I05_R03/checkpoint/8676fcf9d5a649d1a9d6d65edaa7437e/generated/prototype_ndcg_10.png | study_runs/V100_P1_NANO_I05_R03/checkpoint/8676fcf9d5a649d1a9d6d65edaa7437e_seed/generated/prototype_ndcg_10.png
52,4ea0544ffcf110d70239558efad53cbe973875b6048ce81b589bc16f0b7cb6b5,2,study_runs/V100_P1_NANO_I05_R03/checkpoint/8676fcf9d5a649d1a9d6d65edaa7437e/generated/prototype_results.csv | study_runs/V100_P1_NANO_I05_R03/checkpoint/8676fcf9d5a649d1a9d6d65edaa7437e_seed/generated/prototype_results.csv
2808,5e440127ca153311e49ddf6387c1852ae00fd3db33badd916c4a9d46edb724eb,2,study_runs/V100_P1_NANO_I05_R04/checkpoint/ae8c3e2c8ff2442fa41d98ea422dadf2/code.py | study_runs/V100_P1_NANO_I05_R04/checkpoint/ae8c3e2c8ff2442fa41d98ea422dadf2_seed/code.py
1443,a2baef2b01aa5168a87f44bd43cf7f46d5d53b9b4331ee49cc9ea6d903cecd50,3,study_runs/V100_P2_GPT54_I05_R01/checkpoint/04f48b1f7cb64750af4875102ffebf1c/generated/checkpoints/err.log | study_runs/V100_P2_GPT54_I05_R01/checkpoint/a086ad426c6941eb80d27438d0dea564/generated/checkpoints/err.log | study_runs/V100_P2_GPT54_I05_R01/checkpoint/a086ad426c6941eb80d27438d0dea564_seed/generated/checkpoints/err.log
15542,11fde091e48b7ba745b7eda6bce155f13d90622aa08e339ab8d40280780afc45,2,study_runs/V100_P2_GPT54_I05_R01/checkpoint/a086ad426c6941eb80d27438d0dea564/code.py | study_runs/V100_P2_GPT54_I05_R01/checkpoint/a086ad426c6941eb80d27438d0dea564_seed/code.py
278335,5e5af59aebe5c802a9bb061dec502d364c5bd647449c8e464781354f04977a58,2,study_runs/V100_P2_GPT54_I05_R01/checkpoint/a086ad426c6941eb80d27438d0dea564/generated/checkpoints/LocalMovieLens100KPrototype-5b950c9a/LensKit.ItemKNNScorer-c1e4fb83-42/predictions.json | study_runs/V100_P2_GPT54_I05_R01/checkpoint/a086ad426c6941eb80d27438d0dea564_seed/generated/checkpoints/LocalMovieLens100KPrototype-5b950c9a/LensKit.ItemKNNScorer-c1e4fb83-42/predictions.json
329,3411546e9a11a60a18c2cd3d195bd696ffcda3ae4954aabeb7ce7e3f887bac76,2,study_runs/V100_P2_GPT54_I05_R01/checkpoint/a086ad426c6941eb80d27438d0dea564/generated/checkpoints/progress.json | study_runs/V100_P2_GPT54_I05_R01/checkpoint/a086ad426c6941eb80d27438d0dea564_seed/generated/checkpoints/progress.json
2147,de158b14873704c34fb7529e3af0e92fc11e8af82c48e4c18605f7f4fb69f7c2,2,study_runs/V100_P2_GPT54_I05_R01/entered_prompt.txt | study_runs/V100_P2_GPT54_I05_R02/entered_prompt.txt
31647,b1efc8c8ce689ebc161907424ad74a25547495e7cd7baa25dbf0983babbf434b,2,study_runs/V100_P2_GPT54_I05_R02/checkpoint/73be1f73012545e9911ff1449851c2bb/generated/prototype_metrics.png | study_runs/V100_P2_GPT54_I05_R02/checkpoint/76cc9e35c947427c9589f19b532a152f/generated/prototype_metrics.png
316,b4c7a46374d2814f0691ccfb001d2ae0b355cf835a233689539307bee159ea16,4,study_runs/V100_P2_GPT54_I05_R02/checkpoint/73be1f73012545e9911ff1449851c2bb/generated/prototype_summary.csv | study_runs/V100_P2_GPT54_I05_R02/checkpoint/76cc9e35c947427c9589f19b532a152f/generated/prototype_summary.csv | study_runs/V100_P2_GPT54_I05_R02/checkpoint/d4dae55ea810493681b2ee614cb64fb6/generated/prototype_summary.csv | study_runs/V100_P2_GPT54_I05_R02/checkpoint/d4dae55ea810493681b2ee614cb64fb6_seed/generated/prototype_summary.csv
38505632,5446a38700fca44feb8ff2c72492f059e25c8f98b85b570d54d27ef527cdaac3,4,study_runs/V100_P2_GPT54_I05_R02/checkpoint/73be1f73012545e9911ff1449851c2bb/generated/seed_7/checkpoints/MovieLens100K-f42d424a/LensKit.PopScorer-f4aa5539-7/predictions.json | study_runs/V100_P2_GPT54_I05_R02/checkpoint/76cc9e35c947427c9589f19b532a152f/generated/seed_7/checkpoints/MovieLens100K-ef525a25/LensKit.PopScorer-f4aa5539-7/predictions.json | study_runs/V100_P2_GPT54_I05_R02/checkpoint/d4dae55ea810493681b2ee614cb64fb6/generated/seed_7/checkpoints/MovieLens100K-ef525a25/LensKit.PopScorer-f4aa5539-7/predictions.json | study_runs/V100_P2_GPT54_I05_R02/checkpoint/d4dae55ea810493681b2ee614cb64fb6_seed/generated/seed_7/checkpoints/MovieLens100K-ef525a25/LensKit.PopScorer-f4aa5539-7/predictions.json
191,ca854ae5598e12eb25ca2b7d282f0e79837ef37cfd00650a04fa75b9981de0c9,3,study_runs/V100_P2_GPT54_I05_R02/checkpoint/76cc9e35c947427c9589f19b532a152f/generated/seed_7/checkpoints/progress.json | study_runs/V100_P2_GPT54_I05_R02/checkpoint/d4dae55ea810493681b2ee614cb64fb6/generated/seed_7/checkpoints/progress.json | study_runs/V100_P2_GPT54_I05_R02/checkpoint/d4dae55ea810493681b2ee614cb64fb6_seed/generated/seed_7/checkpoints/progress.json
264,83b66fdf2b2794a57257fd6b31ac49023d7adf0f1bd6636a2452f56cae9e0552,3,study_runs/V100_P2_GPT54_I05_R02/checkpoint/76cc9e35c947427c9589f19b532a152f/generated/seed_7/checkpoints/results.json | study_runs/V100_P2_GPT54_I05_R02/checkpoint/d4dae55ea810493681b2ee614cb64fb6/generated/seed_7/checkpoints/results.json | study_runs/V100_P2_GPT54_I05_R02/checkpoint/d4dae55ea810493681b2ee614cb64fb6_seed/generated/seed_7/checkpoints/results.json
12228,34ae05bd5e4a45804ffff10f6e3a1554783229acce2a42b006e1c8d5dda83833,2,study_runs/V100_P2_GPT54_I05_R02/checkpoint/d4dae55ea810493681b2ee614cb64fb6/code.py | study_runs/V100_P2_GPT54_I05_R02/checkpoint/d4dae55ea810493681b2ee614cb64fb6_seed/code.py
2329,2361d0b7b13c0a541a6bb8c5506f076fe3201d240e887443f46b4681c31c1b69,2,study_runs/V100_P2_GPT54_I05_R02/checkpoint/d4dae55ea810493681b2ee614cb64fb6/generated/prototype_metadata.json | study_runs/V100_P2_GPT54_I05_R02/checkpoint/d4dae55ea810493681b2ee614cb64fb6_seed/generated/prototype_metadata.json
31117,e52e20b7504719389f29def48375a6e2acfa00fbd57e9c4f24db9b7bd1ca1c65,2,study_runs/V100_P2_GPT54_I05_R02/checkpoint/d4dae55ea810493681b2ee614cb64fb6/generated/prototype_metrics.png | study_runs/V100_P2_GPT54_I05_R02/checkpoint/d4dae55ea810493681b2ee614cb64fb6_seed/generated/prototype_metrics.png
277,f0c1007e27d28fcf977627bd92970a03dcbca21cdad0785e2c266ffa31a31ce4,2,study_runs/V100_P2_GPT54_I05_R02/checkpoint/d4dae55ea810493681b2ee614cb64fb6/generated/prototype_results_incremental.csv | study_runs/V100_P2_GPT54_I05_R02/checkpoint/d4dae55ea810493681b2ee614cb64fb6_seed/generated/prototype_results_incremental.csv
