run,relative_path,bytes,has_out_log,out_log_bytes,out_traceback,out_program_crashed,mentions_run_omnirec,imports_omnirec,uses_mock_or_fallback,loads_u_data,loads_video_games,loads_lastfm,mentions_als,mentions_itemknn,mentions_pop,mentions_ndcg,mentions_precision,mentions_recall,explicit_download,seed_literals
V100_P2_GPT54_I05_R02,study_runs/V100_P2_GPT54_I05_R02/checkpoint/186a6cf6fb344c039e1dda2f750886cb/code.py,9988,True,3397,True,True,True,True,False,True,False,False,True,False,False,True,False,False,False,"[7, 13, 29, 42, 87]"
V100_P2_GPT54_I05_R02,study_runs/V100_P2_GPT54_I05_R02/checkpoint/6651066e85eb4800a816e0084cc13064/code.py,17138,True,383,False,True,True,True,False,True,False,False,False,False,True,True,True,False,False,7
V100_P2_GPT54_I05_R02,study_runs/V100_P2_GPT54_I05_R02/checkpoint/6ef757c13ca04289b1b7f6fa5c5b59a1/code.py,12290,True,5047,False,False,True,True,False,True,False,False,False,True,False,True,True,False,False,7
V100_P2_GPT54_I05_R02,study_runs/V100_P2_GPT54_I05_R02/checkpoint/73be1f73012545e9911ff1449851c2bb/code.py,11498,True,4936,False,False,True,True,True,True,False,False,False,False,True,True,True,False,False,7
V100_P2_GPT54_I05_R02,study_runs/V100_P2_GPT54_I05_R02/checkpoint/76cc9e35c947427c9589f19b532a152f/code.py,12144,True,4936,False,False,True,True,False,True,False,False,False,False,True,True,True,False,False,7
V100_P2_GPT54_I05_R02,study_runs/V100_P2_GPT54_I05_R02/checkpoint/d4dae55ea810493681b2ee614cb64fb6/code.py,12228,True,4932,False,False,True,True,False,True,False,False,False,False,True,True,True,False,False,7
V100_P2_GPT54_I05_R02,study_runs/V100_P2_GPT54_I05_R02/checkpoint/d4dae55ea810493681b2ee614cb64fb6_iteration1/code.py,27482,True,2409,False,True,True,True,False,True,True,True,True,True,True,True,True,False,False,"[7, 13, 29, 42, 87]"
V100_P2_GPT54_I05_R02,study_runs/V100_P2_GPT54_I05_R02/checkpoint/d4dae55ea810493681b2ee614cb64fb6_iteration2/code.py,25062,True,383,False,True,True,True,False,True,True,True,True,True,True,True,True,False,False,"[7, 13, 29, 42, 87]"
V100_P2_GPT54_I05_R02,study_runs/V100_P2_GPT54_I05_R02/checkpoint/d4dae55ea810493681b2ee614cb64fb6_seed/code.py,12228,True,4932,False,False,True,True,False,True,False,False,False,False,True,True,True,False,False,7
V100_P2_GPT54_I05_R02,study_runs/V100_P2_GPT54_I05_R02/checkpoint/eddfabc04a024456a9f29f534aefed71/code.py,11056,True,807,False,True,True,True,False,True,False,False,False,True,False,True,True,False,False,"[7, 13, 29, 42, 87]"
V100_P2_GPT54_I05_R01,study_runs/V100_P2_GPT54_I05_R01/checkpoint/03f051567e904656ad105f8d25c57a32/code.py,11193,True,814,False,True,True,True,False,True,False,False,False,True,False,True,False,False,False,"[7, 13, 29, 42, 87]"
V100_P2_GPT54_I05_R01,study_runs/V100_P2_GPT54_I05_R01/checkpoint/04f48b1f7cb64750af4875102ffebf1c/code.py,9710,True,3768,True,True,True,True,False,True,False,False,False,True,False,True,True,False,False,42
V100_P2_GPT54_I05_R01,study_runs/V100_P2_GPT54_I05_R01/checkpoint/463f928539dd419880b3701067bf30e7/code.py,10438,True,2594,True,True,True,True,False,True,False,False,False,True,False,True,True,False,False,42
V100_P2_GPT54_I05_R01,study_runs/V100_P2_GPT54_I05_R01/checkpoint/689fdb467ed14a69b6b30f5e43651ab5/code.py,6657,True,788,False,True,True,True,False,True,False,False,False,True,False,True,False,False,False,42
V100_P2_GPT54_I05_R01,study_runs/V100_P2_GPT54_I05_R01/checkpoint/a086ad426c6941eb80d27438d0dea564/code.py,15542,True,3822,True,True,True,True,True,True,False,False,False,True,False,True,True,False,False,42
V100_P2_GPT54_I05_R01,study_runs/V100_P2_GPT54_I05_R01/checkpoint/a086ad426c6941eb80d27438d0dea564_iteration1/code.py,25163,True,896,True,True,True,True,False,True,True,True,True,True,True,True,True,False,False,"[7, 13, 29, 42, 87]"
V100_P2_GPT54_I05_R01,study_runs/V100_P2_GPT54_I05_R01/checkpoint/a086ad426c6941eb80d27438d0dea564_iteration2/code.py,27077,True,3876,True,True,True,True,False,True,True,True,True,True,True,True,True,False,False,"[7, 13, 29, 42, 87]"
V100_P2_GPT54_I05_R01,study_runs/V100_P2_GPT54_I05_R01/checkpoint/a086ad426c6941eb80d27438d0dea564_seed/code.py,15542,True,3822,True,True,True,True,True,True,False,False,False,True,False,True,True,False,False,42
V100_P2_GPT54_I05_R01,study_runs/V100_P2_GPT54_I05_R01/checkpoint/cece619f54c64a789f73505345029ad7/code.py,16413,True,2068,True,True,True,True,True,True,False,False,False,False,True,True,True,False,False,42
V100_P2_GPT54_I05_R01,study_runs/V100_P2_GPT54_I05_R01/checkpoint/f1c687701cc54963b2ac238df363b990/code.py,9880,True,383,False,True,True,True,False,True,False,False,False,True,False,True,True,False,False,42
V100_P1_NANO_I05_R05,study_runs/V100_P1_NANO_I05_R05/checkpoint/0b6ea20ff97249468b6671093ae5cbe7/code.py,2,True,49,False,False,False,False,False,False,False,False,False,False,False,False,False,False,False,
V100_P1_NANO_I05_R05,study_runs/V100_P1_NANO_I05_R05/checkpoint/138c2527bd0145a285ef4efeb98072fc/code.py,2,True,49,False,False,False,False,False,False,False,False,False,False,False,False,False,False,False,
V100_P1_NANO_I05_R05,study_runs/V100_P1_NANO_I05_R05/checkpoint/279449ab8ca84cd4ba46c9645bcea2fc/code.py,1598,True,2664,True,True,True,True,False,False,False,False,True,False,False,True,False,False,False,
V100_P1_NANO_I05_R05,study_runs/V100_P1_NANO_I05_R05/checkpoint/77cee7c143e54342a6d595c53dab704e/code.py,3531,True,15001,False,False,True,True,False,False,False,False,True,False,False,True,False,False,False,"[42, 7, 123, 999, 2024]"
V100_P1_NANO_I05_R05,study_runs/V100_P1_NANO_I05_R05/checkpoint/98faa0d39dee486eb4051a7b9161c863/code.py,3808,True,2684,True,True,True,True,True,False,False,False,True,False,False,True,False,False,False,"[42, 7, 123, 999, 2024]"
V100_P1_NANO_I05_R05,study_runs/V100_P1_NANO_I05_R05/checkpoint/ba0fa73efc944c45a3c010b47ec9e66e/code.py,2,True,49,False,False,False,False,False,False,False,False,False,False,False,False,False,False,False,
V100_P1_NANO_I05_R05,study_runs/V100_P1_NANO_I05_R05/checkpoint/ea772fb62ca04abfaff9d848a17f876b/code.py,4199,True,1695,True,True,True,True,True,True,False,False,False,False,False,True,False,False,False,"[42, 7, 123, 999, 2024]"
V100_P1_NANO_I05_R05,study_runs/V100_P1_NANO_I05_R05/checkpoint/ea772fb62ca04abfaff9d848a17f876b_iteration1/code.py,305,True,49,False,False,False,True,True,False,False,False,True,True,True,False,False,False,False,
V100_P1_NANO_I05_R05,study_runs/V100_P1_NANO_I05_R05/checkpoint/ea772fb62ca04abfaff9d848a17f876b_iteration2/code.py,2,True,49,False,False,False,False,False,False,False,False,False,False,False,False,False,False,False,
V100_P1_NANO_I05_R05,study_runs/V100_P1_NANO_I05_R05/checkpoint/ea772fb62ca04abfaff9d848a17f876b_seed/code.py,2,True,49,False,False,False,False,False,False,False,False,False,False,False,False,False,False,False,
V100_P1_NANO_I05_R04,study_runs/V100_P1_NANO_I05_R04/checkpoint/4ea83e57bd63412ebe4ad84854db3d2d/code.py,2,True,49,False,False,False,False,False,False,False,False,False,False,False,False,False,False,False,
V100_P1_NANO_I05_R04,study_runs/V100_P1_NANO_I05_R04/checkpoint/5880ed12fc7e45c5b4e17b8a4de6c6bd/code.py,3251,True,3059,True,True,True,True,False,False,False,False,True,False,False,True,False,False,False,"[0, 1, 2, 3, 4]"
V100_P1_NANO_I05_R04,study_runs/V100_P1_NANO_I05_R04/checkpoint/8fdabbdc2e6748ee99079d56c28cc80e/code.py,4297,True,3087,True,True,True,True,False,False,False,False,True,False,False,True,False,False,False,"[0, 1, 2, 3, 4]"
V100_P1_NANO_I05_R04,study_runs/V100_P1_NANO_I05_R04/checkpoint/a27155e95ef34d039705effaacd940bf/code.py,2443,True,2665,True,True,True,True,False,False,False,False,False,False,True,True,False,False,False,
V100_P1_NANO_I05_R04,study_runs/V100_P1_NANO_I05_R04/checkpoint/ae8c3e2c8ff2442fa41d98ea422dadf2/code.py,2808,True,2931,True,True,True,True,True,False,False,False,True,False,False,True,False,False,False,"[0, 1, 2, 3, 4]"
V100_P1_NANO_I05_R04,study_runs/V100_P1_NANO_I05_R04/checkpoint/ae8c3e2c8ff2442fa41d98ea422dadf2_iteration1/code.py,2808,True,2933,True,True,True,True,True,False,False,False,True,False,False,True,False,False,False,"[0, 1, 2, 3, 4]"
V100_P1_NANO_I05_R04,study_runs/V100_P1_NANO_I05_R04/checkpoint/ae8c3e2c8ff2442fa41d98ea422dadf2_iteration2/code.py,5551,True,2346,False,True,True,True,False,False,False,False,True,True,True,True,True,False,False,"[42, 7, 123, 999, 2024]"
V100_P1_NANO_I05_R04,study_runs/V100_P1_NANO_I05_R04/checkpoint/ae8c3e2c8ff2442fa41d98ea422dadf2_seed/code.py,2808,True,2931,True,True,True,True,True,False,False,False,True,False,False,True,False,False,False,"[0, 1, 2, 3, 4]"
V100_P1_NANO_I05_R04,study_runs/V100_P1_NANO_I05_R04/checkpoint/ca184fa090bc4a638c5cc183bb75cbd2/code.py,65,True,49,False,False,False,False,False,False,False,False,False,False,False,False,False,False,False,
V100_P1_NANO_I05_R04,study_runs/V100_P1_NANO_I05_R04/checkpoint/d86c6f0c37c84c99ab783b21a1893882/code.py,4123,True,3097,True,True,True,True,False,False,False,False,True,False,False,True,False,False,False,"[0, 1, 2, 3, 4]"
V100_P1_NANO_I05_R03,study_runs/V100_P1_NANO_I05_R03/checkpoint/6f1d0f4e2ffa4fdd96f993603e136fa2/code.py,131,True,49,False,False,False,False,True,False,False,False,False,False,False,False,False,False,False,
V100_P1_NANO_I05_R03,study_runs/V100_P1_NANO_I05_R03/checkpoint/7365a8beb6ee4029b5ae1b99cfe9a957/code.py,3763,True,1356,False,True,True,True,True,False,False,False,True,False,False,True,False,False,False,"[0, 1, 2, 3, 4]"
V100_P1_NANO_I05_R03,study_runs/V100_P1_NANO_I05_R03/checkpoint/8676fcf9d5a649d1a9d6d65edaa7437e/code.py,2975,True,27661,True,False,True,True,False,False,False,False,True,False,False,True,False,False,False,"[0, 1, 2, 3, 4]"
V100_P1_NANO_I05_R03,study_runs/V100_P1_NANO_I05_R03/checkpoint/8676fcf9d5a649d1a9d6d65edaa7437e_iteration1/code.py,157,True,49,False,False,False,False,True,False,False,False,False,False,False,False,False,False,False,
V100_P1_NANO_I05_R03,study_runs/V100_P1_NANO_I05_R03/checkpoint/8676fcf9d5a649d1a9d6d65edaa7437e_iteration2/code.py,7819,True,1355,False,True,True,True,False,False,False,False,True,True,False,True,True,False,False,"[0, 1, 2, 3, 4]"
V100_P1_NANO_I05_R03,study_runs/V100_P1_NANO_I05_R03/checkpoint/8676fcf9d5a649d1a9d6d65edaa7437e_seed/code.py,2975,True,27661,True,False,True,True,False,False,False,False,True,False,False,True,False,False,False,"[0, 1, 2, 3, 4]"
V100_P1_NANO_I05_R03,study_runs/V100_P1_NANO_I05_R03/checkpoint/af4eb4168ba0475fa720b6326b0f54cc/code.py,3412,True,1436,False,True,True,True,False,False,False,False,True,False,False,True,False,False,False,"[0, 1, 2, 3, 4]"
V100_P1_NANO_I05_R03,study_runs/V100_P1_NANO_I05_R03/checkpoint/d1f56c2275b34ba383c6bb1c40e6e642/code.py,3588,True,2860,True,True,True,True,False,False,False,False,True,False,False,True,False,False,False,"[0, 1, 2, 3, 4]"
V100_P1_NANO_I05_R03,study_runs/V100_P1_NANO_I05_R03/checkpoint/e4f084130c49428fb4b9b62b0d10f0ee/code.py,7067,True,873,False,False,False,True,True,False,False,False,False,False,False,True,True,False,False,"[0, 1, 2, 3, 4]"
V100_P1_NANO_I05_R03,study_runs/V100_P1_NANO_I05_R03/checkpoint/eac6baf5105942dc8d6dd201cdca4272/code.py,4324,True,1030,True,True,False,True,False,False,False,False,True,False,False,True,False,False,False,"[0, 1, 2, 3, 4]"
V100_P1_NANO_I05_R02,study_runs/V100_P1_NANO_I05_R02/checkpoint/2c90355f128f45a9978c71cbc8027819/code.py,2,True,49,False,False,False,False,False,False,False,False,False,False,False,False,False,False,False,
V100_P1_NANO_I05_R02,study_runs/V100_P1_NANO_I05_R02/checkpoint/2c90355f128f45a9978c71cbc8027819_iteration1/code.py,9310,True,11481,False,False,False,True,True,False,False,False,False,True,True,True,True,False,False,"[0, 1, 2, 3, 4]"
V100_P1_NANO_I05_R02,study_runs/V100_P1_NANO_I05_R02/checkpoint/2c90355f128f45a9978c71cbc8027819_iteration2/code.py,85,True,49,False,False,False,False,True,False,False,False,False,False,False,False,False,False,False,
V100_P1_NANO_I05_R02,study_runs/V100_P1_NANO_I05_R02/checkpoint/2c90355f128f45a9978c71cbc8027819_seed/code.py,2,True,49,False,False,False,False,False,False,False,False,False,False,False,False,False,False,False,
V100_P1_NANO_I05_R02,study_runs/V100_P1_NANO_I05_R02/checkpoint/37c0775b6dca4993a0cf77c7a347e61b/code.py,9492,True,1895,False,False,False,True,True,False,False,False,True,False,False,True,True,False,False,"[0, 1, 2, 3, 4]"
V100_P1_NANO_I05_R02,study_runs/V100_P1_NANO_I05_R02/checkpoint/39b2b05dfd60419683b3976abf10082a/code.py,3820,True,3266,True,True,True,True,True,False,False,False,True,False,False,False,True,False,False,"[1001, 2002, 3003, 4004, 5005]"
V100_P1_NANO_I05_R02,study_runs/V100_P1_NANO_I05_R02/checkpoint/3fdb417208cc4974ac1981132e1c4b6f/code.py,8280,True,1199,False,False,False,True,True,False,False,False,True,False,False,False,True,False,False,"[1001, 2002, 3003, 4004, 5005]"
V100_P1_NANO_I05_R02,study_runs/V100_P1_NANO_I05_R02/checkpoint/401e11df85cb4e67ad5a8e3f5e3b9b62/code.py,4649,True,1946,False,True,True,True,True,False,False,False,False,False,False,False,True,False,False,"[1001, 2002, 3003, 4004, 5005]"
V100_P1_NANO_I05_R02,study_runs/V100_P1_NANO_I05_R02/checkpoint/bd73efc9cdab45709d3c1be3a3a740ed/code.py,4221,True,3243,True,True,True,True,True,False,False,False,True,False,False,True,True,False,False,"[0, 1, 2, 3, 4]"
V100_P1_NANO_I05_R02,study_runs/V100_P1_NANO_I05_R02/checkpoint/fb28f4b4739d4ea9887ddba29d25f141/code.py,5129,True,2351,False,True,True,True,True,False,False,False,True,False,False,False,True,False,False,"[1001, 2002, 3003, 4004, 5005]"
V100_P1_NANO_I05_R01,study_runs/V100_P1_NANO_I05_R01/checkpoint/3b4cabf830f444f891472b9b753af650/code.py,5073,True,1043,True,True,True,True,False,True,False,False,True,False,False,False,True,False,False,"[101, 202, 303, 404, 505]"
V100_P1_NANO_I05_R01,study_runs/V100_P1_NANO_I05_R01/checkpoint/47a7cea2b5264a00867ae995e92e95f1/code.py,166,True,128,False,False,False,False,True,False,False,False,False,False,False,False,False,False,False,
V100_P1_NANO_I05_R01,study_runs/V100_P1_NANO_I05_R01/checkpoint/91095a883b894f97bf4b02110d12b880/code.py,2466,True,2665,True,True,True,True,True,False,False,False,False,False,False,True,False,False,False,[42]
V100_P1_NANO_I05_R01,study_runs/V100_P1_NANO_I05_R01/checkpoint/a5ac2c0ff24b457bae5445a51708e653/code.py,3994,True,18725,False,False,True,True,False,False,False,False,True,False,False,False,True,False,False,"[101, 202, 303, 404, 505]"
V100_P1_NANO_I05_R01,study_runs/V100_P1_NANO_I05_R01/checkpoint/a5ac2c0ff24b457bae5445a51708e653_iteration1/code.py,11227,True,2692,True,True,True,True,True,False,False,False,True,True,True,True,True,False,False,"[0, 1, 2, 3, 4]"
V100_P1_NANO_I05_R01,study_runs/V100_P1_NANO_I05_R01/checkpoint/a5ac2c0ff24b457bae5445a51708e653_iteration2/code.py,2,True,49,False,False,False,False,False,False,False,False,False,False,False,False,False,False,False,
V100_P1_NANO_I05_R01,study_runs/V100_P1_NANO_I05_R01/checkpoint/a5ac2c0ff24b457bae5445a51708e653_seed/code.py,3994,True,18725,False,False,True,True,False,False,False,False,True,False,False,False,True,False,False,"[101, 202, 303, 404, 505]"
V100_P1_NANO_I05_R01,study_runs/V100_P1_NANO_I05_R01/checkpoint/db73e01882ec4d9482a29901e1c1fea5/code.py,3419,True,3099,True,True,True,True,False,False,False,False,True,False,False,False,False,True,False,"[101, 202, 303, 404, 505]"
V100_P1_NANO_I05_R01,study_runs/V100_P1_NANO_I05_R01/checkpoint/e9854c7a846546f5b0f633d39fcb3c82/code.py,4030,True,3099,True,True,True,True,True,False,False,False,True,False,False,False,True,False,False,"[101, 202, 303, 404, 505] || SEEDS"
V100_P1_NANO_I05_R01,study_runs/V100_P1_NANO_I05_R01/checkpoint/f24ec75a21744db981947386cf39b1d4/code.py,3192,True,3097,True,True,True,True,False,False,False,False,True,False,False,True,False,False,False,"[11, 22, 33, 44, 55]"
V100_P0_NANO_I05_R05_FAILED_ENCODING,study_runs/V100_P0_NANO_I05_R05_FAILED_ENCODING/checkpoint/06c95ab15297452f897b862fe3c0937b/code.py,6004,True,177,False,True,True,True,False,False,False,False,True,False,False,False,True,False,False,[12345 + i for i in range(5)]
V100_P0_NANO_I05_R05_FAILED_ENCODING,study_runs/V100_P0_NANO_I05_R05_FAILED_ENCODING/checkpoint/0ea1bb0e10f7452db4976cbdbbe6cf88/code.py,8104,True,1234,True,True,False,True,False,False,False,False,True,False,False,True,True,False,False,[12345 + i for i in range(5)]
V100_P0_NANO_I05_R05_FAILED_ENCODING,study_runs/V100_P0_NANO_I05_R05_FAILED_ENCODING/checkpoint/7cfc165e4470472fa50f1c09bc44b601/code.py,7437,True,445,False,False,False,True,True,True,False,False,True,False,True,False,True,False,False,[base_seed + i for i in range(5)]
V100_P0_NANO_I05_R05_FAILED_ENCODING,study_runs/V100_P0_NANO_I05_R05_FAILED_ENCODING/checkpoint/a6ef486ee30344d2a451cd0fc361fa1c/code.py,3886,True,914,True,True,True,True,False,False,False,False,True,False,False,False,True,False,False,"[123, 42, 7, 999, 555]"
V100_P0_NANO_I05_R05_FAILED_ENCODING,study_runs/V100_P0_NANO_I05_R05_FAILED_ENCODING/checkpoint/bba1cdc8d7a442cba9b557df959de3e0/code.py,8916,True,1073,True,True,False,True,True,True,False,False,True,False,False,True,True,False,False,"[0, 1, 2, 3, 4]"
V100_P0_NANO_I05_R05_FAILED_ENCODING,study_runs/V100_P0_NANO_I05_R05_FAILED_ENCODING/checkpoint/bec77e6418724bfba6401700bd54e08b/code.py,843,True,243,False,True,True,True,False,False,False,False,False,False,False,True,False,False,False,
V100_P0_NANO_I05_R05_FAILED_ENCODING,study_runs/V100_P0_NANO_I05_R05_FAILED_ENCODING/checkpoint/d864b5380c18428db014409543aa4c0d/code.py,3380,True,1415,False,True,True,True,False,False,False,False,True,False,False,False,True,False,False,"[123, 42, 7, 999, 555]"
V100_P0_NANO_I05_R05,study_runs/V100_P0_NANO_I05_R05/checkpoint/14beb724464b43b4905b1dec47bc8b12/code.py,4483,True,513,False,False,False,True,True,True,False,False,False,False,True,True,True,False,False,"[0,1,2,3,4]"
V100_P0_NANO_I05_R05,study_runs/V100_P0_NANO_I05_R05/checkpoint/2397a4fed26e46eeacb4810f22e22335/code.py,4008,True,3080,True,True,True,True,True,False,False,False,True,False,False,True,False,False,False,"[42, 123, 7, 99, 2024]"
V100_P0_NANO_I05_R05,study_runs/V100_P0_NANO_I05_R05/checkpoint/2786e52f993e4f2599f4911f55149498/code.py,8512,True,1176,True,True,False,True,False,True,False,False,True,False,False,True,False,False,False,"[42, 123, 999, 2024, 7]"
V100_P0_NANO_I05_R05,study_runs/V100_P0_NANO_I05_R05/checkpoint/78db94a53eae45c0a446c4f86c2c0efb/code.py,190,True,52,False,False,False,False,False,False,False,False,False,False,False,False,False,False,False,
V100_P0_NANO_I05_R05,study_runs/V100_P0_NANO_I05_R05/checkpoint/78db94a53eae45c0a446c4f86c2c0efb_iteration1/code.py,11352,True,1046,False,False,False,True,True,True,True,True,True,True,True,True,True,False,False,
V100_P0_NANO_I05_R05,study_runs/V100_P0_NANO_I05_R05/checkpoint/78db94a53eae45c0a446c4f86c2c0efb_iteration2/code.py,14277,True,226,False,True,False,True,False,True,True,True,True,True,True,True,True,False,False,"[42, 123, 999, 7, 2024] || sorted(sub['seed'].unique())"
V100_P0_NANO_I05_R05,study_runs/V100_P0_NANO_I05_R05/checkpoint/78db94a53eae45c0a446c4f86c2c0efb_seed/code.py,190,True,52,False,False,False,False,False,False,False,False,False,False,False,False,False,False,False,
V100_P0_NANO_I05_R05,study_runs/V100_P0_NANO_I05_R05/checkpoint/8d2411dc05cd47918a939cb4865fa049/code.py,3323,True,3079,True,True,True,True,False,False,False,False,False,True,False,True,True,False,False,"[42, 123, 7, 99, 2024]"
V100_P0_NANO_I05_R05,study_runs/V100_P0_NANO_I05_R05/checkpoint/961d5f9febae499fa6037ebdd89d6c7c/code.py,7246,True,20223,False,False,True,True,True,False,False,False,True,False,False,True,False,False,False,"[101, 202, 303, 404, 505]"
V100_P0_NANO_I05_R05,study_runs/V100_P0_NANO_I05_R05/checkpoint/e3afd2d32d4d490cbe1059b23c2d0f95/code.py,4176,True,3060,True,True,True,True,False,False,False,False,True,False,False,True,False,False,False,"[42, 123, 999, 2024, 7]"
V100_P0_NANO_I05_R04,study_runs/V100_P0_NANO_I05_R04/checkpoint/3b4ae39deb8149c993ec76ca773da586/code.py,232,True,58,False,True,False,False,False,False,False,False,False,False,False,False,False,False,False,
V100_P0_NANO_I05_R04,study_runs/V100_P0_NANO_I05_R04/checkpoint/3b4ae39deb8149c993ec76ca773da586_iteration1/code.py,6857,True,3276,False,False,True,True,True,True,True,True,True,True,True,True,True,False,False,"[42, 1234, 2021, 7, 999]"
V100_P0_NANO_I05_R04,study_runs/V100_P0_NANO_I05_R04/checkpoint/3b4ae39deb8149c993ec76ca773da586_iteration2/code.py,2,True,49,False,False,False,False,False,False,False,False,False,False,False,False,False,False,False,
V100_P0_NANO_I05_R04,study_runs/V100_P0_NANO_I05_R04/checkpoint/3b4ae39deb8149c993ec76ca773da586_seed/code.py,232,True,58,False,True,False,False,False,False,False,False,False,False,False,False,False,False,False,
V100_P0_NANO_I05_R04,study_runs/V100_P0_NANO_I05_R04/checkpoint/3ecc62b455c7443d92d0437c91edc6ee/code.py,4962,True,3274,True,True,True,True,True,False,False,False,True,False,False,True,True,False,False,"[42, 123, 777, 2020, 9999] || [int(x[0]) for x in per_seed]"
V100_P0_NANO_I05_R04,study_runs/V100_P0_NANO_I05_R04/checkpoint/8257a3aa26de45f0a984d1d96ef0e882/code.py,485,True,49,False,False,False,True,True,False,False,False,True,False,False,False,False,False,False,
V100_P0_NANO_I05_R04,study_runs/V100_P0_NANO_I05_R04/checkpoint/9642759e08674a6b860c0e23aed29c86/code.py,2,True,49,False,False,False,False,False,False,False,False,False,False,False,False,False,False,False,
V100_P0_NANO_I05_R04,study_runs/V100_P0_NANO_I05_R04/checkpoint/9c3a7837378b4a1f92dd80946bf44879/code.py,4475,True,1563,True,True,False,True,False,False,False,False,True,False,False,False,True,False,False,"[42, 123, 777, 2020, 9999]"
V100_P0_NANO_I05_R04,study_runs/V100_P0_NANO_I05_R04/checkpoint/ac16e7ee948c45acaf67b8fe85aeee61/code.py,2972,True,2940,True,True,False,True,True,False,False,False,False,True,False,True,False,False,False,"[0, 1, 2, 3, 4]"
V100_P0_NANO_I05_R04,study_runs/V100_P0_NANO_I05_R04/checkpoint/f107f507af2a444b80ef29f76ee8fa68/code.py,7312,True,2722,True,True,False,True,True,False,False,False,True,False,False,False,True,False,False,"[42, 123, 777, 2020, 9999]"
V100_P0_NANO_I05_R03_FAILED_ENCODING,study_runs/V100_P0_NANO_I05_R03_FAILED_ENCODING/checkpoint/8eb64cee5522418d95327cda648d6d56/code.py,2,True,49,False,False,False,False,False,False,False,False,False,False,False,False,False,False,False,
V100_P0_NANO_I05_R03_FAILED_ENCODING,study_runs/V100_P0_NANO_I05_R03_FAILED_ENCODING/checkpoint/f46abc3a273745359a4118d8875a3ca0/code.py,4116,True,3137,False,False,True,True,True,False,False,False,True,False,False,True,False,False,False,"[0, 1, 2, 3, 4] || s,"
V100_P0_NANO_I05_R03_FAILED_ENCODING,study_runs/V100_P0_NANO_I05_R03_FAILED_ENCODING/checkpoint/f5a9b25ca5d54182b12872d8bc09948c/code.py,2,True,49,False,False,False,False,False,False,False,False,False,False,False,False,False,False,False,
V100_P0_NANO_I05_R03,study_runs/V100_P0_NANO_I05_R03/checkpoint/486290c3b99d4bf2b034fa3fe742687a/code.py,2,True,49,False,False,False,False,False,False,False,False,False,False,False,False,False,False,False,
V100_P0_NANO_I05_R03,study_runs/V100_P0_NANO_I05_R03/checkpoint/4e0b53f4ed7545aa9e894ae21133ab32/code.py,4116,True,2979,True,True,False,True,False,False,False,False,True,False,False,True,False,False,False,set() || _generate_seeds(5)
V100_P0_NANO_I05_R03,study_runs/V100_P0_NANO_I05_R03/checkpoint/8d9208e09373435ba578757c5b440ede/code.py,4913,True,205,False,True,False,True,False,False,False,False,True,False,False,True,False,False,False,set() || _generate_seeds(5)
V100_P0_NANO_I05_R03,study_runs/V100_P0_NANO_I05_R03/checkpoint/8d9208e09373435ba578757c5b440ede_iteration1/code.py,2,True,49,False,False,False,False,False,False,False,False,False,False,False,False,False,False,False,
V100_P0_NANO_I05_R03,study_runs/V100_P0_NANO_I05_R03/checkpoint/8d9208e09373435ba578757c5b440ede_iteration2/code.py,20294,True,465,False,False,False,True,True,True,True,True,True,True,True,True,True,False,False,"[101, 202, 303, 404, 505]"
V100_P0_NANO_I05_R03,study_runs/V100_P0_NANO_I05_R03/checkpoint/8d9208e09373435ba578757c5b440ede_seed/code.py,4913,True,205,False,True,False,True,False,False,False,False,True,False,False,True,False,False,False,set() || _generate_seeds(5)
V100_P0_NANO_I05_R03,study_runs/V100_P0_NANO_I05_R03/checkpoint/a6f72ebb959b4052aaaea5e72863ba3a/code.py,3815,True,3184,True,True,True,True,False,False,False,False,True,False,False,True,False,False,False,"[111, 222, 333, 444, 555]"
V100_P0_NANO_I05_R03,study_runs/V100_P0_NANO_I05_R03/checkpoint/a97a1f97436f49a0a5af44b32a2bcff3/code.py,4590,True,1120,True,True,False,True,True,False,False,False,True,False,False,True,False,False,False,set() || _generate_seeds(5)
V100_P0_NANO_I05_R03,study_runs/V100_P0_NANO_I05_R03/checkpoint/c2fc1e3012ca49f3b92a8e1a68f1633c/code.py,5055,True,1340,True,True,False,True,True,False,False,False,True,False,False,True,False,False,False,"[42, 123, 999, 2024, 7]"
V100_P0_NANO_I05_R03,study_runs/V100_P0_NANO_I05_R03/checkpoint/f296a4292c7e41d99f0f316c7fbc1938/code.py,4047,True,3160,True,True,True,True,False,False,False,False,True,False,False,True,False,False,False,"[111, 222, 333, 444, 555]"
V100_P0_NANO_I05_R02,study_runs/V100_P0_NANO_I05_R02/checkpoint/18b7f6bec8674f31bade4bbe0b7b00d1/code.py,2,True,49,False,False,False,False,False,False,False,False,False,False,False,False,False,False,False,
V100_P0_NANO_I05_R02,study_runs/V100_P0_NANO_I05_R02/checkpoint/6a0cf4c7c8ae4eb38239a2d32552fcef/code.py,8323,True,971,False,False,False,True,True,False,False,False,True,False,False,True,False,False,False,"[101, 202, 303, 404, 505]"
V100_P0_NANO_I05_R02,study_runs/V100_P0_NANO_I05_R02/checkpoint/7f8daae4290c42b58639fe8324dbb6f1/code.py,6533,True,351,False,False,True,True,True,False,False,False,False,False,True,True,False,False,False,"[123, 456, 789, 101112, 131415]"
V100_P0_NANO_I05_R02,study_runs/V100_P0_NANO_I05_R02/checkpoint/9f50d12e74004c45b69f3ea3046d01a1/code.py,2,True,49,False,False,False,False,False,False,False,False,False,False,False,False,False,False,False,
V100_P0_NANO_I05_R02,study_runs/V100_P0_NANO_I05_R02/checkpoint/a995542cfc4648cd844976c6d425c697/code.py,403,True,49,False,False,False,True,True,False,False,False,True,False,False,True,False,False,False,
V100_P0_NANO_I05_R02,study_runs/V100_P0_NANO_I05_R02/checkpoint/a995542cfc4648cd844976c6d425c697_iteration1/code.py,2,True,49,False,False,False,False,False,False,False,False,False,False,False,False,False,False,False,
V100_P0_NANO_I05_R02,study_runs/V100_P0_NANO_I05_R02/checkpoint/a995542cfc4648cd844976c6d425c697_iteration2/code.py,5,True,49,False,False,False,False,False,False,False,False,False,False,False,False,False,False,False,
V100_P0_NANO_I05_R02,study_runs/V100_P0_NANO_I05_R02/checkpoint/a995542cfc4648cd844976c6d425c697_seed/code.py,403,True,49,False,False,False,True,True,False,False,False,True,False,False,True,False,False,False,
V100_P0_NANO_I05_R02,study_runs/V100_P0_NANO_I05_R02/checkpoint/e0bea02a06514b2fa4d67a287ac91970/code.py,2,True,49,False,False,False,False,False,False,False,False,False,False,False,False,False,False,False,
V100_P0_NANO_I05_R02,study_runs/V100_P0_NANO_I05_R02/checkpoint/fec54f7d5aaa42149ff920b41b1df308/code.py,6053,True,1063,True,True,False,True,False,False,False,False,True,False,False,True,False,False,False,"[101, 202, 303, 404, 505]"
V100_P0_NANO_I05_R01,study_runs/V100_P0_NANO_I05_R01/checkpoint/1390f6c0be5743b8927162dbbe425e75/code.py,2758,True,16804,False,False,True,True,False,False,False,False,True,False,False,False,True,False,False,"[0, 1, 2, 3, 4]"
V100_P0_NANO_I05_R01,study_runs/V100_P0_NANO_I05_R01/checkpoint/1390f6c0be5743b8927162dbbe425e75_iteration1/code.py,7174,True,3060,True,True,True,True,True,True,False,True,True,True,True,True,True,False,False,"[101, 202, 303, 404, 505]"
V100_P0_NANO_I05_R01,study_runs/V100_P0_NANO_I05_R01/checkpoint/1390f6c0be5743b8927162dbbe425e75_iteration2/code.py,7844,True,43749,True,True,True,True,False,True,True,True,True,True,True,True,True,False,False,"[101, 202, 303, 404, 505]"
V100_P0_NANO_I05_R01,study_runs/V100_P0_NANO_I05_R01/checkpoint/1390f6c0be5743b8927162dbbe425e75_seed/code.py,2758,True,16864,False,False,True,True,False,False,False,False,True,False,False,False,True,False,False,"[0, 1, 2, 3, 4]"
V100_P0_NANO_I05_R01,study_runs/V100_P0_NANO_I05_R01/checkpoint/30515235274c4e9f810042ff01ad146d/code.py,3483,True,3059,True,True,True,True,False,False,False,False,True,False,False,True,False,False,False,"[0, 1, 2, 3, 4]"
V100_P0_NANO_I05_R01,study_runs/V100_P0_NANO_I05_R01/checkpoint/68cabbbc75664b5896083f4b1803231a/code.py,2787,True,3059,True,True,True,True,False,False,False,False,True,False,False,True,False,False,False,"[0, 1, 2, 3, 4]"
V100_P0_NANO_I05_R01,study_runs/V100_P0_NANO_I05_R01/checkpoint/904094bc4dec46988262a1fe8b9d35f6/code.py,2192,True,3783,False,False,True,True,True,False,False,False,True,True,False,True,False,True,False,
V100_P0_NANO_I05_R01,study_runs/V100_P0_NANO_I05_R01/checkpoint/bb55ca0ddab64ee888dc16a97f278052/code.py,2,True,49,False,False,False,False,False,False,False,False,False,False,False,False,False,False,False,
V100_P0_NANO_I05_R01,study_runs/V100_P0_NANO_I05_R01/checkpoint/d685542335b541bda6180c4aa38c51d2/code.py,3279,True,2858,True,True,True,True,True,False,False,False,True,False,False,False,True,False,False,"[101, 202, 303, 404, 505]"
V100_P0_NANO_I05_R01,study_runs/V100_P0_NANO_I05_R01/checkpoint/fb056bbc8ea4465b8bd57be4a1f3d081/code.py,2,True,49,False,False,False,False,False,False,False,False,False,False,False,False,False,False,False,
V100_P0_MINI_I05_R05,study_runs/V100_P0_MINI_I05_R05/checkpoint/33efaaf355e04edbb0aaacba40eb5402/code.py,2584,True,3081,True,True,True,True,False,False,False,False,False,False,True,True,True,False,False,"[11, 22, 33, 44, 55]"
V100_P0_MINI_I05_R05,study_runs/V100_P0_MINI_I05_R05/checkpoint/45bbaea5347142a089ee75b7dab25565/code.py,2723,True,3077,True,True,True,True,False,False,False,False,False,False,True,True,True,False,False,"[11, 22, 33, 44, 55]"
V100_P0_MINI_I05_R05,study_runs/V100_P0_MINI_I05_R05/checkpoint/5f85c771837f46e69ed3548da85ed85f/code.py,3621,True,6324,True,True,True,True,False,False,False,False,False,False,True,True,False,True,False,"[11, 22, 33, 44, 55]"
V100_P0_MINI_I05_R05,study_runs/V100_P0_MINI_I05_R05/checkpoint/868275c3d05d4004ab2e433980557401/code.py,4387,True,3338,True,True,True,True,False,False,False,False,False,False,True,True,True,False,False,"[11, 22, 33, 44, 55]"
V100_P0_MINI_I05_R05,study_runs/V100_P0_MINI_I05_R05/checkpoint/a60f1446dae34e6c85594e6ccf365727/code.py,2824,True,6481,True,True,True,True,False,False,False,False,False,False,True,True,True,False,False,"[11, 22, 33, 44, 55]"
V100_P0_MINI_I05_R05,study_runs/V100_P0_MINI_I05_R05/checkpoint/b961f343d9f8405a8f194c65eb67b0cf/code.py,2583,True,6469,True,True,True,True,False,False,False,False,False,False,True,True,True,False,False,"[11, 22, 33, 44, 55]"
V100_P0_MINI_I05_R05,study_runs/V100_P0_MINI_I05_R05/checkpoint/c1cab3cf57c346019ca9d1992dcac3ef/code.py,3124,True,4177,False,False,True,True,False,False,False,False,False,False,True,True,True,False,False,
V100_P0_MINI_I05_R05,study_runs/V100_P0_MINI_I05_R05/checkpoint/c1cab3cf57c346019ca9d1992dcac3ef_iteration1/code.py,6178,True,2490,False,True,True,True,False,True,True,True,True,True,True,True,True,False,False,"[11, 22, 33, 44, 55]"
V100_P0_MINI_I05_R05,study_runs/V100_P0_MINI_I05_R05/checkpoint/c1cab3cf57c346019ca9d1992dcac3ef_iteration2/code.py,5757,True,707,False,True,True,True,False,True,True,True,True,True,True,True,True,False,False,"[11, 22, 33, 44, 55]"
V100_P0_MINI_I05_R05,study_runs/V100_P0_MINI_I05_R05/checkpoint/c1cab3cf57c346019ca9d1992dcac3ef_seed/code.py,3124,True,4177,False,False,True,True,False,False,False,False,False,False,True,True,True,False,False,
V100_P0_MINI_I05_R04,study_runs/V100_P0_MINI_I05_R04/checkpoint/0ddf2f48ecfe411c968dfd5ac55fc592/code.py,3453,True,23570,False,False,True,True,False,False,False,False,False,True,False,True,True,False,False,"[7, 13, 21, 42, 87]"
V100_P0_MINI_I05_R04,study_runs/V100_P0_MINI_I05_R04/checkpoint/0ddf2f48ecfe411c968dfd5ac55fc592_iteration1/code.py,7538,True,707,False,True,True,True,False,False,True,True,True,True,True,True,True,False,False,"[7, 13, 21, 42, 87]"
V100_P0_MINI_I05_R04,study_runs/V100_P0_MINI_I05_R04/checkpoint/0ddf2f48ecfe411c968dfd5ac55fc592_iteration2/code.py,6619,True,343,True,True,True,True,False,True,True,True,True,True,True,True,True,False,False,"[7, 13, 21, 42, 87]"
V100_P0_MINI_I05_R04,study_runs/V100_P0_MINI_I05_R04/checkpoint/0ddf2f48ecfe411c968dfd5ac55fc592_seed/code.py,3453,True,23651,False,False,True,True,False,False,False,False,False,True,False,True,True,False,False,"[7, 13, 21, 42, 87]"
V100_P0_MINI_I05_R04,study_runs/V100_P0_MINI_I05_R04/checkpoint/429968f4a2d5464781e553f6868ecfb7/code.py,2501,True,6405,True,True,True,True,False,False,False,False,True,False,False,True,False,False,False,"[11, 22, 33, 44, 55]"
V100_P0_MINI_I05_R04,study_runs/V100_P0_MINI_I05_R04/checkpoint/598bf8a4666a4d18a6e1a66d70d7dd17/code.py,3471,True,3275,True,True,True,True,False,False,False,False,False,True,False,True,False,True,False,"[7, 13, 21, 42, 87]"
V100_P0_MINI_I05_R04,study_runs/V100_P0_MINI_I05_R04/checkpoint/6624255987bf439f9714e8560c0cd3b5/code.py,3592,True,26211,False,False,True,True,False,False,False,False,False,True,False,True,True,False,False,"[7, 13, 21, 42, 87]"
V100_P0_MINI_I05_R04,study_runs/V100_P0_MINI_I05_R04/checkpoint/72e46d355e0a49fc85af38961d5e11ef/code.py,3385,True,3283,True,True,True,True,False,False,False,False,False,True,False,True,True,False,False,"[7, 13, 21, 42, 87]"
V100_P0_MINI_I05_R04,study_runs/V100_P0_MINI_I05_R04/checkpoint/81f0cfbf8c764fd2916c0548137ef91b/code.py,3341,True,25991,False,False,True,True,False,False,False,False,False,True,False,True,False,True,False,"[7, 13, 21, 42, 87]"
V100_P0_MINI_I05_R04,study_runs/V100_P0_MINI_I05_R04/checkpoint/e543f9f743a340479000d7640c0720a3/code.py,3643,True,23522,False,False,True,True,False,False,False,False,False,True,False,True,False,True,False,"[7, 13, 21, 42, 87]"
V100_P0_MINI_I05_R03,study_runs/V100_P0_MINI_I05_R03/checkpoint/2ca5630c0a7741de889f82bc7f2e2ff0/code.py,2881,True,3270,True,True,True,True,False,False,False,False,False,True,False,True,False,False,False,"[11, 22, 33, 44, 55]"
V100_P0_MINI_I05_R03,study_runs/V100_P0_MINI_I05_R03/checkpoint/4bae3cfa9f6b4a4bb4b360ee0c788768/code.py,2854,True,20553,False,False,True,True,False,False,False,False,True,False,False,True,False,False,False,"[1, 2, 3, 4, 5]"
V100_P0_MINI_I05_R03,study_runs/V100_P0_MINI_I05_R03/checkpoint/64f1c4aae39d4cc68f747732d8232c0e/code.py,2748,True,21031,False,False,True,True,True,False,False,False,True,False,False,True,False,True,False,"[1, 2, 3, 4, 5]"
V100_P0_MINI_I05_R03,study_runs/V100_P0_MINI_I05_R03/checkpoint/a9663d9dfecc44c6998034c55e22bfe0/code.py,2636,True,20282,False,False,True,True,True,False,False,False,False,True,False,True,False,True,False,"[1, 2, 3, 4, 5]"
V100_P0_MINI_I05_R03,study_runs/V100_P0_MINI_I05_R03/checkpoint/a9663d9dfecc44c6998034c55e22bfe0_seed/code.py,2636,True,20282,False,False,True,True,True,False,False,False,False,True,False,True,False,True,False,"[1, 2, 3, 4, 5]"
V100_P0_MINI_I05_R03,study_runs/V100_P0_MINI_I05_R03/checkpoint/ae5c302c20744599a5005e342e748a23/code.py,3003,True,4271,True,True,True,True,False,False,False,False,True,False,False,True,False,False,False,"[1, 2, 3, 4, 5]"
V100_P0_MINI_I05_R03,study_runs/V100_P0_MINI_I05_R03/checkpoint/b3e9be9f1f4d407d9c70764b3ade04ac/code.py,3166,True,20445,False,False,True,True,False,False,False,False,True,False,False,True,False,False,False,"[1, 2, 3, 4, 5]"
V100_P0_MINI_I05_R03,study_runs/V100_P0_MINI_I05_R03/checkpoint/b643b16303794cfcbfd8ec1958ea27d3/code.py,2799,True,20758,False,False,True,True,False,False,False,False,True,False,False,True,False,False,False,"[11, 22, 33, 44, 55]"
V100_P0_MINI_I05_R02,study_runs/V100_P0_MINI_I05_R02/checkpoint/042e93d175e94b8bac8df8e1cd39aaa4/code.py,3180,True,3246,True,True,True,True,True,False,False,False,True,False,False,True,True,False,False,"[11, 22, 33, 44, 55]"
V100_P0_MINI_I05_R02,study_runs/V100_P0_MINI_I05_R02/checkpoint/06fe3a757a8f4a78a7e88be8ee026ef1/code.py,2932,True,3248,True,True,True,True,False,False,False,False,False,True,False,True,False,False,False,42
V100_P0_MINI_I05_R02,study_runs/V100_P0_MINI_I05_R02/checkpoint/8b4ad2ac4960487da7beea3df7b51b4e/code.py,2848,True,4613,False,False,True,True,False,False,False,False,False,True,False,True,True,False,False,42
V100_P0_MINI_I05_R02,study_runs/V100_P0_MINI_I05_R02/checkpoint/8b4ad2ac4960487da7beea3df7b51b4e_iteration1/code.py,5470,True,3277,True,True,True,True,False,False,False,False,True,True,True,True,True,False,False,"[11, 22, 33, 44, 55]"
V100_P0_MINI_I05_R02,study_runs/V100_P0_MINI_I05_R02/checkpoint/8b4ad2ac4960487da7beea3df7b51b4e_iteration2/code.py,5206,True,37548,False,True,True,True,False,False,False,False,True,True,True,True,True,False,False,"[11, 22, 33, 44, 55]"
V100_P0_MINI_I05_R02,study_runs/V100_P0_MINI_I05_R02/checkpoint/8b4ad2ac4960487da7beea3df7b51b4e_seed/code.py,2848,True,4613,False,False,True,True,False,False,False,False,False,True,False,True,True,False,False,42
V100_P0_MINI_I05_R02,study_runs/V100_P0_MINI_I05_R02/checkpoint/97475fff7a0d4393872f1e96ef9a0908/code.py,3222,True,3258,True,True,True,True,False,False,False,False,False,True,False,True,False,False,False,42
V100_P0_MINI_I05_R02,study_runs/V100_P0_MINI_I05_R02/checkpoint/b8edfc10aa494f6c80e9b589eefd6d98/code.py,2863,True,3266,True,True,True,True,False,False,False,False,False,True,False,True,False,False,False,42
V100_P0_MINI_I05_R02,study_runs/V100_P0_MINI_I05_R02/checkpoint/e57e1159faca46f9a9d3ff50d55f79ea/code.py,2763,True,3248,True,True,True,True,False,False,False,False,False,True,False,True,False,False,False,42
V100_P0_MINI_I05_R02,study_runs/V100_P0_MINI_I05_R02/checkpoint/f10f771f2c3b4b168286e73743819435/code.py,4066,True,3094,True,True,True,True,False,False,False,False,True,False,False,True,True,False,False,"[11, 22, 33, 44, 55]"
V100_P0_MINI_I05_R01,study_runs/V100_P0_MINI_I05_R01/checkpoint/23846b1d0deb4aa0b5161992cadc5f52/code.py,2931,True,1944,True,True,True,True,False,False,False,False,False,True,False,True,True,False,False,
V100_P0_MINI_I05_R01,study_runs/V100_P0_MINI_I05_R01/checkpoint/7296f7528a22457384d50f4e3c7c94a4/code.py,2672,True,6260,True,True,True,True,False,False,False,False,True,False,False,True,False,True,False,"[11, 22, 33, 44, 55]"
V100_P0_MINI_I05_R01,study_runs/V100_P0_MINI_I05_R01/checkpoint/977d7ec4949847409c030b314e2dd362/code.py,3504,True,4518,False,False,True,True,False,False,False,False,False,True,False,True,True,False,False,
V100_P0_MINI_I05_R01,study_runs/V100_P0_MINI_I05_R01/checkpoint/9ab94e9cbc3046f4930499a3c4865337/code.py,4658,True,3105,True,True,True,True,False,False,False,False,True,False,False,True,True,True,False,"[11, 22, 33, 44, 55]"
V100_P0_MINI_I05_R01,study_runs/V100_P0_MINI_I05_R01/checkpoint/aac562b51b2148e2b73a824edba0b9b3/code.py,2487,True,4573,False,False,True,True,False,False,False,False,True,False,False,True,True,False,False,
V100_P0_MINI_I05_R01,study_runs/V100_P0_MINI_I05_R01/checkpoint/aad89bc2901c4869b5cdd0898ac24828/code.py,2927,True,3069,True,True,True,True,False,False,False,False,False,True,False,True,True,False,False,
V100_P0_MINI_I05_R01,study_runs/V100_P0_MINI_I05_R01/checkpoint/b6c02039931c42fcb8d6e8ec9185ebc2/code.py,3157,True,4525,False,False,True,True,False,False,False,False,False,True,False,True,True,False,False,
V100_P0_MINI_I05_R01,study_runs/V100_P0_MINI_I05_R01/checkpoint/b6c02039931c42fcb8d6e8ec9185ebc2_iteration1/code.py,7441,True,10987,True,True,True,True,False,True,True,True,True,True,True,True,True,False,False,"[11, 22, 33, 44, 55]"
V100_P0_MINI_I05_R01,study_runs/V100_P0_MINI_I05_R01/checkpoint/b6c02039931c42fcb8d6e8ec9185ebc2_iteration2/code.py,4265,True,2186,True,True,True,True,False,False,False,False,True,True,True,True,True,False,False,"[1, 2, 3, 4, 5]"
V100_P0_MINI_I05_R01,study_runs/V100_P0_MINI_I05_R01/checkpoint/b6c02039931c42fcb8d6e8ec9185ebc2_seed/code.py,3157,True,4444,False,False,True,True,False,False,False,False,False,True,False,True,True,False,False,
V100_P0_GPT54_I05_R02,study_runs/V100_P0_GPT54_I05_R02/checkpoint/29c2088f69664298962d51e53dd2cc4d/code.py,4662,True,3206,True,True,True,True,False,False,False,False,False,False,True,True,False,True,False,"[11, 22, 33, 44, 55]"
V100_P0_GPT54_I05_R02,study_runs/V100_P0_GPT54_I05_R02/checkpoint/65996d4b431c4de09a2c94c1d0ba75f4/code.py,7801,True,928,False,True,True,True,False,True,False,False,False,False,True,True,False,False,False,11
V100_P0_GPT54_I05_R02,study_runs/V100_P0_GPT54_I05_R02/checkpoint/cca8086dfc7d46ee9c4a48e24ac9544c/code.py,5994,True,489,False,True,True,True,False,True,False,False,False,False,True,True,False,False,False,11
V100_P0_GPT54_I05_R02,study_runs/V100_P0_GPT54_I05_R02/checkpoint/d782c63f1fd1409f9b600fcbeb814dbb/code.py,8553,True,3032,True,True,True,True,False,True,False,False,False,False,True,True,False,False,False,11
V100_P0_GPT54_I05_R02,study_runs/V100_P0_GPT54_I05_R02/checkpoint/eee18c4177524121adf8c4e238bbea74/code.py,9106,True,3589,True,True,True,True,False,False,False,False,False,False,True,True,True,False,False,"[11, 22, 33, 44, 55]"
V100_P0_GPT54_I05_R02,study_runs/V100_P0_GPT54_I05_R02/checkpoint/ef50db923528453ab7281e09a7ab63ce/code.py,7748,True,4132,True,True,True,True,False,True,False,False,False,False,True,True,False,False,False,11
V100_P0_GPT54_I05_R02,study_runs/V100_P0_GPT54_I05_R02/checkpoint/ef50db923528453ab7281e09a7ab63ce_iteration1/code.py,17014,True,3194,True,True,True,True,False,True,True,True,True,True,True,True,True,False,False,"[11, 22, 33, 44, 55] || seed,"
V100_P0_GPT54_I05_R02,study_runs/V100_P0_GPT54_I05_R02/checkpoint/ef50db923528453ab7281e09a7ab63ce_iteration2/code.py,18005,True,3702,True,True,True,True,False,True,True,True,True,True,True,True,True,False,False,"[11, 22, 33, 44, 55] || seed,"
V100_P0_GPT54_I05_R02,study_runs/V100_P0_GPT54_I05_R02/checkpoint/ef50db923528453ab7281e09a7ab63ce_seed/code.py,7748,True,4132,True,True,True,True,False,True,False,False,False,False,True,True,False,False,False,11
V100_P0_GPT54_I05_R02,study_runs/V100_P0_GPT54_I05_R02/checkpoint/f2b2ca7867bc45dba3f20bfcb69d50e3/code.py,6482,True,3032,True,True,True,True,False,True,False,False,False,False,True,True,False,False,False,11
V100_P0_GPT54_I05_R01,study_runs/V100_P0_GPT54_I05_R01/checkpoint/1a0e67a0ed0f49838458b10f36953597/code.py,7253,True,23181,False,False,True,True,False,False,False,False,False,False,True,True,False,False,False,"[7, 13, 29, 42, 87]"
V100_P0_GPT54_I05_R01,study_runs/V100_P0_GPT54_I05_R01/checkpoint/4682b1c65bcd4677ad764487dbae36e4/code.py,9488,True,676,False,True,True,True,False,True,False,False,False,False,True,True,False,False,False,"[7, 13, 29, 42, 87]"
V100_P0_GPT54_I05_R01,study_runs/V100_P0_GPT54_I05_R01/checkpoint/6f1efc17099f4438af33e637fade2d6a/code.py,5649,True,5608,True,True,True,True,False,True,False,False,False,False,True,True,False,False,False,"[7, 13, 29, 42, 87]"
V100_P0_GPT54_I05_R01,study_runs/V100_P0_GPT54_I05_R01/checkpoint/7ef1994c0966483b8d54e4a616d85634/code.py,2,True,49,False,False,False,False,False,False,False,False,False,False,False,False,False,False,False,
V100_P0_GPT54_I05_R01,study_runs/V100_P0_GPT54_I05_R01/checkpoint/93fc4b7d72734385b5c9ae72f2765d36/code.py,6645,True,3553,True,True,True,True,True,False,False,False,False,False,True,True,False,False,False,"[7, 13, 29, 42, 87]"
V100_P0_GPT54_I05_R01,study_runs/V100_P0_GPT54_I05_R01/checkpoint/b9321e8dcdb647988a09b4cb21c4e170/code.py,8770,True,2065,False,True,True,True,False,True,False,False,False,False,True,True,False,False,False,"[7, 13, 29, 42, 87]"
V100_P0_GPT54_I05_R01,study_runs/V100_P0_GPT54_I05_R01/checkpoint/e7849e11813743659c7d53436c07af0d/code.py,5936,True,23292,False,False,True,True,False,False,False,False,False,False,True,True,False,False,False,"[7, 13, 29, 42, 87]"
V100_P0_GPT54_I05_R01,study_runs/V100_P0_GPT54_I05_R01/checkpoint/e7849e11813743659c7d53436c07af0d_iteration1/code.py,15377,True,40268,False,True,True,True,False,False,True,True,True,True,True,True,True,False,False,"[7, 13, 29, 42, 87]"
V100_P0_GPT54_I05_R01,study_runs/V100_P0_GPT54_I05_R01/checkpoint/e7849e11813743659c7d53436c07af0d_iteration2/code.py,14356,True,4079,True,True,True,True,False,False,True,True,True,True,True,True,True,False,False,"[7, 13, 29, 42, 87]"
V100_P0_GPT54_I05_R01,study_runs/V100_P0_GPT54_I05_R01/checkpoint/e7849e11813743659c7d53436c07af0d_seed/code.py,5936,True,23292,False,False,True,True,False,False,False,False,False,False,True,True,False,False,False,"[7, 13, 29, 42, 87]"
SMOKE_V100_P0_I01,study_runs/SMOKE_V100_P0_I01/checkpoint/2b04050768474782874f3d86300c385f/code.py,3244,True,23918,False,False,True,True,False,False,False,False,True,False,False,True,True,False,False,"[11, 22, 33, 44, 55]"
SMOKE_V100_P0_I01,study_runs/SMOKE_V100_P0_I01/checkpoint/2b04050768474782874f3d86300c385f_iteration1/code.py,4917,True,25737,True,True,True,True,False,False,False,False,True,True,True,True,True,False,False,"[11, 22, 33, 44, 55]"
SMOKE_V100_P0_I01,study_runs/SMOKE_V100_P0_I01/checkpoint/2b04050768474782874f3d86300c385f_iteration2/code.py,5086,True,3334,True,True,True,True,False,False,False,False,True,True,True,True,True,False,False,"[11, 22, 33, 44, 55]"
SMOKE_V100_P0_I01,study_runs/SMOKE_V100_P0_I01/checkpoint/2b04050768474782874f3d86300c385f_seed/code.py,3244,True,23999,False,False,True,True,False,False,False,False,True,False,False,True,True,False,False,"[11, 22, 33, 44, 55]"
SMOKE_V100_P0_I01,study_runs/SMOKE_V100_P0_I01/checkpoint/506a9fd3f66c4bec8dd85db15292903d/code.py,3179,True,2943,True,True,True,True,False,False,False,False,True,False,False,True,True,False,False,"[11, 22, 33, 44, 55]"
SMOKE_V100_P0_I01,study_runs/SMOKE_V100_P0_I01/checkpoint/8ae5c9e5771d4ce2be8d8a2a7b4228f0/code.py,2360,True,6607,True,True,True,True,True,False,False,False,True,False,False,True,False,False,False,"[11, 22, 33, 44, 55]"
SMOKE_V100_P0_I01,study_runs/SMOKE_V100_P0_I01/checkpoint/adc486eedd784beebdf0ad860a0bf732/code.py,2803,True,3029,True,True,True,True,False,False,False,False,True,False,False,True,False,False,False,"[11, 22, 33, 44, 55]"
SMOKE_V100_P0_I01,study_runs/SMOKE_V100_P0_I01/checkpoint/b3f868150f1e48848df96473d4a5fb4e/code.py,3148,True,6688,True,True,True,True,False,False,False,False,False,True,False,True,False,False,False,"[11, 22, 33, 44, 55]"
SMOKE_V100_P0_I01,study_runs/SMOKE_V100_P0_I01/checkpoint/f924856511e14a3c92631ccf384e439f/code.py,2944,True,2934,True,True,True,True,False,False,False,False,False,True,False,True,False,False,False,"[11, 22, 33, 44, 55]"
PILOT_BAD_FILENAME_V100_P0_NANO_I05_R03,study_runs/PILOT_BAD_FILENAME_V100_P0_NANO_I05_R03/checkpoint/0774eb2af6124832aaea2b6811becb64/code.py,3895,True,3070,True,True,True,True,False,False,False,False,True,False,False,False,True,False,False,"[0, 1, 2, 3, 4]"
PILOT_BAD_FILENAME_V100_P0_NANO_I05_R03,study_runs/PILOT_BAD_FILENAME_V100_P0_NANO_I05_R03/checkpoint/3088b22eb493465a82ae75afba943cc3/code.py,4776,True,7615,False,False,True,True,True,False,False,False,True,False,False,False,True,True,False,"[0, 1, 2, 3, 4]"
PILOT_BAD_FILENAME_V100_P0_NANO_I05_R03,study_runs/PILOT_BAD_FILENAME_V100_P0_NANO_I05_R03/checkpoint/471cd3e59f7e4ff38fc386479e829987/code.py,5194,True,1783,False,False,True,True,True,False,False,False,True,False,False,False,True,False,False,"[0, 1, 2, 3, 4]"
PILOT_BAD_FILENAME_V100_P0_NANO_I05_R03,study_runs/PILOT_BAD_FILENAME_V100_P0_NANO_I05_R03/checkpoint/471cd3e59f7e4ff38fc386479e829987_iteration1/code.py,101,True,49,False,False,False,False,False,False,False,False,False,False,False,False,False,False,False,
PILOT_BAD_FILENAME_V100_P0_NANO_I05_R03,study_runs/PILOT_BAD_FILENAME_V100_P0_NANO_I05_R03/checkpoint/471cd3e59f7e4ff38fc386479e829987_iteration2/code.py,7589,True,148,False,False,True,True,True,False,False,False,True,True,True,True,True,False,False,
PILOT_BAD_FILENAME_V100_P0_NANO_I05_R03,study_runs/PILOT_BAD_FILENAME_V100_P0_NANO_I05_R03/checkpoint/471cd3e59f7e4ff38fc386479e829987_seed/code.py,5217,True,3771,True,False,True,True,True,False,False,False,True,False,False,False,True,False,False,"[0, 1, 2, 3, 4]"
PILOT_BAD_FILENAME_V100_P0_NANO_I05_R03,study_runs/PILOT_BAD_FILENAME_V100_P0_NANO_I05_R03/checkpoint/677d51929f6140c5baaf4c028d377259/code.py,5823,True,3090,True,True,True,True,False,False,False,False,True,False,False,True,True,False,False,"[0, 1, 2, 3, 4]"
PILOT_BAD_FILENAME_V100_P0_NANO_I05_R03,study_runs/PILOT_BAD_FILENAME_V100_P0_NANO_I05_R03/checkpoint/7c7aff516dc44e82bafcc25d1c7616c7/code.py,3352,True,16801,False,False,True,True,False,False,False,False,True,False,False,False,True,False,False,"[0, 1, 2, 3, 4]"
PILOT_BAD_FILENAME_V100_P0_NANO_I05_R03,study_runs/PILOT_BAD_FILENAME_V100_P0_NANO_I05_R03/checkpoint/89e32f37812c4864a78fdf64ce3f046b/code.py,2,True,49,False,False,False,False,False,False,False,False,False,False,False,False,False,False,False,
PILOT_BAD_FILENAME_V100_P0_NANO_I05_R03,study_runs/PILOT_BAD_FILENAME_V100_P0_NANO_I05_R03/checkpoint/a29c2aa2c1a74b6aa7d9d54465462198/code.py,6757,True,115,False,False,True,True,True,False,False,False,True,False,False,True,True,False,False,"[0, 1, 2, 3, 4]"
PILOT_BAD_FILENAME_V100_P0_NANO_I05_R02,study_runs/PILOT_BAD_FILENAME_V100_P0_NANO_I05_R02/checkpoint/015193c407cd486e89fd464e8c07426d/code.py,3578,True,3062,True,True,True,True,False,False,False,False,True,False,False,True,False,False,False,"[0, 1, 2, 3, 4]"
PILOT_BAD_FILENAME_V100_P0_NANO_I05_R02,study_runs/PILOT_BAD_FILENAME_V100_P0_NANO_I05_R02/checkpoint/2ae4e77c87e941deac46b019b0f198b7/code.py,3759,True,670,True,True,False,True,False,False,False,False,True,False,False,False,True,False,False,"[12345, 23456, 34567, 45678, 56789]"
PILOT_BAD_FILENAME_V100_P0_NANO_I05_R02,study_runs/PILOT_BAD_FILENAME_V100_P0_NANO_I05_R02/checkpoint/3c61634bc82443cbb27067abc87822a6/code.py,3502,True,3061,True,True,True,True,False,False,False,False,True,False,False,False,True,False,False,"[0, 1, 2, 3, 4]"
PILOT_BAD_FILENAME_V100_P0_NANO_I05_R02,study_runs/PILOT_BAD_FILENAME_V100_P0_NANO_I05_R02/checkpoint/3c61634bc82443cbb27067abc87822a6_iteration1/code.py,1498,True,244,False,False,False,False,False,False,False,False,False,False,False,False,False,False,False,
PILOT_BAD_FILENAME_V100_P0_NANO_I05_R02,study_runs/PILOT_BAD_FILENAME_V100_P0_NANO_I05_R02/checkpoint/3c61634bc82443cbb27067abc87822a6_iteration2/code.py,14640,True,2201,False,False,False,True,True,True,True,True,True,True,True,True,True,False,False,"[1001, 2002, 3003, 4004, 5005] || seed, || rec.get('seed')"
PILOT_BAD_FILENAME_V100_P0_NANO_I05_R02,study_runs/PILOT_BAD_FILENAME_V100_P0_NANO_I05_R02/checkpoint/3c61634bc82443cbb27067abc87822a6_seed/code.py,3502,True,3061,True,True,True,True,False,False,False,False,True,False,False,False,True,False,False,"[0, 1, 2, 3, 4]"
PILOT_BAD_FILENAME_V100_P0_NANO_I05_R02,study_runs/PILOT_BAD_FILENAME_V100_P0_NANO_I05_R02/checkpoint/6e70678e1e2941428904dcc5520f6672/code.py,3487,True,7526,False,False,True,True,False,False,False,False,True,False,False,False,True,False,False,"[0, 1, 2, 3, 4]"
PILOT_BAD_FILENAME_V100_P0_NANO_I05_R02,study_runs/PILOT_BAD_FILENAME_V100_P0_NANO_I05_R02/checkpoint/99081e754efa4dbfa3cff1d2b478301d/code.py,3453,True,3061,True,True,True,True,False,False,False,False,True,False,False,False,True,False,False,"[0, 1, 2, 3, 4]"
PILOT_BAD_FILENAME_V100_P0_NANO_I05_R02,study_runs/PILOT_BAD_FILENAME_V100_P0_NANO_I05_R02/checkpoint/ab5819ca523f4f3184982dd42ee3797e/code.py,2,True,49,False,False,False,False,False,False,False,False,False,False,False,False,False,False,False,
PILOT_BAD_FILENAME_V100_P0_NANO_I05_R02,study_runs/PILOT_BAD_FILENAME_V100_P0_NANO_I05_R02/checkpoint/c041136165c04c649e8aee5729792671/code.py,2,True,49,False,False,False,False,False,False,False,False,False,False,False,False,False,False,False,
PILOT_BAD_FILENAME_V100_P0_NANO_I05_R01,study_runs/PILOT_BAD_FILENAME_V100_P0_NANO_I05_R01/checkpoint/0bdcbe7d86d94f278c0ec94a88df76b3/code.py,2,True,49,False,False,False,False,False,False,False,False,False,False,False,False,False,False,False,
PILOT_BAD_FILENAME_V100_P0_NANO_I05_R01,study_runs/PILOT_BAD_FILENAME_V100_P0_NANO_I05_R01/checkpoint/0fb036b370fd4ef4a3586fcdab36acc2/code.py,2,True,49,False,False,False,False,False,False,False,False,False,False,False,False,False,False,False,
PILOT_BAD_FILENAME_V100_P0_NANO_I05_R01,study_runs/PILOT_BAD_FILENAME_V100_P0_NANO_I05_R01/checkpoint/18fdfe8b4fbf41338e368412cfe7a4b0/code.py,2,True,49,False,False,False,False,False,False,False,False,False,False,False,False,False,False,False,
PILOT_BAD_FILENAME_V100_P0_NANO_I05_R01,study_runs/PILOT_BAD_FILENAME_V100_P0_NANO_I05_R01/checkpoint/1f4746aabdd14e4fb04d1d7a45f71401/code.py,5970,True,691,False,False,False,True,True,False,False,False,True,False,False,False,True,False,False,"[0, 1, 2, 3, 4] || SEEDS"
PILOT_BAD_FILENAME_V100_P0_NANO_I05_R01,study_runs/PILOT_BAD_FILENAME_V100_P0_NANO_I05_R01/checkpoint/280cf3b486f3422788d640f6322877ec/code.py,3381,True,904,True,True,False,True,True,False,False,False,True,False,False,True,False,False,False,"[42, 123, 999, 2024, 7]"
PILOT_BAD_FILENAME_V100_P0_NANO_I05_R01,study_runs/PILOT_BAD_FILENAME_V100_P0_NANO_I05_R01/checkpoint/7a6a2daface94967945ce756e530adf1/code.py,3750,True,1355,False,True,True,True,False,False,False,False,True,False,False,True,True,True,False,"[0, 1, 2, 3, 4]"
PILOT_BAD_FILENAME_V100_P0_NANO_I05_R01,study_runs/PILOT_BAD_FILENAME_V100_P0_NANO_I05_R01/checkpoint/c6fc99bea3ae4f79a0dac369c4ecf600/code.py,6623,True,160,False,True,False,True,True,True,False,False,True,False,False,False,True,False,False,"[0, 1, 2, 3, 4]"
PILOT_BAD_FILENAME_V100_P0_NANO_I05_R01,study_runs/PILOT_BAD_FILENAME_V100_P0_NANO_I05_R01/checkpoint/c6fc99bea3ae4f79a0dac369c4ecf600_iteration1/code.py,2,True,49,False,False,False,False,False,False,False,False,False,False,False,False,False,False,False,
PILOT_BAD_FILENAME_V100_P0_NANO_I05_R01,study_runs/PILOT_BAD_FILENAME_V100_P0_NANO_I05_R01/checkpoint/c6fc99bea3ae4f79a0dac369c4ecf600_iteration2/code.py,5812,True,385,False,False,True,True,False,True,True,True,True,True,True,True,True,False,False,"[12345, 23456, 34567, 45678, 56789]"
PILOT_BAD_FILENAME_V100_P0_NANO_I05_R01,study_runs/PILOT_BAD_FILENAME_V100_P0_NANO_I05_R01/checkpoint/c6fc99bea3ae4f79a0dac369c4ecf600_seed/code.py,6623,True,160,False,True,False,True,True,True,False,False,True,False,False,False,True,False,False,"[0, 1, 2, 3, 4]"
