relative_path,bytes,sha256
audit/audit_totals.json,566,0b670fc53910915dfa6d535e33ca431ed9fae79999223bf77cca9b0223385013
audit/code_inventory.csv,77261,973274b7aca99eef53e4a5b1f265b172f57686715b6e1a2f4494721f0039f3e4
audit/csv_inventory.csv,90682,e87d5d7425bee2f51d9dc508b0e11fb3c18af851d8804f54cef5a5ec1e7167f9
audit/duplicate_groups.csv,90926,0ffc6eb91ac2234810f9f39d7c5f8eafd1a54b4fb196e8f6ddd5c97c476862c1
audit/file_manifest.csv,714878,85c142038048d70f45a4794f9d2e1b90f5023bcd4b2aed91558330b9031dc113
audit/generated_code_assessment.csv,54689,d6e668c0b73925b3c162349477deecdb28e4564388a87f285ddb6b488d8d9695
audit/json_inventory.csv,944002,52211861face8d4f06dfd464745deafa63447ac8fa1ab98acb68d9ee08e46a1b
audit/native_metrics.csv,131106,b84d07629fa8ee8075e4047dbbff628a9d7edec9a15752ec1a8fcaafdf57ee95
audit/native_result_files.csv,15510,6d17e52cca91337f8b389299b7c29a4a42fe0c5cad6e84530957afc1f03035a3
audit/README.md,5402,c26807011792998ff4dd744138e94da86fd89caa619bb1d0778f760095fad90b
audit/run_summary.csv,5678,f990eb2b5ec85b03760530a22a42b72318a714faf05066295243bbe54252993b
audit/text_marker_inventory.csv,537201,820923449cb18e0fed2318b4d69f0a86a871ff9862023aafb824fef3c3c6ee90
audit_preregistered/audit_totals.json,1781,337ad26eb1a1a85676b356a59937353210ecae3c63fd8cd4a7f58fc38285af70
audit_preregistered/code_inventory.csv,30863,e6291eb9fe5c3bc709b20427391fce6f70d49c675df2985bc8bfc9ae689ecef0
audit_preregistered/condition_comparison.csv,347,51ed16be6364b193af9f98d3c9e925abb88a45867397e20652edc330e50144a0
audit_preregistered/csv_inventory.csv,11098,62ea66bc52f912beebd721119d2a0da342a22f1def9badc72b44f73797ecfd8a
audit_preregistered/duplicate_groups.csv,20209,d26b51b9056e1f11bc64ec1c2a287489e0e38f12b32b1098f66a102b0d24881e
audit_preregistered/file_manifest.csv,237375,26581621f940e5741ec1c6db707cb92f80196eed111ceca4e96d278e6b33e4c9
audit_preregistered/json_inventory.csv,155529,31ab24e4336f5d41444b4092313de7ed8fbf2c8d9325bb44e4ebba37dc820d2c
audit_preregistered/node_coverage.csv,2039,e7221601941f5343830252205d041d3fa07aa3a7555bb0ef74db1faea62ad26e
audit_preregistered/node_findings.md,1556,48b14332c51a934bfc648e479c422cf74cfb0039a2b7bb7fe440c8c500dba2ff
audit_preregistered/run_coverage.csv,712,76c0dddfbeef1f9d5300e72841d82058996f18faa59184a03bace1fad0019f82
audit_preregistered/run_summary.csv,2553,16a40164e93be78c937fdf7974aff54a5323226ef2133ed225bca5ce01bbee15
audit_preregistered/text_marker_inventory.csv,174032,fe4abb0de2f240e6b5a661b2ba8f157b98f578e0730172337f5f9f9286f7f192
audit_preregistered/validators.csv,673,96dd464fd7f6f84787aad1e473dede43094c42e7e42d3f06cac7cbc0f1fd3f73
audit_tools/analyze_audit.py,5120,7a97e61ab3d9217d549b909af4fb52f0aedc16b0582f393216aa86d97444339d
audit_tools/audit_preregistered.py,8817,ac515bf9d361018fb2ff451fcea58ef14fe3d51bebe9bf5aa878311f20dc5c52
audit_tools/audit_preregistered_nodes.py,17728,3f11717c5d4057088c0c7486703b1f67234a2e0f19a3969175e88c0d02e4da41
audit_tools/audit_runs.py,13429,3bd709e08a0703d1125f84abe28a38fe5682d1ec4e4450869e3840d618b731f2
evidence/README.md,1822,11c0a95eeca62564b32b81f0f75ebaa5dc16f44fce4b0d60791437507f410178
evidence/SMOKE_V100_P0_I01/amazon_allocation_code.py,5086,653f04670c5b986064cef239e56bd2b771b888556ab2ca649cabd5b415fa8f34
evidence/SMOKE_V100_P0_I01/code_requirements_final.json,1545,5af14ab31f0cfded759e7c9eb07f5b1694e5eb3f49d72adbf429ab9b5ef49dda
evidence/SMOKE_V100_P0_I01/code_requirements_prototype.json,800,7283ed47570e3504c03a4a565c821ae10538cefc7b8810fd2e5805b93aaebfa3
evidence/SMOKE_V100_P0_I01/config.source.toml,386,43ad328d9e971575946598bc6c906a320d878b57103e5825b7bc1b351074558f
evidence/SMOKE_V100_P0_I01/config.toml,413,f016223e8d4d869dab57e98267307fdb7d4097558802b65486d03255c5da628b
evidence/SMOKE_V100_P0_I01/costs_log.csv,8468,71686cb51e8d8aaf2d690cdab6367ecde807126d14d354c0c5e83919419bd5a2
evidence/SMOKE_V100_P0_I01/entered_prompt.txt,946,dc790c0f84813ae9f582a14783c06db3ee59faaa98d800c6bf831f5ad0d041ab
evidence/SMOKE_V100_P0_I01/native_results.json,3000,701486686463c80dc90698ddb94d273a79e1b5b78ef0441ce8e7b3af3c4f4356
evidence/SMOKE_V100_P0_I01/SMOKE_V100_P0_I01.console.log,1218048,e924504240b2d8389a231dcee091c20934ea7b898380d581614113119d65f941
evidence/SMOKE_V100_P0_I01/summary.md,4481,400b1fe8f368e6e96e59e67c0d498eb906b50e131013cfb480d6f96393ec4c07
evidence/V100_P0_GPT54_I05_R01/code_requirements_final.json,1861,d9979e11e5012bf064c56c695c437822be5978c15b0276d1e920a23a580e20cf
evidence/V100_P0_GPT54_I05_R01/code_requirements_prototype.json,699,a1ac3c3ccc294c3d94f243ec69debeb1dd2469882b3b613051d37baaf4f8709e
evidence/V100_P0_GPT54_I05_R01/config.source.toml,386,43ad328d9e971575946598bc6c906a320d878b57103e5825b7bc1b351074558f
evidence/V100_P0_GPT54_I05_R01/config.toml,412,328ae24cd933db4569aec9534cd544c1389bc9365a63d038b6a38bc47004f2c2
evidence/V100_P0_GPT54_I05_R01/costs_log.csv,11963,a0fcd0a4ac9f6563a072d907cb0d6501dd88936627dcec19c76d0698dac26c25
evidence/V100_P0_GPT54_I05_R01/entered_prompt.txt,946,dc790c0f84813ae9f582a14783c06db3ee59faaa98d800c6bf831f5ad0d041ab
evidence/V100_P0_GPT54_I05_R01/iteration1_code.py,15377,a73a84bd94d9b21a302da6300ed310d853c9a160b0be8e6d2098c1f086947307
evidence/V100_P0_GPT54_I05_R01/native_results_seed_13.json,2226,fadcdffb6b7360bdadf4abb878619870b59dea8245d7d0c766d78351aaaa30d7
evidence/V100_P0_GPT54_I05_R01/native_results_seed_29.json,2222,ca90c391aede38a4b962279cbb7db8c1418b166d7e51cdee8b310a98bc679123
evidence/V100_P0_GPT54_I05_R01/native_results_seed_42.json,2223,091715c3f58f703a3f7bc7f2df2d5e3a65486c9cca7c5960c4d735bd8a56b835
evidence/V100_P0_GPT54_I05_R01/native_results_seed_7.json,2207,0b70cdb53613f05233fcc1cc506e75d3e7c9cfb3963e6d551791d66869b682a2
evidence/V100_P0_GPT54_I05_R01/native_results_seed_87.json,2224,f7ea8b5ee22405c9747d92e173edc31558c55ce58726907ee50eeb77632dc74c
evidence/V100_P0_GPT54_I05_R01/summary.md,6379,eff7a37ae8bbf9b03bec9faaee721cff5a1afeb7934b900f1b2f8b5d13a613f0
evidence/V100_P0_GPT54_I05_R01/V100_P0_GPT54_I05_R01.console.log,1898272,1e68a134fd1574a684aa7397ef96416543d9662039f9c6c947d7b2d5d94f1dd4
evidence/V100_P0_MINI_I05_R02/code_requirements_final.json,1372,6c9c572b32af0e2b6508edcf764aafc79dfaa05bb901f6ffd04eaed5c4caade7
evidence/V100_P0_MINI_I05_R02/code_requirements_prototype.json,697,7e389b6880c82f121a7c1ff3fdb6daa73501c227c589f6b78449f298efce3485
evidence/V100_P0_MINI_I05_R02/config.source.toml,386,43ad328d9e971575946598bc6c906a320d878b57103e5825b7bc1b351074558f
evidence/V100_P0_MINI_I05_R02/config.toml,416,9a0c548319f5ae9b3d237b3b863a4d7a9b5ddb65e7adf193317ccf1658657959
evidence/V100_P0_MINI_I05_R02/costs_log.csv,11836,65dcd92b0414486a2b3dae6476056b68e17e8cf1286e0342b0adf94bb7289890
evidence/V100_P0_MINI_I05_R02/entered_prompt.txt,946,dc790c0f84813ae9f582a14783c06db3ee59faaa98d800c6bf831f5ad0d041ab
evidence/V100_P0_MINI_I05_R02/iteration2_code.py,5206,dbc38e31f2c34ada8e9e668027a6df47a731afe5aa426e8a15a126bbae9d58f0
evidence/V100_P0_MINI_I05_R02/iteration2_native_results.json,11022,9d37cf3094db060399c5e06303944eacb794ea982903497d6f43b6d23f16b07a
evidence/V100_P0_MINI_I05_R02/summary.md,3554,5c850b76b48b839e68463c64ed8bdc026183ae445d6f51cb7f0717eaf6380f08
evidence/V100_P0_MINI_I05_R02/V100_P0_MINI_I05_R02.console.log,1499742,ff10aed0071296bc520a1bad42e2c395923a373236bd96d43e515536c356c012
evidence/V100_P0_MINI_I05_R03/code_requirements_final.json,1600,173a23413a773a6e1b40bccf9a9003f2a879ca315b16c2df190f3aa6b311cbc8
evidence/V100_P0_MINI_I05_R03/code_requirements_prototype.json,689,439f166c3c04068f099d9d5b4272f52542c47c19a584b2ab7b934f4f1bc971cb
evidence/V100_P0_MINI_I05_R03/config.source.toml,386,43ad328d9e971575946598bc6c906a320d878b57103e5825b7bc1b351074558f
evidence/V100_P0_MINI_I05_R03/config.toml,416,0f8511d2942c365a3eaa8644f5c39567b1c8d4d39540419cdeef7cdc41fdad56
evidence/V100_P0_MINI_I05_R03/costs_log.csv,9167,f7197c27db210d8a960f21357d0344cd1ab87e9dc2dd13292a12cc9720120dea
evidence/V100_P0_MINI_I05_R03/entered_prompt.txt,946,dc790c0f84813ae9f582a14783c06db3ee59faaa98d800c6bf831f5ad0d041ab
evidence/V100_P0_MINI_I05_R03/V100_P0_MINI_I05_R03.console.log,1480252,c8ac03e6161d8207914fea2ff8bc165e9c445af49143be8acc707315eb5b2ff0
evidence/V100_P0_MINI_I05_R03/workspace_native_results.json,13000,4f31895b7117b36b90954719eb03cd076c935c7cbeb5995386dc3981ddb5e6c8
evidence/V100_P0_MINI_I05_R03/workspace_runfile.py,6061,47776d83a0c7b387e800535050ac70fad4bb9f8a0af9f9fb6351fd4800b4f653
evidence/V100_P0_MINI_I05_R04/code_requirements_final.json,1449,104f895ed324e5c8bc339714bd69d4d7d067940e06a4f9437a1b797f5f7df241
evidence/V100_P0_MINI_I05_R04/code_requirements_prototype.json,732,bbc64e7032791fa5a910377ec32e9633406f13730504cd044dd80523e56fd8e0
evidence/V100_P0_MINI_I05_R04/config.source.toml,386,43ad328d9e971575946598bc6c906a320d878b57103e5825b7bc1b351074558f
evidence/V100_P0_MINI_I05_R04/config.toml,416,c9a4c0a29314dcb98c83769673fb4fdb4c0c6245600f139702776ef3b25c3605
evidence/V100_P0_MINI_I05_R04/costs_log.csv,13221,6a8347ff8ce2cb092166b6835f88cdbd5ac29b0150a4ffde999ae22b4ad629c5
evidence/V100_P0_MINI_I05_R04/entered_prompt.txt,946,dc790c0f84813ae9f582a14783c06db3ee59faaa98d800c6bf831f5ad0d041ab
evidence/V100_P0_MINI_I05_R04/native_results.json,1258,318d179b86c4427b6a097e5ceab61c6a920fa539bc61904dc8ead825d353b800
evidence/V100_P0_MINI_I05_R04/schema_keyerror_code.py,6619,430d4f528c3f8b4b14488b7813755248e605621a474e2f250f26842d6106d575
evidence/V100_P0_MINI_I05_R04/summary.md,2808,6a5c6bea10bd81936b7a449bc3e28a1ff07bffbc641ae65fc2ea321bec863d30
evidence/V100_P0_MINI_I05_R04/V100_P0_MINI_I05_R04.console.log,1918908,6bc9c671060ed2f1618592b1fa3eccc1dae6f84d747b618ed75a09acede922e0
evidence/V100_P0_NANO_I05_R02/api_mismatch_code.py,5,5a89d628db34315050e0c77d6d3dd343493b05f2fbbf4a1c40f2e6c9360f9a0b
evidence/V100_P0_NANO_I05_R02/code_requirements_final.json,2331,8b0e9d131ed1847c7a0696cb1c417b018e320178728b2d3028593bdb2d67aaaf
evidence/V100_P0_NANO_I05_R02/code_requirements_prototype.json,965,759ec5ec646995e8f3723b04656fd03b54bbb645840baa27c464e193a601b544
evidence/V100_P0_NANO_I05_R02/config.source.toml,386,43ad328d9e971575946598bc6c906a320d878b57103e5825b7bc1b351074558f
evidence/V100_P0_NANO_I05_R02/config.toml,414,73959fbcf223f045f6e14558102cf48749781fdd31ec2e1ef78c0164f63c0599
evidence/V100_P0_NANO_I05_R02/costs_log.csv,14440,af1247d4a742daad38a3ed492286c74755e15bbf032a7a1e48f95439780e160c
evidence/V100_P0_NANO_I05_R02/entered_prompt.txt,946,dc790c0f84813ae9f582a14783c06db3ee59faaa98d800c6bf831f5ad0d041ab
evidence/V100_P0_NANO_I05_R02/summary.md,3748,0d2a1ff4512804bb3638ad588be595129fce9f7934658b393300ef8f557d6a4c
evidence/V100_P0_NANO_I05_R02/V100_P0_NANO_I05_R02.console.log,1888466,42977e51f8973922c5c9350bba9e90850df1a289ebf64fe113ca4489fe24729e
evidence/V100_P0_NANO_I05_R05/code_requirements_final.json,3039,5a52336d73d892c64b47441ba08eef0626072c0d83e74cd0033abed72c10f661
evidence/V100_P0_NANO_I05_R05/code_requirements_prototype.json,1378,d559938cd073a9a84f1f584be1f649dc9619de97d9b0f79f54f5808b50b09144
evidence/V100_P0_NANO_I05_R05/config.source.toml,386,43ad328d9e971575946598bc6c906a320d878b57103e5825b7bc1b351074558f
evidence/V100_P0_NANO_I05_R05/config.toml,414,ea1d8282a3b8052ce832d8b54a1643eaa7692f8cb0ca8234049329fe786f1868
evidence/V100_P0_NANO_I05_R05/costs_log.csv,14967,5273540af7bbc21d956b7c8b913e56dd5b70d4a419666c9038027b017ff9e8a8
evidence/V100_P0_NANO_I05_R05/entered_prompt.txt,946,dc790c0f84813ae9f582a14783c06db3ee59faaa98d800c6bf831f5ad0d041ab
evidence/V100_P0_NANO_I05_R05/mock_code.py,11352,e4a97bc4ec2b60a898b45d95128a44dc1ba08e0d6afa88353b4e8b4d3235160f
evidence/V100_P0_NANO_I05_R05/mock_results.csv,9248,0cb422bde09bdd5247817fe09abd49ac00347b6b1c0f946d935ef4d3932102fc
evidence/V100_P0_NANO_I05_R05/summary.md,5859,a09ceb4047ac100a094b3b673a6db7cc32bdd6668878fe8c5e415e13ff8c6768
evidence/V100_P0_NANO_I05_R05/V100_P0_NANO_I05_R05.console.log,1995118,9c2837b6d9f68e1b2adf159001d9bbc52bd082d9873a305b85fe01817fecf0f3
evidence/V100_P2_GPT54_I05_R02/code_requirements_final.json,2348,77bd466df81c8946e406958e1ea0106e20c54503a1e8bb1df349888e7eedefeb
evidence/V100_P2_GPT54_I05_R02/code_requirements_prototype.json,1116,5fb9e69cbb12ee5179b9e2d0edefd4c49699e6568c56bccd0d4c113315643559
evidence/V100_P2_GPT54_I05_R02/config.source.toml,386,43ad328d9e971575946598bc6c906a320d878b57103e5825b7bc1b351074558f
evidence/V100_P2_GPT54_I05_R02/config.toml,412,aff6423ea665ac62ee5d1ac94a54fca0bdb260f6328caa38e4f6256b6edcd642
evidence/V100_P2_GPT54_I05_R02/costs_log.csv,14334,da5a62a4ac977cca74990360d7fa7b1dde299de70bde2b658ac2d9f0f02a6d64
evidence/V100_P2_GPT54_I05_R02/entered_prompt.txt,2147,de158b14873704c34fb7529e3af0e92fc11e8af82c48e4c18605f7f4fb69f7c2
evidence/V100_P2_GPT54_I05_R02/final_code.py,12228,34ae05bd5e4a45804ffff10f6e3a1554783229acce2a42b006e1c8d5dda83833
evidence/V100_P2_GPT54_I05_R02/final_native_results.json,264,83b66fdf2b2794a57257fd6b31ac49023d7adf0f1bd6636a2452f56cae9e0552
evidence/V100_P2_GPT54_I05_R02/summary.md,5403,8caf589e2e8cf69107b97c39bb36c38e021189e97c54815928b8a553086ecd07
evidence/V100_P2_GPT54_I05_R02/V100_P2_GPT54_I05_R02.console.log,1671682,6dc58a07f00810beef0c60736bffa8c251cc95208c64e7c8bc0291e922cbb87f
evidence/V100_P2_MINI_I05_R01/code.py,12422,c019452e9483963cb23b41ab93bdc77d3fb4a34841a3dd45d6b602671c23fbb0
evidence/V100_P2_MINI_I05_R01/code_requirements_final.json,2260,097be7d3e13097446de17227605a273a5b1d616ee7fbe7a70ec1332257d88013
evidence/V100_P2_MINI_I05_R01/code_requirements_prototype.json,998,8b94f358b4ecc26a68a12cc526da626ec49ecef32a85b2fe4de8d206c6e4b5fd
evidence/V100_P2_MINI_I05_R01/config.source.toml,386,43ad328d9e971575946598bc6c906a320d878b57103e5825b7bc1b351074558f
evidence/V100_P2_MINI_I05_R01/config.toml,416,d471e9200bd2d10beecbb7006e4b11c1a60e18aa300709223b7e87b03bb1f2e6
evidence/V100_P2_MINI_I05_R01/costs_log.csv,13368,6b4a343ff442accf88919dcdf3663897f4b4e00614079a3933c0ad1a20bad5aa
evidence/V100_P2_MINI_I05_R01/entered_prompt.txt,2147,de158b14873704c34fb7529e3af0e92fc11e8af82c48e4c18605f7f4fb69f7c2
evidence/V100_P2_MINI_I05_R01/native_results.json,1288,b36ce373ab3679755616f0755ee869758635de08d896d1821d4e7c9178b3015d
evidence/V100_P2_MINI_I05_R01/summary.md,3821,5b96819d36ad604bd4ef8ae68d9da89dfef2b9b62aa6420547ef8c6d1d608539
evidence/V100_P2_MINI_I05_R01/V100_P2_MINI_I05_R01.console.log,1652502,ea6f573b1013b7bcd772f1ab8b335b97b14fff7a22257f806ffe70c83e061355
evidence/V100_P2_MINI_I05_R02/code.py,8063,27f82823aa4112da5650e96c888af9f0c1f2659f4e8d74c02c0022b1e07efe47
evidence/V100_P2_MINI_I05_R02/code_requirements_final.json,2128,b6f865e3edefafbb73e9c55a29399a072a3b2f7be4958dd793642bc24b0af771
evidence/V100_P2_MINI_I05_R02/code_requirements_prototype.json,1357,ee354844da1ffbf3791bf77534e0a0c7df1f44ef2008846d062aef19cfd2c64e
evidence/V100_P2_MINI_I05_R02/config.source.toml,386,43ad328d9e971575946598bc6c906a320d878b57103e5825b7bc1b351074558f
evidence/V100_P2_MINI_I05_R02/config.toml,416,f4816b4f427134180a49c94af21c5685a894447304e2f950cb0490ce72226167
evidence/V100_P2_MINI_I05_R02/costs_log.csv,16266,4fc3ae0081c89f908931794afa8f0ca1203a464c2ad486342065d375cc9aa4b7
evidence/V100_P2_MINI_I05_R02/entered_prompt.txt,2147,de158b14873704c34fb7529e3af0e92fc11e8af82c48e4c18605f7f4fb69f7c2
evidence/V100_P2_MINI_I05_R02/native_results.json,10868,c4e123b1f0b6645f558240bfa1a4a8a11c3d6ad14c572db9a587d7860ab8b876
evidence/V100_P2_MINI_I05_R02/results_long.csv,21442,849fbbde56f771a7abbadbe7c47f39729d38d5c82e4916c8fd4259efa17c6c09
evidence/V100_P2_MINI_I05_R02/summary.md,6424,1528f53c3a2b1d43c632599658890b6d80cf4c8818e387580cebb188b298c0fb
evidence/V100_P2_MINI_I05_R02/V100_P2_MINI_I05_R02.console.log,1902030,eb5a340ade4cf1f50d4c60d2c5e9e15ba29f0b65d54007524ccf581faffc1ee1
evidence/V100_P2_MINI_I05_R03/code.py,12646,ce4e5c8cac6b30d2d70363e6f29b3c88ad9699e2b4d8c07fae7da93173612703
evidence/V100_P2_MINI_I05_R03/code_requirements_final.json,2411,871185fd52e4f5d23d4c0fcdcac7e530aec76bce5cdf13ff7178403e67ea44ed
evidence/V100_P2_MINI_I05_R03/code_requirements_prototype.json,1205,e78e87a832f138bfbd7e84593e5e7f851f98392f1caae4784fce4261eea360a0
evidence/V100_P2_MINI_I05_R03/config.source.toml,386,43ad328d9e971575946598bc6c906a320d878b57103e5825b7bc1b351074558f
evidence/V100_P2_MINI_I05_R03/config.toml,416,65e50d1441af94be02507338b5acabbd242471b7478c85566aefbe7154553e37
evidence/V100_P2_MINI_I05_R03/costs_log.csv,15718,0c8ebbe902132ccd1df2c4a5ebadfa48766f1098d4b915c1acb73172cf36c777
evidence/V100_P2_MINI_I05_R03/entered_prompt.txt,2147,de158b14873704c34fb7529e3af0e92fc11e8af82c48e4c18605f7f4fb69f7c2
evidence/V100_P2_MINI_I05_R03/native_results.json,281,140a431b2b572d0cfe7b03a8fcc7c0502962b694d01c544ce5be61bb8aeece2a
evidence/V100_P2_MINI_I05_R03/summary.md,4053,46ebf1ae5fb21e96a8540adf7fa8f146bcb5ff48876c1f6c61b3b90f17958e9e
evidence/V100_P2_MINI_I05_R03/V100_P2_MINI_I05_R03.console.log,1880010,df2bc9ee612446430f3bf09fc771622ae8839805e955c0e519b2b77ec6c92aa3
evidence/V100_P2_MINI_I05_R04/code.py,12496,e35508979673ddd64025c86aaa6bdcc955b4f0a756f31aac33f4354589de5801
evidence/V100_P2_MINI_I05_R04/code_requirements_final.json,2321,4b2486b81236af8c58ae0385e0dc85a067477902e4fd4eec58102e22da60f8c7
evidence/V100_P2_MINI_I05_R04/code_requirements_prototype.json,1186,721ba87c53fcedd32f817eacba689a06326b77d20f6e80e9f6085f1538bbf00d
evidence/V100_P2_MINI_I05_R04/config.source.toml,386,43ad328d9e971575946598bc6c906a320d878b57103e5825b7bc1b351074558f
evidence/V100_P2_MINI_I05_R04/config.toml,416,0bd26f6db5e123b63125a2de0bd0dc7575d3689ab25daa030aaecf1915bddbcf
evidence/V100_P2_MINI_I05_R04/costs_log.csv,15181,a448e22be811374480b0715c7ad041503c683c2bf10807b4cb62e4d6a377286a
evidence/V100_P2_MINI_I05_R04/entered_prompt.txt,2147,de158b14873704c34fb7529e3af0e92fc11e8af82c48e4c18605f7f4fb69f7c2
evidence/V100_P2_MINI_I05_R04/native_results.json,273,0360ce599969a43540b8b094181f2c597cdf76488fb9a79b1274e1fd88361d59
evidence/V100_P2_MINI_I05_R04/summary.md,3244,f463886e5fbaab7c438ca22479de9df64566fc3c1f64ad918b220ba1716d9002
evidence/V100_P2_MINI_I05_R04/V100_P2_MINI_I05_R04.console.log,1739422,ea8489822149f63db43bc51c4a5255c472d5dba5dd8b02c4463b5ff31a003be3
evidence/V100_P2_MINI_I05_R05/code.py,14622,c97f746268d7b88ec075c99236524916d187ca77d2279463402f47bffce702ea
evidence/V100_P2_MINI_I05_R05/code_requirements_final.json,2184,d2dde7663db70b1edcb4137e66bc048f14388b646824bec2cf2d1073ec16dbef
evidence/V100_P2_MINI_I05_R05/code_requirements_prototype.json,1140,4480ff66e8b77cf8dba2f41889b2bb8e86d5a4ba5c39760c4926b20b4c440eac
evidence/V100_P2_MINI_I05_R05/config.source.toml,386,43ad328d9e971575946598bc6c906a320d878b57103e5825b7bc1b351074558f
evidence/V100_P2_MINI_I05_R05/config.toml,416,45cc348853944b3db5c7dec7f2f1129cc1fb2c7bdecfd6fa482b513af459d8d0
evidence/V100_P2_MINI_I05_R05/costs_log.csv,15213,de23f495f159b2e9a31ff4e833cb2e0497c3b5ef59535f5196e011b5c5c4fd88
evidence/V100_P2_MINI_I05_R05/entered_prompt.txt,2147,de158b14873704c34fb7529e3af0e92fc11e8af82c48e4c18605f7f4fb69f7c2
evidence/V100_P2_MINI_I05_R05/summary.md,5488,1cb53ff7b2569f08e474737ee039e6b330e40a32a76e9b762f048eb05a7c9546
evidence/V100_P2_MINI_I05_R05/V100_P2_MINI_I05_R05.console.log,1440060,18a60089a820253ed5918f95e01cc05270c42957891d60896880cbed85036b07
evidence/V100_P3_MINI_I05_R01/code.py,13822,9496d94d5cb75c53f72a9cd3ed1ca5dcb2a213b55d778360957caf04937da003
evidence/V100_P3_MINI_I05_R01/code_requirements_final.json,2295,5a4b8c107283efc02e6a04473add3a53ee06b7ef7200605f85c4e47405bfdd9e
evidence/V100_P3_MINI_I05_R01/code_requirements_prototype.json,882,5c25dc104e0d354b792bf0648d763b2b1556dc47e80a64396ea067e47d7b44d1
evidence/V100_P3_MINI_I05_R01/config.source.toml,386,43ad328d9e971575946598bc6c906a320d878b57103e5825b7bc1b351074558f
evidence/V100_P3_MINI_I05_R01/config.toml,416,11b6330da026e67fea895c8fc5affadefd12f0b4b0cd99baca1d2e85ce8c2332
evidence/V100_P3_MINI_I05_R01/costs_log.csv,12961,b044b240aa5c6427adcd3e2d56bb3f53f56ba3c83e7c4ae0a6e46265731574fa
evidence/V100_P3_MINI_I05_R01/entered_prompt.txt,8121,58a89d576dbcf4958b231024c16fc02b706ddf74985bf968a054006b3b063354
evidence/V100_P3_MINI_I05_R01/summary.md,3117,18c85058b99d5ed300c2006aa5b3d36eb35483685a70c3c8368453882d6c4824
evidence/V100_P3_MINI_I05_R01/V100_P3_MINI_I05_R01.console.log,1409684,e51567bf6bed21e509302fabdf911da44371109d6f83ffdf44d300bd13b6f8a7
evidence/V100_P3_MINI_I05_R02/code.py,11098,a420e3ea027cd178c92469a47d43bd5115a8efd94ac78f9e54dbae6422aed5d1
evidence/V100_P3_MINI_I05_R02/code_requirements_final.json,2619,3aa4dc85cc012bdec620a61535f742b47bca5a2ae63a21a7ff0156c50c346205
evidence/V100_P3_MINI_I05_R02/code_requirements_prototype.json,1091,f296172fa5fe0005aaace8f824af4fae4a392c770eac606c939788515e511efd
evidence/V100_P3_MINI_I05_R02/config.source.toml,386,43ad328d9e971575946598bc6c906a320d878b57103e5825b7bc1b351074558f
evidence/V100_P3_MINI_I05_R02/config.toml,416,d1beb018332e17d823c501088c52378adec4f68604bdef48eaed6e953c4668c5
evidence/V100_P3_MINI_I05_R02/costs_log.csv,15058,bda14a89c2d7ac2a753e8c50236359173bdb8c2a136becb970ae5fe646897526
evidence/V100_P3_MINI_I05_R02/entered_prompt.txt,8121,58a89d576dbcf4958b231024c16fc02b706ddf74985bf968a054006b3b063354
evidence/V100_P3_MINI_I05_R02/results_long.csv,298669,b8e885ef7aa2bc8236aebea70661778e599bf53deab8a514c161b2fa787bf8dd
evidence/V100_P3_MINI_I05_R02/summary.md,3479,dc53e30236af4b3a17344f31617cda288d27dfcde80060366d574894f571e071
evidence/V100_P3_MINI_I05_R02/V100_P3_MINI_I05_R02.console.log,2116796,1a137c8230b8128d6b29638ad9d6f0f0f9d53c3be309bc56f2978b503f9db12f
evidence/V100_P3_MINI_I05_R03/code.py,8176,dd2746b545ff78c78357fbf3ea3a73c4dd450736eb6bf67c7b2a75137d85d4e4
evidence/V100_P3_MINI_I05_R03/code_requirements_final.json,2440,1f41e7542b1ea0b8c453ed55dd7ec795f9c689c3c7560bd2ce91c52081dcddd7
evidence/V100_P3_MINI_I05_R03/code_requirements_prototype.json,1206,750630c4005b5d85cdf3499b75c52b0e132fd3c02bbf99d285a51aa3f75a350d
evidence/V100_P3_MINI_I05_R03/config.source.toml,386,43ad328d9e971575946598bc6c906a320d878b57103e5825b7bc1b351074558f
evidence/V100_P3_MINI_I05_R03/config.toml,416,0500559cf63745238c1581bd7bdeac17bc85be42fda4bbf42489a375e6b51760
evidence/V100_P3_MINI_I05_R03/costs_log.csv,15769,fb5e84350f706861fc6633407068840cd286fdb5ec0d8aa45606d9b9ce830b0c
evidence/V100_P3_MINI_I05_R03/entered_prompt.txt,8121,58a89d576dbcf4958b231024c16fc02b706ddf74985bf968a054006b3b063354
evidence/V100_P3_MINI_I05_R03/results_long.csv,3131,8cedd2ff1a0905d06cc6953f894ed5a88d79b203a715b069144ed73af24472ef
evidence/V100_P3_MINI_I05_R03/summary.md,4010,81d1d6cd31b3e4850a5463b9e9847bd4d77e43d73a31870e627e3fa39860aac8
evidence/V100_P3_MINI_I05_R03/V100_P3_MINI_I05_R03.console.log,1781064,e63793e484d42b9bac403c6e1f770a1f80fe1ef9ce35f43470ea44e33504245f
evidence/V100_P3_MINI_I05_R03/validation_report.json,1501,0b1d39e9ca427763b8bb6acaa4fa7cb70c21767818e2cb0b6d9c503cc0c054a1
evidence/V100_P3_MINI_I05_R03/validation_report_2.json,2360,920a4539d3bc693cb846f9af6be4ba4c0e1869d1294377eaa4b732370441d3e5
evidence/V100_P3_MINI_I05_R04/code.py,10350,e2ba1c31c059a490d84773f15a3f77667eb7d584b09e0bbd7b081cad6413f3d2
evidence/V100_P3_MINI_I05_R04/code_requirements_final.json,2289,d044b94ba30611c47454c0f8cbea99f3007e618befecb3aa423f9ad3ca51df50
evidence/V100_P3_MINI_I05_R04/code_requirements_prototype.json,781,51df89ec9c6d1409363f9ac3a94fbd6b7e76a6c1aa879de7aa615b9d241d207c
evidence/V100_P3_MINI_I05_R04/config.source.toml,386,43ad328d9e971575946598bc6c906a320d878b57103e5825b7bc1b351074558f
evidence/V100_P3_MINI_I05_R04/config.toml,416,ba6933276964135399130960fab25af049607a95a1dc9a6896e857a801b83565
evidence/V100_P3_MINI_I05_R04/costs_log.csv,13438,de3e87d4a7092b62d81f8c9c2e212fd494abaea732f9b57caae33acf3fbbd401
evidence/V100_P3_MINI_I05_R04/entered_prompt.txt,8121,58a89d576dbcf4958b231024c16fc02b706ddf74985bf968a054006b3b063354
evidence/V100_P3_MINI_I05_R04/results_long.csv,2551,5b189e6fb63439ebc227b9dba1cab47019cfe5537a2dd72cbdae248b8eb2286b
evidence/V100_P3_MINI_I05_R04/summary.md,2708,fcffb0914748ab8508a28395edf9611d4ce3ab09e6772be1fb8724889b44a5ac
evidence/V100_P3_MINI_I05_R04/V100_P3_MINI_I05_R04.console.log,1507146,ff8fda570ccc251ccbda4c6698cd458892f2187fa78e301d6f89128d438a3456
evidence/V100_P3_MINI_I05_R04/validation_report.json,38,2e5bb3125eae4ca0176e69d397c99daffb900d0bbecb7849c0a1d7331554306c
evidence/V100_P3_MINI_I05_R05/code.py,10434,c304acb4f277054119093ee75684c38ff39a891d671368a38dd020dfce460dee
evidence/V100_P3_MINI_I05_R05/code_requirements_final.json,3151,d87eb91c7ca7a756fc720ff917dcf6ce5dca1b97adaef0333e430603f605b98d
evidence/V100_P3_MINI_I05_R05/code_requirements_prototype.json,1111,a3f63fb78ee23bc456bd36eba156e68ed4ec107e12a707ac0abe9eeffb03edf8
evidence/V100_P3_MINI_I05_R05/config.source.toml,386,43ad328d9e971575946598bc6c906a320d878b57103e5825b7bc1b351074558f
evidence/V100_P3_MINI_I05_R05/config.toml,416,756fdef5a47302b3240c47a08ef7f619d7c37956f9f42fa346201bc86890fb0e
evidence/V100_P3_MINI_I05_R05/costs_log.csv,17061,a8f676a68bed8a2ce0baba7ed9b1004951d8e0b4203e0d7fe1bf135fabe599cc
evidence/V100_P3_MINI_I05_R05/entered_prompt.txt,8121,58a89d576dbcf4958b231024c16fc02b706ddf74985bf968a054006b3b063354
evidence/V100_P3_MINI_I05_R05/summary.md,3551,29cf50c6c1abe177a7798b1d0c941e2220fa948e93065be433421334f99ea7ec
evidence/V100_P3_MINI_I05_R05/V100_P3_MINI_I05_R05.console.log,1657460,ceca5f49422705e92283b78d5fcf7ca448471e96f2a21bd49874fe916233da3c
positive_control/findings_positive_control.md,13958,5d65fe0c0867f896a497fa9105903e5b1be789984a19fe7386e42ee0dfebb926
positive_control/findings_preregistered.md,8337,f9e29fcbd4c51804f38e0ed258f928bb7577cbcbcafd38ca6a2d895b05da0c32
positive_control/freeze_positive_control.json,16089,44d58a21ffe3b328f7858ae2afa260c089b7e9be4a6af3a7d4dfb3ecced2647f
positive_control/freeze_preregistered.json,225504,be94b89db209bcd2327a46755f58d85b4b1fd598c31438ee946b16770fb05561
positive_control/out/environment.json,7183,79b424608ff142cb3ab01c511d34c7a0998fb8fa13c478653cd687f82cfde0a8
positive_control/out/metrics.csv,34275,0630ac5494847febbca22b9e0a33483d8ec2d5e618b08d7aa0cc512b77840a98
positive_control/out/preprocessing_counts.csv,1854,388dd8176179b0822666ede72d39bb30ad39fa604fb580ffa1109c7b2dbf375e
positive_control/out/resources.csv,4689,eafcdfbc3d80eee290c7361d297df85fc30da30d2d0d8b74011ee5bf8b5f1fc0
positive_control/out/split_counts.csv,1229,48d75770e4fa4d6bebab797e2ad9a81fa320d7d34831b6ac4df04fc4572d749a
positive_control/out/tier_a/tier_a_metrics.csv,2083,037af9a95be4e995271bee517c5e96350f5556a50890091a32cefb2846e1c522
positive_control/out/tier_a/tier_a_results.json,7896,9142afa0d205c03ed32c5d3b5d7bf9490a660900abaa19cce347e4f3167feb3e
positive_control/out/validation_report.json,9416,d28d0732beb750cc088aec7c7c92f102c565336f9f73572b79763e2ffa4f1110
positive_control/out/validation_report.md,5416,8e67e0af2c59066099a4174aef76f1aca81b14e0b2e0a1c371eed7433de7f2e2
positive_control/pc_common.py,17225,fcc2bcd85213e82aa5f5156603c34b5431ea4c40810b5cbb32f02a5b76b372dc
positive_control/pc_tier_a.py,9676,cd850bde5b881fe8cff67758bc41707c446e054f3008a1540f37c763873e68c9
positive_control/pc_tier_b.py,11137,d745b174f7066e9182d42d3e30d2c601fceefecdaabf06dde83fcdca1491b1e9
positive_control/pc_validate.py,19072,4abba9ca67115db7b61a08e94a0bcb1316fc175c035c69d3df9ad69be21f49b5
positive_control/protocol_preregistered.md,3211,61c3a0b9a5fe42b1acec609e8ce90e600cdb348a4c79817257021446a24d6bed
positive_control/README.md,4659,a516b79344a70f80e21703053e579e7f0fe111201cec51816ffa90fedb4a6b11
README.md,1416,2d7b6f890b18fcb71a1d5c173dd42f94bbff411c87bf7d9fd5cc53224635e990
reproducibility/generate_figures.py,22713,5474f3b2bcf987ce471b06dda56e4bb8373dbf81092b59bba01ad793c0e97837
reproducibility/generate_individual_figures.py,21271,1378103be85157733923c1ba5bca8f4d82b9c1c0d0cec5fc7771b43cbb113428
reproducibility/README.md,685,6e5cd0dff0a74960cced58456877229c70cb29c839907beba79cb1f59cf2742d
reproducibility/requirements-figures.txt,46,7db8ee89b196ec6f1d57d4e8a773fd9ee2fad410bf522890a434d4e36e92e7a8
study_context/data_checksums.csv,480,2b0793a0c28b2cd12f37f7e093c8db6457219005eb2caa5569c9ea2824f2153e
study_context/prompts/P0_original.txt,946,dc790c0f84813ae9f582a14783c06db3ee59faaa98d800c6bf831f5ad0d041ab
study_context/prompts/P1_simplified.txt,437,6edc6d3ea582b4064275813302d2a2d0f2728f5678dfacf25d976c8d75b5b963
study_context/prompts/P2_compatible_detailed.txt,2149,967d4987dc088da3ac48a5fcd6a371286676f062c6834acbe7a6ee6fbdf3625c
study_context/prompts/P3_contract_validated.txt,8043,dcc6b591ee46af9dee26c3f9d0e120255e7868a70643c6d69d518a1e65fb6777
study_context/SOURCES.md,687,a02ada159f2db06b90e1858f58df2466d0ee6b771544e1ddd888977765c67ef2
