condition,root,run,relative_path,name,extension,bytes,sha256,modified,readable,mentions_movielens,mentions_amazon,mentions_lastfm,mentions_als,mentions_itemknn,mentions_pop,mentions_ndcg,mentions_precision,mentions_download,mentions_synthetic,seed_expressions
P2/Mini,study_runs,V100_P2_MINI_I05_R01,study_runs/V100_P2_MINI_I05_R01/checkpoint/0b040fb6a3464b07bd0c5471b3c9be53/code.py,code.py,.py,2649,6db4a187514b6dd8760077a74ca49b624d257b6c4f414eb426e34f7c862548f7,2026-07-24T07:22:15,True,True,False,False,True,False,False,True,True,False,True,7
P2/Mini,study_runs,V100_P2_MINI_I05_R01,study_runs/V100_P2_MINI_I05_R01/checkpoint/7a0db98cffcf42d88dea038f01f33b57/code.py,code.py,.py,8023,ee71eb81dbbf99d7775843d293b723cc43bb27c51b0cd91e3c3bc8d9a24e142c,2026-07-24T07:34:43,True,True,False,False,True,False,False,True,False,False,False,"7, 13, 29, 42, 87 || {seed}: {exc}') || {seed}; total_result_rows={len(combined)}')"
P2/Mini,study_runs,V100_P2_MINI_I05_R01,study_runs/V100_P2_MINI_I05_R01/checkpoint/971107bfa8ab4a869f5f22a4e8daf389/code.py,code.py,.py,6393,ebd60c7c36554b13026d4e1006a937e2964e6aa1c58656c0bd75dfdbb0fc57e2,2026-07-24T07:20:58,True,True,False,False,True,False,False,True,False,False,False,42 || {s}: {e}') || {s}; rows={len(merged)}')
P2/Mini,study_runs,V100_P2_MINI_I05_R01,study_runs/V100_P2_MINI_I05_R01/checkpoint/a1bcca8153734209b941df4b0639e5e4/code.py,code.py,.py,11406,d713171c27d8b9be63503eb0ad2b2fc6b46c787df2cb2137f1371344294a8d22,2026-07-24T07:42:57,True,True,False,False,True,False,False,True,True,False,False,"7, 13, 29, 42, 87"
P2/Mini,study_runs,V100_P2_MINI_I05_R01,study_runs/V100_P2_MINI_I05_R01/checkpoint/a1bcca8153734209b941df4b0639e5e4_iteration1/code.py,code.py,.py,11220,79cfaf87aafa938e301883d85c58263f13b6fd10a45d1379458b9317784627cb,2026-07-24T07:47:37,True,True,True,True,True,True,True,True,True,False,False,"7, 13, 29, 42, 87"
P2/Mini,study_runs,V100_P2_MINI_I05_R01,study_runs/V100_P2_MINI_I05_R01/checkpoint/a1bcca8153734209b941df4b0639e5e4_iteration2/code.py,code.py,.py,12422,c019452e9483963cb23b41ab93bdc77d3fb4a34841a3dd45d6b602671c23fbb0,2026-07-24T07:47:37,True,True,True,True,True,True,True,True,True,False,False,"7, 13, 29, 42, 87"
P2/Mini,study_runs,V100_P2_MINI_I05_R01,study_runs/V100_P2_MINI_I05_R01/checkpoint/a1bcca8153734209b941df4b0639e5e4_seed/code.py,code.py,.py,11406,d713171c27d8b9be63503eb0ad2b2fc6b46c787df2cb2137f1371344294a8d22,2026-07-24T07:45:21,True,True,False,False,True,False,False,True,True,False,False,"7, 13, 29, 42, 87"
P2/Mini,study_runs,V100_P2_MINI_I05_R01,study_runs/V100_P2_MINI_I05_R01/checkpoint/c05e2c38ece84872a03809ae1bdf2135/code.py,code.py,.py,3338,d7f370e49912a4e3a4a3e03fcd2d0e82a1933fcbb7bd9d307d7d9072f47cbe0d,2026-07-24T07:24:23,True,True,False,False,True,False,False,True,True,False,False,7
P2/Mini,study_runs,V100_P2_MINI_I05_R01,study_runs/V100_P2_MINI_I05_R01/checkpoint/e785dd986fa94144ba6e5122df1bb2c9/code.py,code.py,.py,3498,7f4d36b082b5c804ecbeaa111289900de56fd109cfc7b371af2704957804efd3,2026-07-24T07:23:23,True,True,False,False,True,False,False,True,True,False,True,7
P2/Mini,study_runs,V100_P2_MINI_I05_R01,study_runs/V100_P2_MINI_I05_R01/checkpoint/f4c83afb3a7f4cafae2f26aea4662886/code.py,code.py,.py,8427,d44067fcb5fd87b537018477a1a00a36b51e362a9ed544e993f3f4e64f71eb0c,2026-07-24T07:25:31,True,True,False,False,True,False,False,True,True,False,False,"7 || seed, shuffle=True)"
P2/Mini,study_runs,V100_P2_MINI_I05_R02,study_runs/V100_P2_MINI_I05_R02/checkpoint/25501a6e1c4f4ddaae10303962299a23/code.py,code.py,.py,7463,a5f88bc6c3446d042372bc4e753b031f1b6ccab3e977fdb299a32503ef1d986a,2026-07-24T07:25:52,True,True,False,False,True,False,False,True,True,False,False,"7, 13, 29, 42, 87"
P2/Mini,study_runs,V100_P2_MINI_I05_R02,study_runs/V100_P2_MINI_I05_R02/checkpoint/39d1d8b535e34bf79b99eaa203fc9588/code.py,code.py,.py,9114,79ac2ff8a5c4ece39fed58d23ad6b64dc2e3de07834b097deff0b1890330e1a1,2026-07-24T07:30:07,True,True,False,False,True,False,False,True,True,False,False,7
P2/Mini,study_runs,V100_P2_MINI_I05_R02,study_runs/V100_P2_MINI_I05_R02/checkpoint/443c4e71b2bf42d6908fa425d51e3fd6/code.py,code.py,.py,5021,e1c4dca519b8b3ec38211069d1777b8c78015038a931b389ca38d91f05ad7c7a,2026-07-24T07:35:07,True,True,False,False,True,False,False,True,True,False,False,7
P2/Mini,study_runs,V100_P2_MINI_I05_R02,study_runs/V100_P2_MINI_I05_R02/checkpoint/443c4e71b2bf42d6908fa425d51e3fd6_iteration1/code.py,code.py,.py,8718,fcebd3f01f04ca15bfc4ae14f43552437d148d3683538ff3b3bee2638d80c58e,2026-07-24T07:58:03,True,True,True,True,True,True,True,True,True,False,False,"7, 13, 29, 42, 87"
P2/Mini,study_runs,V100_P2_MINI_I05_R02,study_runs/V100_P2_MINI_I05_R02/checkpoint/443c4e71b2bf42d6908fa425d51e3fd6_iteration2/code.py,code.py,.py,8063,27f82823aa4112da5650e96c888af9f0c1f2659f4e8d74c02c0022b1e07efe47,2026-07-24T07:58:03,True,True,False,False,True,True,True,True,True,False,False,"7, 13, 29, 42, 87"
P2/Mini,study_runs,V100_P2_MINI_I05_R02,study_runs/V100_P2_MINI_I05_R02/checkpoint/443c4e71b2bf42d6908fa425d51e3fd6_seed/code.py,code.py,.py,5021,e1c4dca519b8b3ec38211069d1777b8c78015038a931b389ca38d91f05ad7c7a,2026-07-24T07:37:33,True,True,False,False,True,False,False,True,True,False,False,7
P2/Mini,study_runs,V100_P2_MINI_I05_R02,study_runs/V100_P2_MINI_I05_R02/checkpoint/c7024b9c89d04bd0b0d34dfd238b9f65/code.py,code.py,.py,7447,43c816b6fa4325f0a160e7d5c5c7bebe0610d7617f4ffe4a6555a94025a42d2e,2026-07-24T07:28:51,True,True,False,False,True,False,False,True,True,False,False,7
P2/Mini,study_runs,V100_P2_MINI_I05_R02,study_runs/V100_P2_MINI_I05_R02/checkpoint/d396f5f998024b939d73657e08e8ab1f/code.py,code.py,.py,2897,10b07f5b0ea5afda1b9b9e41085902ca3dd460a224849204522b893fd2490c56,2026-07-24T07:24:25,True,True,False,False,True,False,False,True,False,False,False,"7, 13, 29, 42, 87 || seeds[0"
P2/Mini,study_runs,V100_P2_MINI_I05_R02,study_runs/V100_P2_MINI_I05_R02/checkpoint/d939a3795799414faaf5cb48d9966b18/code.py,code.py,.py,4613,99fe24d0b10f3aa4ec3f540768ebabcb51cd1e3ac1a59dc3d3c62e14b33df781,2026-07-24T07:32:29,True,True,False,False,True,False,False,True,True,False,False,"7 || r.get('seed', r.get('random_state', np.nan))"
P2/Mini,study_runs,V100_P2_MINI_I05_R02,study_runs/V100_P2_MINI_I05_R02/checkpoint/db4fa85f70d2426992901e276f1edb01/code.py,code.py,.py,4832,b77e51968aa99a31bbdeaf5ab03194b5c29983d388be56dbd01c8ba5156ab04b,2026-07-24T07:27:44,True,True,False,False,True,False,False,True,False,True,False,7
P2/Mini,study_runs,V100_P2_MINI_I05_R03,study_runs/V100_P2_MINI_I05_R03/checkpoint/0f65d6e0ff044a9a8a56233fb5c61cf7/code.py,code.py,.py,4051,af48aa6d8d547391fe3caf5512a9d700f1f31551d43c49c682ef790fa57968ba,2026-07-24T07:59:22,True,True,False,False,False,True,False,True,False,False,False,7
P2/Mini,study_runs,V100_P2_MINI_I05_R03,study_runs/V100_P2_MINI_I05_R03/checkpoint/118dc76560b3433fbe65bd463c78c82a/code.py,code.py,.py,6463,abb0c98e4299cd733993b739b65772aea18a916b630d6b0af6f40c44fdda0457,2026-07-24T08:05:03,True,True,False,False,True,False,False,True,True,True,False,"7, 13, 29, 42, 87"
P2/Mini,study_runs,V100_P2_MINI_I05_R03,study_runs/V100_P2_MINI_I05_R03/checkpoint/4e8de63c19d24f489ce960292edccdf4/code.py,code.py,.py,7272,62e162253b74d65a2eef0e97f66cd92d0a22ae91ce0eea2a5eacb1f8a823359b,2026-07-24T08:06:21,True,True,False,False,True,False,False,True,True,False,False,"7, 13, 29, 42, 87"
P2/Mini,study_runs,V100_P2_MINI_I05_R03,study_runs/V100_P2_MINI_I05_R03/checkpoint/bb6016818975478f843b11195c1d1b9b/code.py,code.py,.py,4090,971a59655c437ca995bbd3e59c4edd53728ebb7735241ef30a47af889aaa3733,2026-07-24T08:01:00,True,True,False,False,True,False,False,True,True,False,True,42 || get_random_state()).index
P2/Mini,study_runs,V100_P2_MINI_I05_R03,study_runs/V100_P2_MINI_I05_R03/checkpoint/bb6016818975478f843b11195c1d1b9b_iteration1/code.py,code.py,.py,11782,2eb9c7a892c8beab123bb31db9f27ac1448c3f62d78d1db24d1afe7f7344a72c,2026-07-24T08:15:45,True,True,True,True,True,True,True,True,True,False,False,"7, 13, 29, 42, 87 || rng.randint(0, 2**31 - 1)).index"
P2/Mini,study_runs,V100_P2_MINI_I05_R03,study_runs/V100_P2_MINI_I05_R03/checkpoint/bb6016818975478f843b11195c1d1b9b_iteration2/code.py,code.py,.py,12646,ce4e5c8cac6b30d2d70363e6f29b3c88ad9699e2b4d8c07fae7da93173612703,2026-07-24T08:15:45,True,True,True,True,True,True,True,True,True,False,False,"7, 13, 29, 42, 87"
P2/Mini,study_runs,V100_P2_MINI_I05_R03,study_runs/V100_P2_MINI_I05_R03/checkpoint/bb6016818975478f843b11195c1d1b9b_seed/code.py,code.py,.py,4090,971a59655c437ca995bbd3e59c4edd53728ebb7735241ef30a47af889aaa3733,2026-07-24T08:12:27,True,True,False,False,True,False,False,True,True,False,True,42 || get_random_state()).index
P2/Mini,study_runs,V100_P2_MINI_I05_R03,study_runs/V100_P2_MINI_I05_R03/checkpoint/bfa7663983404f24937493600c50592b/code.py,code.py,.py,5162,117eb3136215b1ee66270bdc1b79d15d29c0b80ab0d50cddd612059788076d92,2026-07-24T08:10:03,True,True,False,False,True,False,False,True,True,False,False,42
P2/Mini,study_runs,V100_P2_MINI_I05_R03,study_runs/V100_P2_MINI_I05_R03/checkpoint/d120825e03b64063ac861973b9446c62/code.py,code.py,.py,3321,3fe773d7fb3b168c91a4184b570600eb9e720768cd54b24093be6a3fa81fddef,2026-07-24T07:56:44,True,True,False,False,True,False,False,True,False,False,True,42
P2/Mini,study_runs,V100_P2_MINI_I05_R03,study_runs/V100_P2_MINI_I05_R03/checkpoint/e0c1a41b238744329dd034fc54984f44/code.py,code.py,.py,7643,26337bc3ba0817233e146e48e55aadb0c53d8644c4f5e37349d0ea5c84fbb5d4,2026-07-24T08:02:54,True,True,False,False,True,False,False,True,True,False,False,7
P2/Mini,study_runs,V100_P2_MINI_I05_R04,study_runs/V100_P2_MINI_I05_R04/checkpoint/047f8fbab57744baa1ff88133be15718/code.py,code.py,.py,6196,a3485c4aead42e937ef23a46f3484c859e27d10d9bd340b484489bb8a5b632f6,2026-07-24T08:12:21,True,True,False,False,True,False,False,True,True,False,False,7
P2/Mini,study_runs,V100_P2_MINI_I05_R04,study_runs/V100_P2_MINI_I05_R04/checkpoint/0a3dd6188e4845cf99ed89465036aa3d/code.py,code.py,.py,7273,d5fc4b66f27f83a0d149929bbd25463b4dcf4a1c25d54725163b12c5e90278e8,2026-07-24T08:10:06,True,True,False,False,True,False,False,True,True,True,False,"7, 13, 29, 42, 87"
P2/Mini,study_runs,V100_P2_MINI_I05_R04,study_runs/V100_P2_MINI_I05_R04/checkpoint/2dc65852f2f2454f9b7b0eda7918f932/code.py,code.py,.py,5978,aec2f5e66949f3aefd61a94a1eeab1bec30db771dc003947e489f07720a2106e,2026-07-24T08:15:53,True,True,False,False,True,True,False,True,True,False,False,
P2/Mini,study_runs,V100_P2_MINI_I05_R04,study_runs/V100_P2_MINI_I05_R04/checkpoint/36f6519c404c434d8abcf236b5052955/code.py,code.py,.py,8440,88e503a9d9b4524c1775241c29c07d64cf3bb1bbf3b17756d8a7ff3a74df5afd,2026-07-24T08:06:11,True,True,False,False,True,False,False,True,True,True,False,"7, 13, 29, 42, 87"
P2/Mini,study_runs,V100_P2_MINI_I05_R04,study_runs/V100_P2_MINI_I05_R04/checkpoint/a7da6e331d104fd5a77a095434658fdf/code.py,code.py,.py,5471,d2147b2c9693771f071f2c8de73fcbf34b2bbc448eb4bec41d05835c40baea04,2026-07-24T08:08:00,True,True,False,False,False,True,False,True,True,False,True,get_random_state()
P2/Mini,study_runs,V100_P2_MINI_I05_R04,study_runs/V100_P2_MINI_I05_R04/checkpoint/a7da6e331d104fd5a77a095434658fdf_iteration1/code.py,code.py,.py,5471,361b8485b0344a6ff4b524d0f8406c3077b06e7c825a002f1eb15d65e5e286be,2026-07-24T08:21:26,True,True,False,False,False,True,False,True,True,False,True,get_random_state()
P2/Mini,study_runs,V100_P2_MINI_I05_R04,study_runs/V100_P2_MINI_I05_R04/checkpoint/a7da6e331d104fd5a77a095434658fdf_iteration2/code.py,code.py,.py,12496,e35508979673ddd64025c86aaa6bdcc955b4f0a756f31aac33f4354589de5801,2026-07-24T08:21:26,True,True,True,True,True,True,True,True,True,False,False,"7, 13, 29, 42, 87"
P2/Mini,study_runs,V100_P2_MINI_I05_R04,study_runs/V100_P2_MINI_I05_R04/checkpoint/a7da6e331d104fd5a77a095434658fdf_seed/code.py,code.py,.py,5471,d2147b2c9693771f071f2c8de73fcbf34b2bbc448eb4bec41d05835c40baea04,2026-07-24T08:17:53,True,True,False,False,False,True,False,True,True,False,True,get_random_state()
P2/Mini,study_runs,V100_P2_MINI_I05_R04,study_runs/V100_P2_MINI_I05_R04/checkpoint/ee6a34d0626740f2b6338c6760267948/code.py,code.py,.py,7044,8fac1b9a72057acc5dc61543c006679715e4fb94dd68ab9568e9f2279ab60a20,2026-07-24T08:14:27,True,True,False,False,True,False,False,True,True,False,False,7
P2/Mini,study_runs,V100_P2_MINI_I05_R04,study_runs/V100_P2_MINI_I05_R04/checkpoint/f09518c6d4d245dfb82bdffc09481f14/code.py,code.py,.py,7260,486ba4d84913382849d3679f3754e43e3580a55934d9a2a07467c5bcb309381c,2026-07-24T08:13:27,True,True,False,False,True,False,False,True,True,False,False,"7, 13, 29, 42, 87"
P2/Mini,study_runs,V100_P2_MINI_I05_R05,study_runs/V100_P2_MINI_I05_R05/checkpoint/09b4df441f8a4a998eea79cad8119b17/code.py,code.py,.py,8503,b354e4f102bcab64ee34d2e0c05efebe97d0eb8de8e4e0403f7796bb5d6585ee,2026-07-24T08:24:20,True,True,False,False,True,False,False,True,True,False,False,
P2/Mini,study_runs,V100_P2_MINI_I05_R05,study_runs/V100_P2_MINI_I05_R05/checkpoint/0d5a84f5d3e14c7db160485eecee20b2/code.py,code.py,.py,7972,be90153658e9cf0950092c256208e210c953cc5d73526c1247215ba3657ee5fd,2026-07-24T08:32:25,True,True,False,False,True,False,False,True,True,False,False,"7, 13, 29, 42, 87 || seed, test_size=0.2)"
P2/Mini,study_runs,V100_P2_MINI_I05_R05,study_runs/V100_P2_MINI_I05_R05/checkpoint/121428c6e9264a5195dd3e538a040af7/code.py,code.py,.py,6987,aaa501421f1e07624e4fe25f4bc277244367cfec996c56a135f6eff81f3ca8f7,2026-07-24T08:22:38,True,True,False,False,True,False,False,True,True,False,False,"7, 13, 29, 42, 87 || df2.sample(frac=1.0, random_state=seed).reset_index(drop=True)"
P2/Mini,study_runs,V100_P2_MINI_I05_R05,study_runs/V100_P2_MINI_I05_R05/checkpoint/375288133cb849ebbb3e54b425ffa60c/code.py,code.py,.py,2715,f42132cb7d97af547ee579786aa9206e5c176903498642b96b136df868d12afe,2026-07-24T08:21:05,True,True,False,False,True,False,False,True,False,False,False,7
P2/Mini,study_runs,V100_P2_MINI_I05_R05,study_runs/V100_P2_MINI_I05_R05/checkpoint/74bebc6ed868425286f2bcbe9c125f42/code.py,code.py,.py,4065,e8ef111a29c580ab3b12ca8325e7b2575ca8485f5d0fc3883192c279d3ac00ee,2026-07-24T08:26:04,True,True,False,False,True,False,False,True,True,False,False,7
P2/Mini,study_runs,V100_P2_MINI_I05_R05,study_runs/V100_P2_MINI_I05_R05/checkpoint/a4dbeb50c1954401bea2251891257245/code.py,code.py,.py,6991,cd7482e12cad0ca5ce16c97bb8fb88062018b6273bdfa80cc4588b55e2104bb7,2026-07-24T08:30:59,True,True,False,False,True,False,False,True,True,False,False,"7, 13, 29, 42, 87"
P2/Mini,study_runs,V100_P2_MINI_I05_R05,study_runs/V100_P2_MINI_I05_R05/checkpoint/a4dbeb50c1954401bea2251891257245_iteration1/code.py,code.py,.py,13768,8ba54ede4f750fedd9b9f2762acc06414070070518ef47738a383779c21ed45d,2026-07-24T08:36:54,True,True,True,True,True,True,True,True,True,False,True,"7, 13, 29, 42, 87"
P2/Mini,study_runs,V100_P2_MINI_I05_R05,study_runs/V100_P2_MINI_I05_R05/checkpoint/a4dbeb50c1954401bea2251891257245_iteration2/code.py,code.py,.py,14622,c97f746268d7b88ec075c99236524916d187ca77d2279463402f47bffce702ea,2026-07-24T08:36:54,True,True,True,True,True,True,True,True,True,False,False,"7, 13, 29, 42, 87"
P2/Mini,study_runs,V100_P2_MINI_I05_R05,study_runs/V100_P2_MINI_I05_R05/checkpoint/a4dbeb50c1954401bea2251891257245_seed/code.py,code.py,.py,6991,cd7482e12cad0ca5ce16c97bb8fb88062018b6273bdfa80cc4588b55e2104bb7,2026-07-24T08:34:34,True,True,False,False,True,False,False,True,True,False,False,"7, 13, 29, 42, 87"
P2/Mini,study_runs,V100_P2_MINI_I05_R05,study_runs/V100_P2_MINI_I05_R05/checkpoint/d23d365cdb604cbd809974ea52aa5fab/code.py,code.py,.py,8599,e69e35004f791b4e4d1b2bede31c1dcfda742f6d84131a9c6f0090a99a490a94,2026-07-24T08:29:01,True,True,False,False,False,False,True,True,True,False,False,"seed).reset_index(drop=True) || {seed}, metric={metric_name}')"
P3/Mini,study_runs,V100_P3_MINI_I05_R01,study_runs/V100_P3_MINI_I05_R01/checkpoint/075eaf260afc4aa5a28a4dc85320799b/code.py,code.py,.py,8233,9987809c3fd29ea0b42976685bcaa2ac964ed65d010edd0ca170d9dbcc1be3d9,2026-07-24T08:55:12,True,True,True,True,True,False,False,True,True,False,False,"7, 13, 29, 42, 87"
P3/Mini,study_runs,V100_P3_MINI_I05_R01,study_runs/V100_P3_MINI_I05_R01/checkpoint/075eaf260afc4aa5a28a4dc85320799b_iteration1/code.py,code.py,.py,13549,96fe48b3209672d426a16679aee8ba51e64903df89ab7c776d811f6a6eda8335,2026-07-24T08:59:32,True,True,True,True,True,True,True,True,True,False,False,"7, 13, 29, 42, 87"
P3/Mini,study_runs,V100_P3_MINI_I05_R01,study_runs/V100_P3_MINI_I05_R01/checkpoint/075eaf260afc4aa5a28a4dc85320799b_iteration2/code.py,code.py,.py,13822,9496d94d5cb75c53f72a9cd3ed1ca5dcb2a213b55d778360957caf04937da003,2026-07-24T08:59:32,True,True,True,True,True,True,True,True,True,False,False,"7, 13, 29, 42, 87"
P3/Mini,study_runs,V100_P3_MINI_I05_R01,study_runs/V100_P3_MINI_I05_R01/checkpoint/075eaf260afc4aa5a28a4dc85320799b_seed/code.py,code.py,.py,8233,9987809c3fd29ea0b42976685bcaa2ac964ed65d010edd0ca170d9dbcc1be3d9,2026-07-24T08:58:15,True,True,True,True,True,False,False,True,True,False,False,"7, 13, 29, 42, 87"
P3/Mini,study_runs,V100_P3_MINI_I05_R01,study_runs/V100_P3_MINI_I05_R01/checkpoint/3f5825ae247f41abb4b522a295104195/code.py,code.py,.py,795,9f9e0ece9a28521f8f3ff13bb2dc7642efde68d7e3ee0dd6b430e0c934a3c210,2026-07-24T08:47:45,True,True,False,False,False,False,False,True,True,False,True,
P3/Mini,study_runs,V100_P3_MINI_I05_R01,study_runs/V100_P3_MINI_I05_R01/checkpoint/42ace93605da4f7d8c3adf16376b2dfa/code.py,code.py,.py,9943,ac7a7c703ae2fa434dafbff14d35d26dadb136231c725c74b0d8f49be5dfb953,2026-07-24T08:50:34,True,True,False,False,True,False,False,True,True,False,False,"7, 13, 29, 42, 87"
P3/Mini,study_runs,V100_P3_MINI_I05_R01,study_runs/V100_P3_MINI_I05_R01/checkpoint/43662f80a69c46d0b69f89e73358505b/code.py,code.py,.py,3836,843aa254c46d0f05fed39e996c7f1585306291dddedfed3d3318e744da1a582a,2026-07-24T08:51:50,True,True,False,False,False,False,True,True,False,False,False,
P3/Mini,study_runs,V100_P3_MINI_I05_R01,study_runs/V100_P3_MINI_I05_R01/checkpoint/728d2c10356b4ff4a3fe013781d33952/code.py,code.py,.py,8679,948e46988a996a9e7e03d88fdac88e2c8e115a853fd76577035351e029dcda10,2026-07-24T08:49:18,True,True,False,False,True,False,False,True,True,False,False,"7, 13, 29, 42, 87"
P3/Mini,study_runs,V100_P3_MINI_I05_R01,study_runs/V100_P3_MINI_I05_R01/checkpoint/753146c71abd4ca3a07c9008e40d631d/code.py,code.py,.py,2726,75644fffe3a44578116894c92ac52b789c06a044e55563a2ab80e412c5949afb,2026-07-24T08:46:15,True,True,False,False,True,False,False,True,True,False,False,
P3/Mini,study_runs,V100_P3_MINI_I05_R01,study_runs/V100_P3_MINI_I05_R01/checkpoint/c8f15c02f3b543f8979f42791a278dff/code.py,code.py,.py,3492,07f8234dca2acc284e2ca2653f32d2ceb59ae4b71b40dfd1a4af63f0570f0986,2026-07-24T08:53:36,True,True,True,True,True,False,False,True,False,False,False,7
P3/Mini,study_runs,V100_P3_MINI_I05_R02,study_runs/V100_P3_MINI_I05_R02/checkpoint/1a43d0f3777b4a938ec9d573e7e6aa87/code.py,code.py,.py,10138,4fe7a092b9ba446b2de2040a680ba3e05bdf94f699f0e6183181ab8fcaf5e8e8,2026-07-24T08:54:25,True,True,False,False,False,True,False,True,True,False,False,"7, 13, 29, 42, 87"
P3/Mini,study_runs,V100_P3_MINI_I05_R02,study_runs/V100_P3_MINI_I05_R02/checkpoint/21d81ee94fc0419f9687e959c418ccc7/code.py,code.py,.py,513,e07ac418fd56cd58bd3f64a8779c58681f6f71ebb0ea3919e32626add2f59a0f,2026-07-24T08:49:44,True,True,False,False,False,False,False,True,True,False,False,
P3/Mini,study_runs,V100_P3_MINI_I05_R02,study_runs/V100_P3_MINI_I05_R02/checkpoint/21d81ee94fc0419f9687e959c418ccc7_iteration1/code.py,code.py,.py,616,b1ae87123aece1a424090340e52f5d9b4538604ea15ffb5794962991b2e3b985,2026-07-24T09:02:26,True,False,False,False,False,False,False,False,False,False,True,
P3/Mini,study_runs,V100_P3_MINI_I05_R02,study_runs/V100_P3_MINI_I05_R02/checkpoint/21d81ee94fc0419f9687e959c418ccc7_iteration2/code.py,code.py,.py,11098,a420e3ea027cd178c92469a47d43bd5115a8efd94ac78f9e54dbae6422aed5d1,2026-07-24T09:02:26,True,True,True,True,True,True,True,True,True,False,False,"7, 13, 29, 42, 87"
P3/Mini,study_runs,V100_P3_MINI_I05_R02,study_runs/V100_P3_MINI_I05_R02/checkpoint/21d81ee94fc0419f9687e959c418ccc7_seed/code.py,code.py,.py,513,e07ac418fd56cd58bd3f64a8779c58681f6f71ebb0ea3919e32626add2f59a0f,2026-07-24T09:00:20,True,True,False,False,False,False,False,True,True,False,False,
P3/Mini,study_runs,V100_P3_MINI_I05_R02,study_runs/V100_P3_MINI_I05_R02/checkpoint/229ce064c7d24b95889430c33dbe97f1/code.py,code.py,.py,9204,db21207e437d00469a5afe9e260ff67a3c9b3c07655f3bbef390c1cdb1795195,2026-07-24T08:51:05,True,True,False,False,False,True,False,True,True,False,True,
P3/Mini,study_runs,V100_P3_MINI_I05_R02,study_runs/V100_P3_MINI_I05_R02/checkpoint/450e9e5b2e494a0f9edb54fe0b07979f/code.py,code.py,.py,2110,c9c365ea65c9b24332cdb21fe385596637172561471836e07aa8de758d16b011,2026-07-24T08:48:01,True,True,False,False,False,True,False,True,False,False,False,7
P3/Mini,study_runs,V100_P3_MINI_I05_R02,study_runs/V100_P3_MINI_I05_R02/checkpoint/7f0cd90d8e31446f95f8651142f3ba78/code.py,code.py,.py,5958,16ff2cd45f08f804107c03be525e4499ea9816b46a7ae189ab3dd610e8a120b6,2026-07-24T08:53:25,True,True,False,False,False,True,False,True,False,False,True,7
P3/Mini,study_runs,V100_P3_MINI_I05_R02,study_runs/V100_P3_MINI_I05_R02/checkpoint/e105e94f20af4eae81c5d19b89302e96/code.py,code.py,.py,11365,d23a5a066a12b4108f2ca7d2e7de0c0373f1fee05e070977a9851f5c6f6b78cd,2026-07-24T08:59:12,True,True,False,False,False,True,False,True,True,False,True,"7, 13, 29, 42, 87 || seed_info['seed'"
P3/Mini,study_runs,V100_P3_MINI_I05_R02,study_runs/V100_P3_MINI_I05_R02/checkpoint/e5fc509feffe4a6ea4c89b328f48b339/code.py,code.py,.py,6373,9474e519b21ea40f8e86578131bf854c51035c4c914cbc015463cc238aa803b7,2026-07-24T08:56:17,True,True,False,False,False,True,False,True,False,False,True,7
P3/Mini,study_runs,V100_P3_MINI_I05_R03,study_runs/V100_P3_MINI_I05_R03/checkpoint/651fbb8978bc413c88ad1b4eaeffa66d/code.py,code.py,.py,2262,1dc57651d601a500ea8eac235cab391deb35b802f6ca860d614e73879baf7b7f,2026-07-24T09:10:49,True,True,False,False,False,False,True,True,False,False,True,7
P3/Mini,study_runs,V100_P3_MINI_I05_R03,study_runs/V100_P3_MINI_I05_R03/checkpoint/6653452947524b418572a1d3337b7e83/code.py,code.py,.py,8347,632481e33a2fb4d459a9d67321841315db94c6143c04d923eaf0f709fd0dc79f,2026-07-24T09:17:26,True,True,False,False,False,True,False,True,False,False,True,"7, 13, 29, 42, 87 || {seed}.')"
P3/Mini,study_runs,V100_P3_MINI_I05_R03,study_runs/V100_P3_MINI_I05_R03/checkpoint/73c574951e8e43cf8b7c4a0431d1a913/code.py,code.py,.py,472,d14ad1aa3b2a01f721a5229c6732b77c087661e141b1eb864928ad12bcbf1538,2026-07-24T09:09:02,True,False,False,False,False,False,False,False,False,False,True,
P3/Mini,study_runs,V100_P3_MINI_I05_R03,study_runs/V100_P3_MINI_I05_R03/checkpoint/8e6d696a8819472ab80054279b561c70/code.py,code.py,.py,8656,895fc20edcc219c515e3ce182a31d8430b4c56e784e416f1e63f96be0e06be11,2026-07-24T09:14:49,True,True,False,False,True,False,False,True,True,False,False,7
P3/Mini,study_runs,V100_P3_MINI_I05_R03,study_runs/V100_P3_MINI_I05_R03/checkpoint/9deb4fdf484e455888958bc45494ca3e/code.py,code.py,.py,10776,e2172542e20c800ae252e70a24b58ec16861d233fdeb6af3d10467c5cdb35641,2026-07-24T09:19:27,True,True,False,False,True,False,True,True,True,False,False,7
P3/Mini,study_runs,V100_P3_MINI_I05_R03,study_runs/V100_P3_MINI_I05_R03/checkpoint/a732ddb5255f4356abc71fe0a4bb14b8/code.py,code.py,.py,7106,c46a5cd472179a9fc655ae650a6851e05407d89840adfbf1f12333947a4f61ee,2026-07-24T09:20:48,True,True,False,False,False,True,False,True,True,False,True,7
P3/Mini,study_runs,V100_P3_MINI_I05_R03,study_runs/V100_P3_MINI_I05_R03/checkpoint/a732ddb5255f4356abc71fe0a4bb14b8_iteration1/code.py,code.py,.py,8495,149a25dcb9c62c2620dcc915edae6cca0329244e52ffdf425bd6e9262e605ac9,2026-07-24T09:24:33,True,True,True,True,True,True,True,True,True,False,True,"7, 13, 29, 42, 87"
P3/Mini,study_runs,V100_P3_MINI_I05_R03,study_runs/V100_P3_MINI_I05_R03/checkpoint/a732ddb5255f4356abc71fe0a4bb14b8_iteration2/code.py,code.py,.py,8176,dd2746b545ff78c78357fbf3ea3a73c4dd450736eb6bf67c7b2a75137d85d4e4,2026-07-24T09:24:33,True,True,True,True,True,True,True,True,True,False,True,"7, 13, 29, 42, 87"
P3/Mini,study_runs,V100_P3_MINI_I05_R03,study_runs/V100_P3_MINI_I05_R03/checkpoint/a732ddb5255f4356abc71fe0a4bb14b8_seed/code.py,code.py,.py,7106,c46a5cd472179a9fc655ae650a6851e05407d89840adfbf1f12333947a4f61ee,2026-07-24T09:22:47,True,True,False,False,False,True,False,True,True,False,True,7
P3/Mini,study_runs,V100_P3_MINI_I05_R03,study_runs/V100_P3_MINI_I05_R03/checkpoint/bec301fec1e94c25bda958dc1c61cd57/code.py,code.py,.py,9623,77d99406b177740aedae2cd184dcb678d30b31cbc3d00cf586605f6c2c320894,2026-07-24T09:12:52,True,True,False,False,False,True,True,True,True,False,True,"7, 13, 29, 42, 87"
P3/Mini,study_runs,V100_P3_MINI_I05_R04,study_runs/V100_P3_MINI_I05_R04/checkpoint/178e7bc835a14709b60d7d407a88c568/code.py,code.py,.py,989,47e68789256fe44567241e17e6fdf9c66ed2b84239fe6db26a8c35b8e6c5de09,2026-07-24T09:10:29,True,True,False,False,True,False,False,True,True,False,False,
P3/Mini,study_runs,V100_P3_MINI_I05_R04,study_runs/V100_P3_MINI_I05_R04/checkpoint/616618e2fb024188b5f926ea8eb4f527/code.py,code.py,.py,10060,d601644b6c5ab43f0649d794cea940359b912adffe9c11400bc00f83480fa95c,2026-07-24T09:14:40,True,True,False,False,False,False,True,True,True,False,False,"7, 13, 29, 42, 87"
P3/Mini,study_runs,V100_P3_MINI_I05_R04,study_runs/V100_P3_MINI_I05_R04/checkpoint/a8752555da954d139804e75770410067/code.py,code.py,.py,7556,ea70cafda864f5793c445a6c806fe39ff92a440bb1934f630cc134ae278d9213,2026-07-24T09:12:38,True,True,False,False,False,True,False,True,True,False,False,"7, 13, 29, 42, 87"
P3/Mini,study_runs,V100_P3_MINI_I05_R04,study_runs/V100_P3_MINI_I05_R04/checkpoint/b4a973ac4b0640f28276051e005da9dc/code.py,code.py,.py,2956,38f8386a6370e7ab6e2d5d216162901186836186cbf28b8de074e498359b42fe,2026-07-24T09:08:42,True,True,False,False,False,False,False,False,False,False,False,7
P3/Mini,study_runs,V100_P3_MINI_I05_R04,study_runs/V100_P3_MINI_I05_R04/checkpoint/b4a973ac4b0640f28276051e005da9dc_iteration1/code.py,code.py,.py,10217,ff44b9904a4f16c02d8746a9a5046619a77f50e54d765d42f85d9d45f50ff826,2026-07-24T09:23:48,True,True,True,True,True,True,True,True,True,False,False,"7, 13, 29, 42, 87"
P3/Mini,study_runs,V100_P3_MINI_I05_R04,study_runs/V100_P3_MINI_I05_R04/checkpoint/b4a973ac4b0640f28276051e005da9dc_iteration2/code.py,code.py,.py,10350,e2ba1c31c059a490d84773f15a3f77667eb7d584b09e0bbd7b081cad6413f3d2,2026-07-24T09:23:48,True,True,True,True,True,True,True,True,True,False,False,"7, 13, 29, 42, 87"
P3/Mini,study_runs,V100_P3_MINI_I05_R04,study_runs/V100_P3_MINI_I05_R04/checkpoint/b4a973ac4b0640f28276051e005da9dc_seed/code.py,code.py,.py,2956,38f8386a6370e7ab6e2d5d216162901186836186cbf28b8de074e498359b42fe,2026-07-24T09:21:32,True,True,False,False,False,False,False,False,False,False,False,7
P3/Mini,study_runs,V100_P3_MINI_I05_R04,study_runs/V100_P3_MINI_I05_R04/checkpoint/dfeff510813e4ab58be755a127fdc7f0/code.py,code.py,.py,8343,e5b3976dd74c024201824da4187ef28bda924220353b7b565fd60687f2325f25,2026-07-24T09:16:23,True,True,False,False,False,False,True,True,True,False,True,7
P3/Mini,study_runs,V100_P3_MINI_I05_R04,study_runs/V100_P3_MINI_I05_R04/checkpoint/e38fa544c2b3439e91503ea8cce05685/code.py,code.py,.py,8357,024d5eb1974cedf096bb8045a74bb5b78f2ba336f74640a781ddec7e05ad728e,2026-07-24T09:17:36,True,True,False,False,False,True,False,True,True,False,False,"7 || s)[0 || s)[1 || s, test_frac=0.2) || seed, test_frac=0.2)"
P3/Mini,study_runs,V100_P3_MINI_I05_R04,study_runs/V100_P3_MINI_I05_R04/checkpoint/fabd9936a15749c2b1423214aecc063e/code.py,code.py,.py,2167,cd23f44399d371a3374c584b55c54daa59273b2bda59bead07d5014f29a0f0b2,2026-07-24T09:19:24,True,True,False,False,True,False,False,True,False,False,False,7
P3/Mini,study_runs,V100_P3_MINI_I05_R05,study_runs/V100_P3_MINI_I05_R05/checkpoint/1abbdd18be6f4d04a996c09d20ecb5f1/code.py,code.py,.py,766,070b765bcfb07848f4567555a2aa7bf3b10b69cfa787eb15ea063ea061e5d123,2026-07-24T09:31:40,True,False,False,False,False,False,False,False,False,False,True,
P3/Mini,study_runs,V100_P3_MINI_I05_R05,study_runs/V100_P3_MINI_I05_R05/checkpoint/1fc86317478e49d48b082c4465f7a6db/code.py,code.py,.py,3811,d96eb7820f09784a7eed762e9c1e8a28146a6f5b775e60c1f517c0eb8bcbaca9,2026-07-24T09:39:04,True,True,False,False,True,False,False,True,True,False,False,7
P3/Mini,study_runs,V100_P3_MINI_I05_R05,study_runs/V100_P3_MINI_I05_R05/checkpoint/1fc86317478e49d48b082c4465f7a6db_iteration1/code.py,code.py,.py,10322,5f7ca338e612f99a57107257c3793f6bca8c4f8e5e20945a6f631e2574db50e4,2026-07-24T09:42:09,True,True,True,True,True,True,True,True,True,False,False,"7, 13, 29, 42, 87"
P3/Mini,study_runs,V100_P3_MINI_I05_R05,study_runs/V100_P3_MINI_I05_R05/checkpoint/1fc86317478e49d48b082c4465f7a6db_iteration2/code.py,code.py,.py,10434,c304acb4f277054119093ee75684c38ff39a891d671368a38dd020dfce460dee,2026-07-24T09:42:09,True,True,True,True,True,True,True,True,True,False,False,"7, 13, 29, 42, 87"
P3/Mini,study_runs,V100_P3_MINI_I05_R05,study_runs/V100_P3_MINI_I05_R05/checkpoint/1fc86317478e49d48b082c4465f7a6db_seed/code.py,code.py,.py,3811,d96eb7820f09784a7eed762e9c1e8a28146a6f5b775e60c1f517c0eb8bcbaca9,2026-07-24T09:40:45,True,True,False,False,True,False,False,True,True,False,False,7
P3/Mini,study_runs,V100_P3_MINI_I05_R05,study_runs/V100_P3_MINI_I05_R05/checkpoint/21c5990436754ea9924b1f6d4ba88220/code.py,code.py,.py,1319,8f28062b839c8f952060fcdfe1ed89146722053fe799850f309cab0e83d1c286,2026-07-24T09:29:38,True,False,False,False,False,False,False,False,False,False,False,
P3/Mini,study_runs,V100_P3_MINI_I05_R05,study_runs/V100_P3_MINI_I05_R05/checkpoint/222e3861e0cf4780b8cb2c5773309b0d/code.py,code.py,.py,7725,c984443bf5b0f9f5345d431162405ee9d3cdb18d7fd723e8bb760dd9497eadc0,2026-07-24T09:32:38,True,True,True,True,False,False,True,True,True,False,False,"7, 13, 29, 42, 87"
P3/Mini,study_runs,V100_P3_MINI_I05_R05,study_runs/V100_P3_MINI_I05_R05/checkpoint/77d1cf7691d940938ba63f8f3ab8e79c/code.py,code.py,.py,8861,32465a2795f63a0a8e6f3e367651a46bab9a0d3e56dc4b9629f64c9a45f23ef1,2026-07-24T09:36:10,True,True,False,False,False,False,True,True,True,False,True,"7, 13, 29, 42, 87"
P3/Mini,study_runs,V100_P3_MINI_I05_R05,study_runs/V100_P3_MINI_I05_R05/checkpoint/8b8fa2486199411299ea07d705d84302/code.py,code.py,.py,8187,c344794228b82b3cbb71328e5c81fdfc6638dcebab79c8bc4f4f5fd793c4e2c5,2026-07-24T09:37:45,True,True,False,False,True,False,False,True,True,False,False,"7, 13, 29, 42, 87"
P3/Mini,study_runs,V100_P3_MINI_I05_R05,study_runs/V100_P3_MINI_I05_R05/checkpoint/fde624adcab34ba3bb6a372ae5cd07f4/code.py,code.py,.py,821,9fd615d150c8617819ef9182639e4e117d8b3ffab90316369962ead3ccafbc32,2026-07-24T09:34:27,True,False,False,False,False,False,False,True,True,False,True,
