condition,root,run,relative_path,name,extension,bytes,sha256,modified,readable,rows,columns,parse_error
P2/Mini,study_runs,V100_P2_MINI_I05_R01,study_runs/V100_P2_MINI_I05_R01/costs_log.csv,costs_log.csv,.csv,13368,6b4a343ff442accf88919dcdf3663897f4b4e00614079a3933c0ad1a20bad5aa,2026-07-24T07:47:48,True,144,Position|Timestamp|Model|Prompt Tokens|Prompt USD|Completion Tokens|Completion USD|Total Tokens|Total USD,
P2/Mini,study_runs,V100_P2_MINI_I05_R02,study_runs/V100_P2_MINI_I05_R02/checkpoint/443c4e71b2bf42d6908fa425d51e3fd6/generated/prototype_results.csv,prototype_results.csv,.csv,95,e99ec4e7ef54d3585edcc0794b9c85fd6dce4eaa137585eee758fedb3fc7008d,2026-07-24T07:32:03,True,1,algorithm|fold|name|k|value,
P2/Mini,study_runs,V100_P2_MINI_I05_R02,study_runs/V100_P2_MINI_I05_R02/checkpoint/443c4e71b2bf42d6908fa425d51e3fd6_iteration2/generated/final_results.csv,final_results.csv,.csv,21442,849fbbde56f771a7abbadbe7c47f39729d38d5c82e4916c8fd4259efa17c6c09,2026-07-24T07:57:16,True,270,dataset|algorithm|seed|cutoff|metric|value,
P2/Mini,study_runs,V100_P2_MINI_I05_R02,study_runs/V100_P2_MINI_I05_R02/checkpoint/443c4e71b2bf42d6908fa425d51e3fd6_seed/generated/prototype_results.csv,prototype_results.csv,.csv,94,bbe0bf49aa7a99be08f841f367067dbad4bf13547932a8d03cee335ca26f70fe,2026-07-24T07:34:35,True,1,algorithm|fold|name|k|value,
P2/Mini,study_runs,V100_P2_MINI_I05_R02,study_runs/V100_P2_MINI_I05_R02/costs_log.csv,costs_log.csv,.csv,16266,4fc3ae0081c89f908931794afa8f0ca1203a464c2ad486342065d375cc9aa4b7,2026-07-24T07:58:14,True,179,Position|Timestamp|Model|Prompt Tokens|Prompt USD|Completion Tokens|Completion USD|Total Tokens|Total USD,
P2/Mini,study_runs,V100_P2_MINI_I05_R03,study_runs/V100_P2_MINI_I05_R03/checkpoint/bb6016818975478f843b11195c1d1b9b/generated/prototype_ml100k_als/prototype_results.csv,prototype_results.csv,.csv,29,23e81e95a9d920a4494d7cc2e8ac335e7d6ab24c79f3710f096e1e0b77cc7f63,2026-07-24T07:59:02,True,1,note,
P2/Mini,study_runs,V100_P2_MINI_I05_R03,study_runs/V100_P2_MINI_I05_R03/checkpoint/bb6016818975478f843b11195c1d1b9b_seed/generated/prototype_ml100k_als/prototype_results.csv,prototype_results.csv,.csv,29,23e81e95a9d920a4494d7cc2e8ac335e7d6ab24c79f3710f096e1e0b77cc7f63,2026-07-24T08:09:08,True,1,note,
P2/Mini,study_runs,V100_P2_MINI_I05_R03,study_runs/V100_P2_MINI_I05_R03/costs_log.csv,costs_log.csv,.csv,15718,0c8ebbe902132ccd1df2c4a5ebadfa48766f1098d4b915c1acb73172cf36c777,2026-07-24T08:15:52,True,170,Position|Timestamp|Model|Prompt Tokens|Prompt USD|Completion Tokens|Completion USD|Total Tokens|Total USD,
P2/Mini,study_runs,V100_P2_MINI_I05_R04,study_runs/V100_P2_MINI_I05_R04/checkpoint/a7da6e331d104fd5a77a095434658fdf_iteration2/generated/MovieLens100K_canonical.csv,MovieLens100K_canonical.csv,.csv,1259020,b6adede7516c782eed6643148a39921b56c33b9dc6ed4815f8f309ed91debf62,2026-07-24T08:20:49,True,55375,user|item|rating|timestamp,
P2/Mini,study_runs,V100_P2_MINI_I05_R04,study_runs/V100_P2_MINI_I05_R04/costs_log.csv,costs_log.csv,.csv,15181,a448e22be811374480b0715c7ad041503c683c2bf10807b4cb62e4d6a377286a,2026-07-24T08:21:31,True,165,Position|Timestamp|Model|Prompt Tokens|Prompt USD|Completion Tokens|Completion USD|Total Tokens|Total USD,
P2/Mini,study_runs,V100_P2_MINI_I05_R05,study_runs/V100_P2_MINI_I05_R05/checkpoint/121428c6e9264a5195dd3e538a040af7/generated/seed_7/test.csv,test.csv,.csv,225020,603c5ea9069f072f72fba8971ae06162fb02bdc7979d8a3408122d90c599d03c,2026-07-24T08:20:27,True,10883,user|item|rating|timestamp,
P2/Mini,study_runs,V100_P2_MINI_I05_R05,study_runs/V100_P2_MINI_I05_R05/checkpoint/121428c6e9264a5195dd3e538a040af7/generated/seed_7/train.csv,train.csv,.csv,899526,f45e7de093aa9eb9d91fe96c1876066301bf8fe6b13c32a885a3e0aea2fbd461,2026-07-24T08:20:27,True,43530,user|item|rating|timestamp,
P2/Mini,study_runs,V100_P2_MINI_I05_R05,study_runs/V100_P2_MINI_I05_R05/costs_log.csv,costs_log.csv,.csv,15213,de23f495f159b2e9a31ff4e833cb2e0497c3b5ef59535f5196e011b5c5c4fd88,2026-07-24T08:37:03,True,167,Position|Timestamp|Model|Prompt Tokens|Prompt USD|Completion Tokens|Completion USD|Total Tokens|Total USD,
P3/Mini,study_runs,V100_P3_MINI_I05_R01,study_runs/V100_P3_MINI_I05_R01/checkpoint/42ace93605da4f7d8c3adf16376b2dfa/generated/MovieLens100K_ALS_seed_7/test.csv,test.csv,.csv,225460,6d988ab057a153c802de292498994a3007f1407844d3ff9998a6985ed8896c07,2026-07-24T08:48:38,True,10877,user|item|rating|timestamp,
P3/Mini,study_runs,V100_P3_MINI_I05_R01,study_runs/V100_P3_MINI_I05_R01/checkpoint/42ace93605da4f7d8c3adf16376b2dfa/generated/MovieLens100K_ALS_seed_7/train.csv,train.csv,.csv,902130,efaaa6e83a448de3573b398b67a0d93797a14722ed3835a0254f39cc36771e6a,2026-07-24T08:48:38,True,43536,user|item|rating|timestamp,
P3/Mini,study_runs,V100_P3_MINI_I05_R01,study_runs/V100_P3_MINI_I05_R01/checkpoint/728d2c10356b4ff4a3fe013781d33952/generated/MovieLens100K_seed_7/test.csv,test.csv,.csv,225460,6d988ab057a153c802de292498994a3007f1407844d3ff9998a6985ed8896c07,2026-07-24T08:47:31,True,10877,user|item|rating|timestamp,
P3/Mini,study_runs,V100_P3_MINI_I05_R01,study_runs/V100_P3_MINI_I05_R01/checkpoint/728d2c10356b4ff4a3fe013781d33952/generated/MovieLens100K_seed_7/train.csv,train.csv,.csv,902130,efaaa6e83a448de3573b398b67a0d93797a14722ed3835a0254f39cc36771e6a,2026-07-24T08:47:31,True,43536,user|item|rating|timestamp,
P3/Mini,study_runs,V100_P3_MINI_I05_R01,study_runs/V100_P3_MINI_I05_R01/costs_log.csv,costs_log.csv,.csv,12961,b044b240aa5c6427adcd3e2d56bb3f53f56ba3c83e7c4ae0a6e46265731574fa,2026-07-24T08:59:38,True,138,Position|Timestamp|Model|Prompt Tokens|Prompt USD|Completion Tokens|Completion USD|Total Tokens|Total USD,
P3/Mini,study_runs,V100_P3_MINI_I05_R02,study_runs/V100_P3_MINI_I05_R02/checkpoint/21d81ee94fc0419f9687e959c418ccc7_iteration2/generated/results_long.csv,results_long.csv,.csv,298669,b8e885ef7aa2bc8236aebea70661778e599bf53deab8a514c161b2fa787bf8dd,2026-07-24T09:01:45,True,3675,dataset|algorithm|algorithm_class|seed|metric|k|value,
P3/Mini,study_runs,V100_P3_MINI_I05_R02,study_runs/V100_P3_MINI_I05_R02/checkpoint/7f0cd90d8e31446f95f8651142f3ba78/generated/ml100k_test_seed7.csv,ml100k_test_seed7.csv,.csv,225452,580fe7d9404bdc5a681a1fd81155def4f264c12732cdaf565e1d0450b43cb9b8,2026-07-24T08:50:42,True,10877,user|item|rating|timestamp,
P3/Mini,study_runs,V100_P3_MINI_I05_R02,study_runs/V100_P3_MINI_I05_R02/checkpoint/7f0cd90d8e31446f95f8651142f3ba78/generated/ml100k_train_seed7.csv,ml100k_train_seed7.csv,.csv,902138,75d967ef9096f764d1fd25f3a03e466e559c8dbaf2a9449ca2a6cf972d05c25b,2026-07-24T08:50:42,True,43536,user|item|rating|timestamp,
P3/Mini,study_runs,V100_P3_MINI_I05_R02,study_runs/V100_P3_MINI_I05_R02/checkpoint/7f0cd90d8e31446f95f8651142f3ba78/generated/prototype_results.csv,prototype_results.csv,.csv,2,7eb70257593da06f682a3ddda54a9d260d4fc514f645237f5ca74b08f8da61a6,2026-07-24T08:50:42,True,0,,
P3/Mini,study_runs,V100_P3_MINI_I05_R02,study_runs/V100_P3_MINI_I05_R02/costs_log.csv,costs_log.csv,.csv,15058,bda14a89c2d7ac2a753e8c50236359173bdb8c2a136becb970ae5fe646897526,2026-07-24T09:02:32,True,167,Position|Timestamp|Model|Prompt Tokens|Prompt USD|Completion Tokens|Completion USD|Total Tokens|Total USD,
P3/Mini,study_runs,V100_P3_MINI_I05_R03,study_runs/V100_P3_MINI_I05_R03/checkpoint/9deb4fdf484e455888958bc45494ca3e/generated/results/prototype_results.csv,prototype_results.csv,.csv,2583,dd3dee70991bc45feb3ae13235abe5ba33d3bba2bd805d9dd177f783172ed38c,2026-07-24T09:17:00,True,30,dataset|algorithm|algorithm_class|seed|metric|k|value,
P3/Mini,study_runs,V100_P3_MINI_I05_R03,study_runs/V100_P3_MINI_I05_R03/checkpoint/9deb4fdf484e455888958bc45494ca3e/generated/results/prototype_summary.csv,prototype_summary.csv,.csv,881,b0818bbb77cc806c9751bf70e23f4e4ccf6618301f736fdb4fae59c44fe6508f,2026-07-24T09:17:00,True,6,dataset|algorithm|k|metric|mean|std|min|max|range,
P3/Mini,study_runs,V100_P3_MINI_I05_R03,study_runs/V100_P3_MINI_I05_R03/checkpoint/bec301fec1e94c25bda958dc1c61cd57/generated/prototype_pilot/results_long.csv,results_long.csv,.csv,3131,8cedd2ff1a0905d06cc6953f894ed5a88d79b203a715b069144ed73af24472ef,2026-07-24T09:10:22,True,30,dataset|algorithm|algorithm_class|seed|metric|k|value,
P3/Mini,study_runs,V100_P3_MINI_I05_R03,study_runs/V100_P3_MINI_I05_R03/checkpoint/bec301fec1e94c25bda958dc1c61cd57/generated/prototype_pilot/summary.csv,summary.csv,.csv,885,b8d0e8c0e70810d95854ef72d78acec7ee9a6296fa295c55a3187e87fc3eb5a0,2026-07-24T09:10:22,True,6,dataset|algorithm|metric|k|mean|std|min|max|range,
P3/Mini,study_runs,V100_P3_MINI_I05_R03,study_runs/V100_P3_MINI_I05_R03/costs_log.csv,costs_log.csv,.csv,15769,fb5e84350f706861fc6633407068840cd286fdb5ec0d8aa45606d9b9ce830b0c,2026-07-24T09:24:41,True,171,Position|Timestamp|Model|Prompt Tokens|Prompt USD|Completion Tokens|Completion USD|Total Tokens|Total USD,
P3/Mini,study_runs,V100_P3_MINI_I05_R04,study_runs/V100_P3_MINI_I05_R04/checkpoint/616618e2fb024188b5f926ea8eb4f527/generated/results_long.csv,results_long.csv,.csv,2551,5b189e6fb63439ebc227b9dba1cab47019cfe5537a2dd72cbdae248b8eb2286b,2026-07-24T09:12:21,True,30,dataset|algorithm|algorithm_class|seed|metric|k|value,
P3/Mini,study_runs,V100_P3_MINI_I05_R04,study_runs/V100_P3_MINI_I05_R04/checkpoint/616618e2fb024188b5f926ea8eb4f527/generated/results_summary.csv,results_summary.csv,.csv,556,24ff109faafd4b982be0a5acd961dda1ec345a783925386694fc85188bb54126,2026-07-24T09:12:21,True,5,dataset|algorithm|seed|train_interactions|test_interactions|realized_test_fraction|algorithm_class|algorithm_config,
P3/Mini,study_runs,V100_P3_MINI_I05_R04,study_runs/V100_P3_MINI_I05_R04/checkpoint/a8752555da954d139804e75770410067/generated/movielens_test_seed7.csv,movielens_test_seed7.csv,.csv,255751,95425e986bf1985069fe8aae540f6921c959271de624d4ac07d60ce9f39ea049,2026-07-24T09:10:05,True,11255,user|item|rating|timestamp,
P3/Mini,study_runs,V100_P3_MINI_I05_R04,study_runs/V100_P3_MINI_I05_R04/checkpoint/a8752555da954d139804e75770410067/generated/movielens_train_seed7.csv,movielens_train_seed7.csv,.csv,980665,dbf3665dc639ea1b44fbdff39e4198cf0ad0fd1ba4d44dfac71c021387703f15,2026-07-24T09:10:05,True,43158,user|item|rating|timestamp,
P3/Mini,study_runs,V100_P3_MINI_I05_R04,study_runs/V100_P3_MINI_I05_R04/costs_log.csv,costs_log.csv,.csv,13438,de3e87d4a7092b62d81f8c9c2e212fd494abaea732f9b57caae33acf3fbbd401,2026-07-24T09:23:54,True,147,Position|Timestamp|Model|Prompt Tokens|Prompt USD|Completion Tokens|Completion USD|Total Tokens|Total USD,
P3/Mini,study_runs,V100_P3_MINI_I05_R05,study_runs/V100_P3_MINI_I05_R05/checkpoint/222e3861e0cf4780b8cb2c5773309b0d/generated/prototype_results.csv,prototype_results.csv,.csv,2799,ea757bd11711af229611d585d82289dc502bbb291bd596888373b00800420abd,2026-07-24T09:31:04,True,30,dataset|algorithm|algorithm_class|seed|metric|k|value,
P3/Mini,study_runs,V100_P3_MINI_I05_R05,study_runs/V100_P3_MINI_I05_R05/costs_log.csv,costs_log.csv,.csv,17061,a8f676a68bed8a2ce0baba7ed9b1004951d8e0b4203e0d7fe1bf135fabe599cc,2026-07-24T09:42:16,True,185,Position|Timestamp|Model|Prompt Tokens|Prompt USD|Completion Tokens|Completion USD|Total Tokens|Total USD,
