key,dataset,algorithm,algorithm_class,seed,metric,k,value
MovieLens100K|ALS|seed=42|NDCG@1,MovieLens100K,ALS,lenskit.als._implicit.ImplicitMFScorer,42,NDCG,1,0.2025586353944563
MovieLens100K|ALS|seed=42|NDCG@5,MovieLens100K,ALS,lenskit.als._implicit.ImplicitMFScorer,42,NDCG,5,0.17907378026191842
MovieLens100K|ALS|seed=42|NDCG@10,MovieLens100K,ALS,lenskit.als._implicit.ImplicitMFScorer,42,NDCG,10,0.19100954072428322
MovieLens100K|ALS|seed=42|Precision@1,MovieLens100K,ALS,lenskit.als._implicit.ImplicitMFScorer,42,Precision,1,0.2025586353944563
MovieLens100K|ALS|seed=42|Precision@5,MovieLens100K,ALS,lenskit.als._implicit.ImplicitMFScorer,42,Precision,5,0.16375266524520257
MovieLens100K|ALS|seed=42|Precision@10,MovieLens100K,ALS,lenskit.als._implicit.ImplicitMFScorer,42,Precision,10,0.14466950959488276
MovieLens100K|ItemKNN|seed=42|NDCG@1,MovieLens100K,ItemKNN,lenskit.knn.item.ItemKNNScorer,42,NDCG,1,0.30383795309168443
MovieLens100K|ItemKNN|seed=42|NDCG@5,MovieLens100K,ItemKNN,lenskit.knn.item.ItemKNNScorer,42,NDCG,5,0.2550761826682506
MovieLens100K|ItemKNN|seed=42|NDCG@10,MovieLens100K,ItemKNN,lenskit.knn.item.ItemKNNScorer,42,NDCG,10,0.25204850583326605
MovieLens100K|ItemKNN|seed=42|Precision@1,MovieLens100K,ItemKNN,lenskit.knn.item.ItemKNNScorer,42,Precision,1,0.30383795309168443
MovieLens100K|ItemKNN|seed=42|Precision@5,MovieLens100K,ItemKNN,lenskit.knn.item.ItemKNNScorer,42,Precision,5,0.22707889125799577
MovieLens100K|ItemKNN|seed=42|Precision@10,MovieLens100K,ItemKNN,lenskit.knn.item.ItemKNNScorer,42,Precision,10,0.18358208955223881
MovieLens100K|Pop|seed=42|NDCG@1,MovieLens100K,Pop,lenskit.basic.popularity.PopScorer,42,NDCG,1,0.21321961620469082
MovieLens100K|Pop|seed=42|NDCG@5,MovieLens100K,Pop,lenskit.basic.popularity.PopScorer,42,NDCG,5,0.15931155534247157
MovieLens100K|Pop|seed=42|NDCG@10,MovieLens100K,Pop,lenskit.basic.popularity.PopScorer,42,NDCG,10,0.15692846272890543
MovieLens100K|Pop|seed=42|Precision@1,MovieLens100K,Pop,lenskit.basic.popularity.PopScorer,42,Precision,1,0.21321961620469082
MovieLens100K|Pop|seed=42|Precision@5,MovieLens100K,Pop,lenskit.basic.popularity.PopScorer,42,Precision,5,0.14285714285714285
MovieLens100K|Pop|seed=42|Precision@10,MovieLens100K,Pop,lenskit.basic.popularity.PopScorer,42,Precision,10,0.12281449893390192
MovieLens100K|ALS|seed=43|NDCG@1,MovieLens100K,ALS,lenskit.als._implicit.ImplicitMFScorer,43,NDCG,1,0.1929637526652452
MovieLens100K|ALS|seed=43|NDCG@5,MovieLens100K,ALS,lenskit.als._implicit.ImplicitMFScorer,43,NDCG,5,0.1901300674110021
MovieLens100K|ALS|seed=43|NDCG@10,MovieLens100K,ALS,lenskit.als._implicit.ImplicitMFScorer,43,NDCG,10,0.201592740380697
MovieLens100K|ALS|seed=43|Precision@1,MovieLens100K,ALS,lenskit.als._implicit.ImplicitMFScorer,43,Precision,1,0.1929637526652452
MovieLens100K|ALS|seed=43|Precision@5,MovieLens100K,ALS,lenskit.als._implicit.ImplicitMFScorer,43,Precision,5,0.17334754797441365
MovieLens100K|ALS|seed=43|Precision@10,MovieLens100K,ALS,lenskit.als._implicit.ImplicitMFScorer,43,Precision,10,0.15170575692963753
MovieLens100K|ItemKNN|seed=43|NDCG@1,MovieLens100K,ItemKNN,lenskit.knn.item.ItemKNNScorer,43,NDCG,1,0.31663113006396587
MovieLens100K|ItemKNN|seed=43|NDCG@5,MovieLens100K,ItemKNN,lenskit.knn.item.ItemKNNScorer,43,NDCG,5,0.25677047628281174
MovieLens100K|ItemKNN|seed=43|NDCG@10,MovieLens100K,ItemKNN,lenskit.knn.item.ItemKNNScorer,43,NDCG,10,0.2524707341319965
MovieLens100K|ItemKNN|seed=43|Precision@1,MovieLens100K,ItemKNN,lenskit.knn.item.ItemKNNScorer,43,Precision,1,0.31663113006396587
MovieLens100K|ItemKNN|seed=43|Precision@5,MovieLens100K,ItemKNN,lenskit.knn.item.ItemKNNScorer,43,Precision,5,0.22771855010660982
MovieLens100K|ItemKNN|seed=43|Precision@10,MovieLens100K,ItemKNN,lenskit.knn.item.ItemKNNScorer,43,Precision,10,0.18240938166311302
MovieLens100K|Pop|seed=43|NDCG@1,MovieLens100K,Pop,lenskit.basic.popularity.PopScorer,43,NDCG,1,0.2281449893390192
MovieLens100K|Pop|seed=43|NDCG@5,MovieLens100K,Pop,lenskit.basic.popularity.PopScorer,43,NDCG,5,0.16968923277375209
MovieLens100K|Pop|seed=43|NDCG@10,MovieLens100K,Pop,lenskit.basic.popularity.PopScorer,43,NDCG,10,0.15977444346541855
MovieLens100K|Pop|seed=43|Precision@1,MovieLens100K,Pop,lenskit.basic.popularity.PopScorer,43,Precision,1,0.2281449893390192
MovieLens100K|Pop|seed=43|Precision@5,MovieLens100K,Pop,lenskit.basic.popularity.PopScorer,43,Precision,5,0.15373134328358207
MovieLens100K|Pop|seed=43|Precision@10,MovieLens100K,Pop,lenskit.basic.popularity.PopScorer,43,Precision,10,0.12313432835820895
MovieLens100K|ALS|seed=44|NDCG@1,MovieLens100K,ALS,lenskit.als._implicit.ImplicitMFScorer,44,NDCG,1,0.21108742004264391
MovieLens100K|ALS|seed=44|NDCG@5,MovieLens100K,ALS,lenskit.als._implicit.ImplicitMFScorer,44,NDCG,5,0.19000453559693634
MovieLens100K|ALS|seed=44|NDCG@10,MovieLens100K,ALS,lenskit.als._implicit.ImplicitMFScorer,44,NDCG,10,0.20421404098373247
MovieLens100K|ALS|seed=44|Precision@1,MovieLens100K,ALS,lenskit.als._implicit.ImplicitMFScorer,44,Precision,1,0.21108742004264391
MovieLens100K|ALS|seed=44|Precision@5,MovieLens100K,ALS,lenskit.als._implicit.ImplicitMFScorer,44,Precision,5,0.1678038379530917
MovieLens100K|ALS|seed=44|Precision@10,MovieLens100K,ALS,lenskit.als._implicit.ImplicitMFScorer,44,Precision,10,0.15223880597014927
MovieLens100K|ItemKNN|seed=44|NDCG@1,MovieLens100K,ItemKNN,lenskit.knn.item.ItemKNNScorer,44,NDCG,1,0.31130063965884863
MovieLens100K|ItemKNN|seed=44|NDCG@5,MovieLens100K,ItemKNN,lenskit.knn.item.ItemKNNScorer,44,NDCG,5,0.25930088794019746
MovieLens100K|ItemKNN|seed=44|NDCG@10,MovieLens100K,ItemKNN,lenskit.knn.item.ItemKNNScorer,44,NDCG,10,0.25450122068507597
MovieLens100K|ItemKNN|seed=44|Precision@1,MovieLens100K,ItemKNN,lenskit.knn.item.ItemKNNScorer,44,Precision,1,0.31130063965884863
MovieLens100K|ItemKNN|seed=44|Precision@5,MovieLens100K,ItemKNN,lenskit.knn.item.ItemKNNScorer,44,Precision,5,0.2311300639658849
MovieLens100K|ItemKNN|seed=44|Precision@10,MovieLens100K,ItemKNN,lenskit.knn.item.ItemKNNScorer,44,Precision,10,0.18336886993603413
MovieLens100K|Pop|seed=44|NDCG@1,MovieLens100K,Pop,lenskit.basic.popularity.PopScorer,44,NDCG,1,0.21108742004264391
MovieLens100K|Pop|seed=44|NDCG@5,MovieLens100K,Pop,lenskit.basic.popularity.PopScorer,44,NDCG,5,0.15895508889711144
MovieLens100K|Pop|seed=44|NDCG@10,MovieLens100K,Pop,lenskit.basic.popularity.PopScorer,44,NDCG,10,0.15451648561482664
MovieLens100K|Pop|seed=44|Precision@1,MovieLens100K,Pop,lenskit.basic.popularity.PopScorer,44,Precision,1,0.21108742004264391
MovieLens100K|Pop|seed=44|Precision@5,MovieLens100K,Pop,lenskit.basic.popularity.PopScorer,44,Precision,5,0.14285714285714285
MovieLens100K|Pop|seed=44|Precision@10,MovieLens100K,Pop,lenskit.basic.popularity.PopScorer,44,Precision,10,0.11961620469083155
MovieLens100K|ALS|seed=45|NDCG@1,MovieLens100K,ALS,lenskit.als._implicit.ImplicitMFScorer,45,NDCG,1,0.19509594882729211
MovieLens100K|ALS|seed=45|NDCG@5,MovieLens100K,ALS,lenskit.als._implicit.ImplicitMFScorer,45,NDCG,5,0.1752840961576194
MovieLens100K|ALS|seed=45|NDCG@10,MovieLens100K,ALS,lenskit.als._implicit.ImplicitMFScorer,45,NDCG,10,0.1891271441233914
MovieLens100K|ALS|seed=45|Precision@1,MovieLens100K,ALS,lenskit.als._implicit.ImplicitMFScorer,45,Precision,1,0.19509594882729211
MovieLens100K|ALS|seed=45|Precision@5,MovieLens100K,ALS,lenskit.als._implicit.ImplicitMFScorer,45,Precision,5,0.15842217484008528
MovieLens100K|ALS|seed=45|Precision@10,MovieLens100K,ALS,lenskit.als._implicit.ImplicitMFScorer,45,Precision,10,0.14093816631130066
MovieLens100K|ItemKNN|seed=45|NDCG@1,MovieLens100K,ItemKNN,lenskit.knn.item.ItemKNNScorer,45,NDCG,1,0.3230277185501066
MovieLens100K|ItemKNN|seed=45|NDCG@5,MovieLens100K,ItemKNN,lenskit.knn.item.ItemKNNScorer,45,NDCG,5,0.2531008365333946
MovieLens100K|ItemKNN|seed=45|NDCG@10,MovieLens100K,ItemKNN,lenskit.knn.item.ItemKNNScorer,45,NDCG,10,0.24907452930035198
MovieLens100K|ItemKNN|seed=45|Precision@1,MovieLens100K,ItemKNN,lenskit.knn.item.ItemKNNScorer,45,Precision,1,0.3230277185501066
MovieLens100K|ItemKNN|seed=45|Precision@5,MovieLens100K,ItemKNN,lenskit.knn.item.ItemKNNScorer,45,Precision,5,0.22324093816631133
MovieLens100K|ItemKNN|seed=45|Precision@10,MovieLens100K,ItemKNN,lenskit.knn.item.ItemKNNScorer,45,Precision,10,0.17878464818763332
MovieLens100K|Pop|seed=45|NDCG@1,MovieLens100K,Pop,lenskit.basic.popularity.PopScorer,45,NDCG,1,0.20042643923240938
MovieLens100K|Pop|seed=45|NDCG@5,MovieLens100K,Pop,lenskit.basic.popularity.PopScorer,45,NDCG,5,0.15725563680542592
MovieLens100K|Pop|seed=45|NDCG@10,MovieLens100K,Pop,lenskit.basic.popularity.PopScorer,45,NDCG,10,0.15349508751827912
MovieLens100K|Pop|seed=45|Precision@1,MovieLens100K,Pop,lenskit.basic.popularity.PopScorer,45,Precision,1,0.20042643923240938
MovieLens100K|Pop|seed=45|Precision@5,MovieLens100K,Pop,lenskit.basic.popularity.PopScorer,45,Precision,5,0.1415778251599147
MovieLens100K|Pop|seed=45|Precision@10,MovieLens100K,Pop,lenskit.basic.popularity.PopScorer,45,Precision,10,0.11865671641791047
MovieLens100K|ALS|seed=46|NDCG@1,MovieLens100K,ALS,lenskit.als._implicit.ImplicitMFScorer,46,NDCG,1,0.18763326226012794
MovieLens100K|ALS|seed=46|NDCG@5,MovieLens100K,ALS,lenskit.als._implicit.ImplicitMFScorer,46,NDCG,5,0.18137174371787934
MovieLens100K|ALS|seed=46|NDCG@10,MovieLens100K,ALS,lenskit.als._implicit.ImplicitMFScorer,46,NDCG,10,0.1942160416283496
MovieLens100K|ALS|seed=46|Precision@1,MovieLens100K,ALS,lenskit.als._implicit.ImplicitMFScorer,46,Precision,1,0.18763326226012794
MovieLens100K|ALS|seed=46|Precision@5,MovieLens100K,ALS,lenskit.als._implicit.ImplicitMFScorer,46,Precision,5,0.167590618336887
MovieLens100K|ALS|seed=46|Precision@10,MovieLens100K,ALS,lenskit.als._implicit.ImplicitMFScorer,46,Precision,10,0.14818763326226012
MovieLens100K|ItemKNN|seed=46|NDCG@1,MovieLens100K,ItemKNN,lenskit.knn.item.ItemKNNScorer,46,NDCG,1,0.26332622601279315
MovieLens100K|ItemKNN|seed=46|NDCG@5,MovieLens100K,ItemKNN,lenskit.knn.item.ItemKNNScorer,46,NDCG,5,0.24878060816018313
MovieLens100K|ItemKNN|seed=46|NDCG@10,MovieLens100K,ItemKNN,lenskit.knn.item.ItemKNNScorer,46,NDCG,10,0.24297615058598335
MovieLens100K|ItemKNN|seed=46|Precision@1,MovieLens100K,ItemKNN,lenskit.knn.item.ItemKNNScorer,46,Precision,1,0.26332622601279315
MovieLens100K|ItemKNN|seed=46|Precision@5,MovieLens100K,ItemKNN,lenskit.knn.item.ItemKNNScorer,46,Precision,5,0.223454157782516
MovieLens100K|ItemKNN|seed=46|Precision@10,MovieLens100K,ItemKNN,lenskit.knn.item.ItemKNNScorer,46,Precision,10,0.17686567164179104
MovieLens100K|Pop|seed=46|NDCG@1,MovieLens100K,Pop,lenskit.basic.popularity.PopScorer,46,NDCG,1,0.21535181236673773
MovieLens100K|Pop|seed=46|NDCG@5,MovieLens100K,Pop,lenskit.basic.popularity.PopScorer,46,NDCG,5,0.16033176541969013
MovieLens100K|Pop|seed=46|NDCG@10,MovieLens100K,Pop,lenskit.basic.popularity.PopScorer,46,NDCG,10,0.1535649373982675
MovieLens100K|Pop|seed=46|Precision@1,MovieLens100K,Pop,lenskit.basic.popularity.PopScorer,46,Precision,1,0.21535181236673773
MovieLens100K|Pop|seed=46|Precision@5,MovieLens100K,Pop,lenskit.basic.popularity.PopScorer,46,Precision,5,0.14349680170575696
MovieLens100K|Pop|seed=46|Precision@10,MovieLens100K,Pop,lenskit.basic.popularity.PopScorer,46,Precision,10,0.11855010660980811
AmazonVideoGames|ALS|seed=42|NDCG@1,AmazonVideoGames,ALS,lenskit.als._implicit.ImplicitMFScorer,42,NDCG,1,0.04803545403170637
AmazonVideoGames|ALS|seed=42|NDCG@5,AmazonVideoGames,ALS,lenskit.als._implicit.ImplicitMFScorer,42,NDCG,5,0.0685838270293223
AmazonVideoGames|ALS|seed=42|NDCG@10,AmazonVideoGames,ALS,lenskit.als._implicit.ImplicitMFScorer,42,NDCG,10,0.08323142303234292
AmazonVideoGames|ALS|seed=42|Precision@1,AmazonVideoGames,ALS,lenskit.als._implicit.ImplicitMFScorer,42,Precision,1,0.04803545403170637
AmazonVideoGames|ALS|seed=42|Precision@5,AmazonVideoGames,ALS,lenskit.als._implicit.ImplicitMFScorer,42,Precision,5,0.030338181493709288
AmazonVideoGames|ALS|seed=42|Precision@10,AmazonVideoGames,ALS,lenskit.als._implicit.ImplicitMFScorer,42,Precision,10,0.023464501353320837
AmazonVideoGames|ItemKNN|seed=42|NDCG@1,AmazonVideoGames,ItemKNN,lenskit.knn.item.ItemKNNScorer,42,NDCG,1,0.05163439516968561
AmazonVideoGames|ItemKNN|seed=42|NDCG@5,AmazonVideoGames,ItemKNN,lenskit.knn.item.ItemKNNScorer,42,NDCG,5,0.06293710863038417
AmazonVideoGames|ItemKNN|seed=42|NDCG@10,AmazonVideoGames,ItemKNN,lenskit.knn.item.ItemKNNScorer,42,NDCG,10,0.07488533181826057
AmazonVideoGames|ItemKNN|seed=42|Precision@1,AmazonVideoGames,ItemKNN,lenskit.knn.item.ItemKNNScorer,42,Precision,1,0.05163439516968561
AmazonVideoGames|ItemKNN|seed=42|Precision@5,AmazonVideoGames,ItemKNN,lenskit.knn.item.ItemKNNScorer,42,Precision,5,0.02794087028940246
AmazonVideoGames|ItemKNN|seed=42|Precision@10,AmazonVideoGames,ItemKNN,lenskit.knn.item.ItemKNNScorer,42,Precision,10,0.020897653252431515
AmazonVideoGames|Pop|seed=42|NDCG@1,AmazonVideoGames,Pop,lenskit.basic.popularity.PopScorer,42,NDCG,1,0.003182534725320484
AmazonVideoGames|Pop|seed=42|NDCG@5,AmazonVideoGames,Pop,lenskit.basic.popularity.PopScorer,42,NDCG,5,0.007918301557371827
AmazonVideoGames|Pop|seed=42|NDCG@10,AmazonVideoGames,Pop,lenskit.basic.popularity.PopScorer,42,NDCG,10,0.009889474356388378
AmazonVideoGames|Pop|seed=42|Precision@1,AmazonVideoGames,Pop,lenskit.basic.popularity.PopScorer,42,Precision,1,0.003182534725320484
AmazonVideoGames|Pop|seed=42|Precision@5,AmazonVideoGames,Pop,lenskit.basic.popularity.PopScorer,42,Precision,5,0.003961809583296154
AmazonVideoGames|Pop|seed=42|Precision@10,AmazonVideoGames,Pop,lenskit.basic.popularity.PopScorer,42,Precision,10,0.0030695101275988223
AmazonVideoGames|ALS|seed=43|NDCG@1,AmazonVideoGames,ALS,lenskit.als._implicit.ImplicitMFScorer,43,NDCG,1,0.03637607447726124
AmazonVideoGames|ALS|seed=43|NDCG@5,AmazonVideoGames,ALS,lenskit.als._implicit.ImplicitMFScorer,43,NDCG,5,0.05150288127751071
AmazonVideoGames|ALS|seed=43|NDCG@10,AmazonVideoGames,ALS,lenskit.als._implicit.ImplicitMFScorer,43,NDCG,10,0.06434153327805184
AmazonVideoGames|ALS|seed=43|Precision@1,AmazonVideoGames,ALS,lenskit.als._implicit.ImplicitMFScorer,43,Precision,1,0.03637607447726124
AmazonVideoGames|ALS|seed=43|Precision@5,AmazonVideoGames,ALS,lenskit.als._implicit.ImplicitMFScorer,43,Precision,5,0.02450254305344874
AmazonVideoGames|ALS|seed=43|Precision@10,AmazonVideoGames,ALS,lenskit.als._implicit.ImplicitMFScorer,43,Precision,10,0.019672228666607183
AmazonVideoGames|ItemKNN|seed=43|NDCG@1,AmazonVideoGames,ItemKNN,lenskit.knn.item.ItemKNNScorer,43,NDCG,1,0.05205080158234437
AmazonVideoGames|ItemKNN|seed=43|NDCG@5,AmazonVideoGames,ItemKNN,lenskit.knn.item.ItemKNNScorer,43,NDCG,5,0.061690981199697605
AmazonVideoGames|ItemKNN|seed=43|NDCG@10,AmazonVideoGames,ItemKNN,lenskit.knn.item.ItemKNNScorer,43,NDCG,10,0.07204124797741938
AmazonVideoGames|ItemKNN|seed=43|Precision@1,AmazonVideoGames,ItemKNN,lenskit.knn.item.ItemKNNScorer,43,Precision,1,0.05205080158234437
AmazonVideoGames|ItemKNN|seed=43|Precision@5,AmazonVideoGames,ItemKNN,lenskit.knn.item.ItemKNNScorer,43,Precision,5,0.027655334463579314
AmazonVideoGames|ItemKNN|seed=43|Precision@10,AmazonVideoGames,ItemKNN,lenskit.knn.item.ItemKNNScorer,43,Precision,10,0.0201005324053419
AmazonVideoGames|Pop|seed=43|NDCG@1,AmazonVideoGames,Pop,lenskit.basic.popularity.PopScorer,43,NDCG,1,0.0027066416822819073
AmazonVideoGames|Pop|seed=43|NDCG@5,AmazonVideoGames,Pop,lenskit.basic.popularity.PopScorer,43,NDCG,5,0.006178060019418314
AmazonVideoGames|Pop|seed=43|NDCG@10,AmazonVideoGames,Pop,lenskit.basic.popularity.PopScorer,43,NDCG,10,0.007529166668910939
AmazonVideoGames|Pop|seed=43|Precision@1,AmazonVideoGames,Pop,lenskit.basic.popularity.PopScorer,43,Precision,1,0.0027066416822819073
AmazonVideoGames|Pop|seed=43|Precision@5,AmazonVideoGames,Pop,lenskit.basic.popularity.PopScorer,43,Precision,5,0.0029267422146872493
AmazonVideoGames|Pop|seed=43|Precision@10,AmazonVideoGames,Pop,lenskit.basic.popularity.PopScorer,43,Precision,10,0.0023229529163320546
AmazonVideoGames|ALS|seed=44|NDCG@1,AmazonVideoGames,ALS,lenskit.als._implicit.ImplicitMFScorer,44,NDCG,1,0.05564974272032361
AmazonVideoGames|ALS|seed=44|NDCG@5,AmazonVideoGames,ALS,lenskit.als._implicit.ImplicitMFScorer,44,NDCG,5,0.07196415718809425
AmazonVideoGames|ALS|seed=44|NDCG@10,AmazonVideoGames,ALS,lenskit.als._implicit.ImplicitMFScorer,44,NDCG,10,0.08731738541751806
AmazonVideoGames|ALS|seed=44|Precision@1,AmazonVideoGames,ALS,lenskit.als._implicit.ImplicitMFScorer,44,Precision,1,0.05564974272032361
AmazonVideoGames|ALS|seed=44|Precision@5,AmazonVideoGames,ALS,lenskit.als._implicit.ImplicitMFScorer,44,Precision,5,0.03302102852383927
AmazonVideoGames|ALS|seed=44|Precision@10,AmazonVideoGames,ALS,lenskit.als._implicit.ImplicitMFScorer,44,Precision,10,0.02544540614496892
AmazonVideoGames|ItemKNN|seed=44|NDCG@1,AmazonVideoGames,ItemKNN,lenskit.knn.item.ItemKNNScorer,44,NDCG,1,0.05686921864310996
AmazonVideoGames|ItemKNN|seed=44|NDCG@5,AmazonVideoGames,ItemKNN,lenskit.knn.item.ItemKNNScorer,44,NDCG,5,0.06583924601992751
AmazonVideoGames|ItemKNN|seed=44|NDCG@10,AmazonVideoGames,ItemKNN,lenskit.knn.item.ItemKNNScorer,44,NDCG,10,0.07662772646580235
AmazonVideoGames|ItemKNN|seed=44|Precision@1,AmazonVideoGames,ItemKNN,lenskit.knn.item.ItemKNNScorer,44,Precision,1,0.05686921864310996
AmazonVideoGames|ItemKNN|seed=44|Precision@5,AmazonVideoGames,ItemKNN,lenskit.knn.item.ItemKNNScorer,44,Precision,5,0.030421462776241043
AmazonVideoGames|ItemKNN|seed=44|Precision@10,AmazonVideoGames,ItemKNN,lenskit.knn.item.ItemKNNScorer,44,Precision,10,0.021825644686356744
AmazonVideoGames|Pop|seed=44|NDCG@1,AmazonVideoGames,Pop,lenskit.basic.popularity.PopScorer,44,NDCG,1,0.004788673745575682
AmazonVideoGames|Pop|seed=44|NDCG@5,AmazonVideoGames,Pop,lenskit.basic.popularity.PopScorer,44,NDCG,5,0.00837428012756318
AmazonVideoGames|Pop|seed=44|NDCG@10,AmazonVideoGames,Pop,lenskit.basic.popularity.PopScorer,44,NDCG,10,0.01077701681594044
AmazonVideoGames|Pop|seed=44|Precision@1,AmazonVideoGames,Pop,lenskit.basic.popularity.PopScorer,44,Precision,1,0.004788673745575682
AmazonVideoGames|Pop|seed=44|Precision@5,AmazonVideoGames,Pop,lenskit.basic.popularity.PopScorer,44,Precision,5,0.0043127807025371044
AmazonVideoGames|Pop|seed=44|Precision@10,AmazonVideoGames,Pop,lenskit.basic.popularity.PopScorer,44,Precision,10,0.0035543261651943725
AmazonVideoGames|ALS|seed=45|NDCG@1,AmazonVideoGames,ALS,lenskit.als._implicit.ImplicitMFScorer,45,NDCG,1,0.05103952886588739
AmazonVideoGames|ALS|seed=45|NDCG@5,AmazonVideoGames,ALS,lenskit.als._implicit.ImplicitMFScorer,45,NDCG,5,0.07129816901635115
AmazonVideoGames|ALS|seed=45|NDCG@10,AmazonVideoGames,ALS,lenskit.als._implicit.ImplicitMFScorer,45,NDCG,10,0.08741728833980786
AmazonVideoGames|ALS|seed=45|Precision@1,AmazonVideoGames,ALS,lenskit.als._implicit.ImplicitMFScorer,45,Precision,1,0.05103952886588739
AmazonVideoGames|ALS|seed=45|Precision@5,AmazonVideoGames,ALS,lenskit.als._implicit.ImplicitMFScorer,45,Precision,5,0.03228934297016746
AmazonVideoGames|ALS|seed=45|Precision@10,AmazonVideoGames,ALS,lenskit.als._implicit.ImplicitMFScorer,45,Precision,10,0.0252520745962345
AmazonVideoGames|ItemKNN|seed=45|NDCG@1,AmazonVideoGames,ItemKNN,lenskit.knn.item.ItemKNNScorer,45,NDCG,1,0.0569584485886797
AmazonVideoGames|ItemKNN|seed=45|NDCG@5,AmazonVideoGames,ItemKNN,lenskit.knn.item.ItemKNNScorer,45,NDCG,5,0.06716240928307433
AmazonVideoGames|ItemKNN|seed=45|NDCG@10,AmazonVideoGames,ItemKNN,lenskit.knn.item.ItemKNNScorer,45,NDCG,10,0.07871509241079142
AmazonVideoGames|ItemKNN|seed=45|Precision@1,AmazonVideoGames,ItemKNN,lenskit.knn.item.ItemKNNScorer,45,Precision,1,0.0569584485886797
AmazonVideoGames|ItemKNN|seed=45|Precision@5,AmazonVideoGames,ItemKNN,lenskit.knn.item.ItemKNNScorer,45,Precision,5,0.030219208232949643
AmazonVideoGames|ItemKNN|seed=45|Precision@10,AmazonVideoGames,ItemKNN,lenskit.knn.item.ItemKNNScorer,45,Precision,10,0.021953540941673358
AmazonVideoGames|Pop|seed=45|NDCG@1,AmazonVideoGames,Pop,lenskit.basic.popularity.PopScorer,45,NDCG,1,0.005056363582284881
AmazonVideoGames|Pop|seed=45|NDCG@5,AmazonVideoGames,Pop,lenskit.basic.popularity.PopScorer,45,NDCG,5,0.00770372640415309
AmazonVideoGames|Pop|seed=45|NDCG@10,AmazonVideoGames,Pop,lenskit.basic.popularity.PopScorer,45,NDCG,10,0.010288916040114721
AmazonVideoGames|Pop|seed=45|Precision@1,AmazonVideoGames,Pop,lenskit.basic.popularity.PopScorer,45,Precision,1,0.005056363582284881
AmazonVideoGames|Pop|seed=45|Precision@5,AmazonVideoGames,Pop,lenskit.basic.popularity.PopScorer,45,Precision,5,0.003943963594182209
AmazonVideoGames|Pop|seed=45|Precision@10,AmazonVideoGames,Pop,lenskit.basic.popularity.PopScorer,45,Precision,10,0.0034502245620296836
AmazonVideoGames|ALS|seed=46|NDCG@1,AmazonVideoGames,ALS,lenskit.als._implicit.ImplicitMFScorer,46,NDCG,1,0.049701079682341394
AmazonVideoGames|ALS|seed=46|NDCG@5,AmazonVideoGames,ALS,lenskit.als._implicit.ImplicitMFScorer,46,NDCG,5,0.06494437017428793
AmazonVideoGames|ALS|seed=46|NDCG@10,AmazonVideoGames,ALS,lenskit.als._implicit.ImplicitMFScorer,46,NDCG,10,0.07991949558624141
AmazonVideoGames|ALS|seed=46|Precision@1,AmazonVideoGames,ALS,lenskit.als._implicit.ImplicitMFScorer,46,Precision,1,0.049701079682341394
AmazonVideoGames|ALS|seed=46|Precision@5,AmazonVideoGames,ALS,lenskit.als._implicit.ImplicitMFScorer,46,Precision,5,0.031063918384343123
AmazonVideoGames|ALS|seed=46|Precision@10,AmazonVideoGames,ALS,lenskit.als._implicit.ImplicitMFScorer,46,Precision,10,0.02416346926028375
AmazonVideoGames|ItemKNN|seed=46|NDCG@1,AmazonVideoGames,ItemKNN,lenskit.knn.item.ItemKNNScorer,46,NDCG,1,0.05817792451146605
AmazonVideoGames|ItemKNN|seed=46|NDCG@5,AmazonVideoGames,ItemKNN,lenskit.knn.item.ItemKNNScorer,46,NDCG,5,0.06783426022825192
AmazonVideoGames|ItemKNN|seed=46|NDCG@10,AmazonVideoGames,ItemKNN,lenskit.knn.item.ItemKNNScorer,46,NDCG,10,0.07866569617157984
AmazonVideoGames|ItemKNN|seed=46|Precision@1,AmazonVideoGames,ItemKNN,lenskit.knn.item.ItemKNNScorer,46,Precision,1,0.05817792451146605
AmazonVideoGames|ItemKNN|seed=46|Precision@5,AmazonVideoGames,ItemKNN,lenskit.knn.item.ItemKNNScorer,46,Precision,5,0.030379822134975164
AmazonVideoGames|ItemKNN|seed=46|Precision@10,AmazonVideoGames,ItemKNN,lenskit.knn.item.ItemKNNScorer,46,Precision,10,0.021715594420154073
AmazonVideoGames|Pop|seed=46|NDCG@1,AmazonVideoGames,Pop,lenskit.basic.popularity.PopScorer,46,NDCG,1,0.004402010648106838
AmazonVideoGames|Pop|seed=46|NDCG@5,AmazonVideoGames,Pop,lenskit.basic.popularity.PopScorer,46,NDCG,5,0.006857763893364412
AmazonVideoGames|Pop|seed=46|NDCG@10,AmazonVideoGames,Pop,lenskit.basic.popularity.PopScorer,46,NDCG,10,0.009021557656233857
AmazonVideoGames|Pop|seed=46|Precision@1,AmazonVideoGames,Pop,lenskit.basic.popularity.PopScorer,46,Precision,1,0.004402010648106838
AmazonVideoGames|Pop|seed=46|Precision@5,AmazonVideoGames,Pop,lenskit.basic.popularity.PopScorer,46,Precision,5,0.0035810951488652928
AmazonVideoGames|Pop|seed=46|Precision@10,AmazonVideoGames,Pop,lenskit.basic.popularity.PopScorer,46,Precision,10,0.0031438684155736
HetrecLastFM|ALS|seed=42|NDCG@1,HetrecLastFM,ALS,lenskit.als._implicit.ImplicitMFScorer,42,NDCG,1,0.12201834862385322
HetrecLastFM|ALS|seed=42|NDCG@5,HetrecLastFM,ALS,lenskit.als._implicit.ImplicitMFScorer,42,NDCG,5,0.11548550660542413
HetrecLastFM|ALS|seed=42|NDCG@10,HetrecLastFM,ALS,lenskit.als._implicit.ImplicitMFScorer,42,NDCG,10,0.12084997412087704
HetrecLastFM|ALS|seed=42|Precision@1,HetrecLastFM,ALS,lenskit.als._implicit.ImplicitMFScorer,42,Precision,1,0.12201834862385322
HetrecLastFM|ALS|seed=42|Precision@5,HetrecLastFM,ALS,lenskit.als._implicit.ImplicitMFScorer,42,Precision,5,0.0926605504587156
HetrecLastFM|ALS|seed=42|Precision@10,HetrecLastFM,ALS,lenskit.als._implicit.ImplicitMFScorer,42,Precision,10,0.07614678899082569
HetrecLastFM|ItemKNN|seed=42|NDCG@1,HetrecLastFM,ItemKNN,lenskit.knn.item.ItemKNNScorer,42,NDCG,1,0.09908256880733946
HetrecLastFM|ItemKNN|seed=42|NDCG@5,HetrecLastFM,ItemKNN,lenskit.knn.item.ItemKNNScorer,42,NDCG,5,0.10200841608887468
HetrecLastFM|ItemKNN|seed=42|NDCG@10,HetrecLastFM,ItemKNN,lenskit.knn.item.ItemKNNScorer,42,NDCG,10,0.1146909383417444
HetrecLastFM|ItemKNN|seed=42|Precision@1,HetrecLastFM,ItemKNN,lenskit.knn.item.ItemKNNScorer,42,Precision,1,0.09908256880733946
HetrecLastFM|ItemKNN|seed=42|Precision@5,HetrecLastFM,ItemKNN,lenskit.knn.item.ItemKNNScorer,42,Precision,5,0.08330275229357799
HetrecLastFM|ItemKNN|seed=42|Precision@10,HetrecLastFM,ItemKNN,lenskit.knn.item.ItemKNNScorer,42,Precision,10,0.07256880733944954
HetrecLastFM|Pop|seed=42|NDCG@1,HetrecLastFM,Pop,lenskit.basic.popularity.PopScorer,42,NDCG,1,0.03669724770642202
HetrecLastFM|Pop|seed=42|NDCG@5,HetrecLastFM,Pop,lenskit.basic.popularity.PopScorer,42,NDCG,5,0.0634279516972452
HetrecLastFM|Pop|seed=42|NDCG@10,HetrecLastFM,Pop,lenskit.basic.popularity.PopScorer,42,NDCG,10,0.0725999872710564
HetrecLastFM|Pop|seed=42|Precision@1,HetrecLastFM,Pop,lenskit.basic.popularity.PopScorer,42,Precision,1,0.03669724770642202
HetrecLastFM|Pop|seed=42|Precision@5,HetrecLastFM,Pop,lenskit.basic.popularity.PopScorer,42,Precision,5,0.050091743119266056
HetrecLastFM|Pop|seed=42|Precision@10,HetrecLastFM,Pop,lenskit.basic.popularity.PopScorer,42,Precision,10,0.04348623853211009
HetrecLastFM|ALS|seed=43|NDCG@1,HetrecLastFM,ALS,lenskit.als._implicit.ImplicitMFScorer,43,NDCG,1,0.10733944954128441
HetrecLastFM|ALS|seed=43|NDCG@5,HetrecLastFM,ALS,lenskit.als._implicit.ImplicitMFScorer,43,NDCG,5,0.09552752771761823
HetrecLastFM|ALS|seed=43|NDCG@10,HetrecLastFM,ALS,lenskit.als._implicit.ImplicitMFScorer,43,NDCG,10,0.09813234864309955
HetrecLastFM|ALS|seed=43|Precision@1,HetrecLastFM,ALS,lenskit.als._implicit.ImplicitMFScorer,43,Precision,1,0.10733944954128441
HetrecLastFM|ALS|seed=43|Precision@5,HetrecLastFM,ALS,lenskit.als._implicit.ImplicitMFScorer,43,Precision,5,0.08128440366972477
HetrecLastFM|ALS|seed=43|Precision@10,HetrecLastFM,ALS,lenskit.als._implicit.ImplicitMFScorer,43,Precision,10,0.06862385321100918
HetrecLastFM|ItemKNN|seed=43|NDCG@1,HetrecLastFM,ItemKNN,lenskit.knn.item.ItemKNNScorer,43,NDCG,1,0.0834862385321101
HetrecLastFM|ItemKNN|seed=43|NDCG@5,HetrecLastFM,ItemKNN,lenskit.knn.item.ItemKNNScorer,43,NDCG,5,0.09199429396080988
HetrecLastFM|ItemKNN|seed=43|NDCG@10,HetrecLastFM,ItemKNN,lenskit.knn.item.ItemKNNScorer,43,NDCG,10,0.09959743853780485
HetrecLastFM|ItemKNN|seed=43|Precision@1,HetrecLastFM,ItemKNN,lenskit.knn.item.ItemKNNScorer,43,Precision,1,0.0834862385321101
HetrecLastFM|ItemKNN|seed=43|Precision@5,HetrecLastFM,ItemKNN,lenskit.knn.item.ItemKNNScorer,43,Precision,5,0.08146788990825689
HetrecLastFM|ItemKNN|seed=43|Precision@10,HetrecLastFM,ItemKNN,lenskit.knn.item.ItemKNNScorer,43,Precision,10,0.06798165137614678
HetrecLastFM|Pop|seed=43|NDCG@1,HetrecLastFM,Pop,lenskit.basic.popularity.PopScorer,43,NDCG,1,0.03761467889908257
HetrecLastFM|Pop|seed=43|NDCG@5,HetrecLastFM,Pop,lenskit.basic.popularity.PopScorer,43,NDCG,5,0.03470774578956676
HetrecLastFM|Pop|seed=43|NDCG@10,HetrecLastFM,Pop,lenskit.basic.popularity.PopScorer,43,NDCG,10,0.03856879107246706
HetrecLastFM|Pop|seed=43|Precision@1,HetrecLastFM,Pop,lenskit.basic.popularity.PopScorer,43,Precision,1,0.03761467889908257
HetrecLastFM|Pop|seed=43|Precision@5,HetrecLastFM,Pop,lenskit.basic.popularity.PopScorer,43,Precision,5,0.03394495412844037
HetrecLastFM|Pop|seed=43|Precision@10,HetrecLastFM,Pop,lenskit.basic.popularity.PopScorer,43,Precision,10,0.034403669724770644
HetrecLastFM|ALS|seed=44|NDCG@1,HetrecLastFM,ALS,lenskit.als._implicit.ImplicitMFScorer,44,NDCG,1,0.13669724770642203
HetrecLastFM|ALS|seed=44|NDCG@5,HetrecLastFM,ALS,lenskit.als._implicit.ImplicitMFScorer,44,NDCG,5,0.1129720547509147
HetrecLastFM|ALS|seed=44|NDCG@10,HetrecLastFM,ALS,lenskit.als._implicit.ImplicitMFScorer,44,NDCG,10,0.12057402846971739
HetrecLastFM|ALS|seed=44|Precision@1,HetrecLastFM,ALS,lenskit.als._implicit.ImplicitMFScorer,44,Precision,1,0.13669724770642203
HetrecLastFM|ALS|seed=44|Precision@5,HetrecLastFM,ALS,lenskit.als._implicit.ImplicitMFScorer,44,Precision,5,0.09045871559633027
HetrecLastFM|ALS|seed=44|Precision@10,HetrecLastFM,ALS,lenskit.als._implicit.ImplicitMFScorer,44,Precision,10,0.0744954128440367
HetrecLastFM|ItemKNN|seed=44|NDCG@1,HetrecLastFM,ItemKNN,lenskit.knn.item.ItemKNNScorer,44,NDCG,1,0.11467889908256881
HetrecLastFM|ItemKNN|seed=44|NDCG@5,HetrecLastFM,ItemKNN,lenskit.knn.item.ItemKNNScorer,44,NDCG,5,0.10318492281770447
HetrecLastFM|ItemKNN|seed=44|NDCG@10,HetrecLastFM,ItemKNN,lenskit.knn.item.ItemKNNScorer,44,NDCG,10,0.11569275354839434
HetrecLastFM|ItemKNN|seed=44|Precision@1,HetrecLastFM,ItemKNN,lenskit.knn.item.ItemKNNScorer,44,Precision,1,0.11467889908256881
HetrecLastFM|ItemKNN|seed=44|Precision@5,HetrecLastFM,ItemKNN,lenskit.knn.item.ItemKNNScorer,44,Precision,5,0.08146788990825689
HetrecLastFM|ItemKNN|seed=44|Precision@10,HetrecLastFM,ItemKNN,lenskit.knn.item.ItemKNNScorer,44,Precision,10,0.07155963302752294
HetrecLastFM|Pop|seed=44|NDCG@1,HetrecLastFM,Pop,lenskit.basic.popularity.PopScorer,44,NDCG,1,0.043119266055045874
HetrecLastFM|Pop|seed=44|NDCG@5,HetrecLastFM,Pop,lenskit.basic.popularity.PopScorer,44,NDCG,5,0.053676549391802164
HetrecLastFM|Pop|seed=44|NDCG@10,HetrecLastFM,Pop,lenskit.basic.popularity.PopScorer,44,NDCG,10,0.0603507410637182
HetrecLastFM|Pop|seed=44|Precision@1,HetrecLastFM,Pop,lenskit.basic.popularity.PopScorer,44,Precision,1,0.043119266055045874
HetrecLastFM|Pop|seed=44|Precision@5,HetrecLastFM,Pop,lenskit.basic.popularity.PopScorer,44,Precision,5,0.039816513761467894
HetrecLastFM|Pop|seed=44|Precision@10,HetrecLastFM,Pop,lenskit.basic.popularity.PopScorer,44,Precision,10,0.035871559633027524
HetrecLastFM|ALS|seed=45|NDCG@1,HetrecLastFM,ALS,lenskit.als._implicit.ImplicitMFScorer,45,NDCG,1,0.10733944954128441
HetrecLastFM|ALS|seed=45|NDCG@5,HetrecLastFM,ALS,lenskit.als._implicit.ImplicitMFScorer,45,NDCG,5,0.11176622501664608
HetrecLastFM|ALS|seed=45|NDCG@10,HetrecLastFM,ALS,lenskit.als._implicit.ImplicitMFScorer,45,NDCG,10,0.1183305911542154
HetrecLastFM|ALS|seed=45|Precision@1,HetrecLastFM,ALS,lenskit.als._implicit.ImplicitMFScorer,45,Precision,1,0.10733944954128441
HetrecLastFM|ALS|seed=45|Precision@5,HetrecLastFM,ALS,lenskit.als._implicit.ImplicitMFScorer,45,Precision,5,0.09027522935779816
HetrecLastFM|ALS|seed=45|Precision@10,HetrecLastFM,ALS,lenskit.als._implicit.ImplicitMFScorer,45,Precision,10,0.07614678899082569
HetrecLastFM|ItemKNN|seed=45|NDCG@1,HetrecLastFM,ItemKNN,lenskit.knn.item.ItemKNNScorer,45,NDCG,1,0.0981651376146789
HetrecLastFM|ItemKNN|seed=45|NDCG@5,HetrecLastFM,ItemKNN,lenskit.knn.item.ItemKNNScorer,45,NDCG,5,0.09924933689935735
HetrecLastFM|ItemKNN|seed=45|NDCG@10,HetrecLastFM,ItemKNN,lenskit.knn.item.ItemKNNScorer,45,NDCG,10,0.10779502757655239
HetrecLastFM|ItemKNN|seed=45|Precision@1,HetrecLastFM,ItemKNN,lenskit.knn.item.ItemKNNScorer,45,Precision,1,0.0981651376146789
HetrecLastFM|ItemKNN|seed=45|Precision@5,HetrecLastFM,ItemKNN,lenskit.knn.item.ItemKNNScorer,45,Precision,5,0.081651376146789
HetrecLastFM|ItemKNN|seed=45|Precision@10,HetrecLastFM,ItemKNN,lenskit.knn.item.ItemKNNScorer,45,Precision,10,0.06862385321100917
HetrecLastFM|Pop|seed=45|NDCG@1,HetrecLastFM,Pop,lenskit.basic.popularity.PopScorer,45,NDCG,1,0.043119266055045874
HetrecLastFM|Pop|seed=45|NDCG@5,HetrecLastFM,Pop,lenskit.basic.popularity.PopScorer,45,NDCG,5,0.04607440900402954
HetrecLastFM|Pop|seed=45|NDCG@10,HetrecLastFM,Pop,lenskit.basic.popularity.PopScorer,45,NDCG,10,0.052083519413247036
HetrecLastFM|Pop|seed=45|Precision@1,HetrecLastFM,Pop,lenskit.basic.popularity.PopScorer,45,Precision,1,0.043119266055045874
HetrecLastFM|Pop|seed=45|Precision@5,HetrecLastFM,Pop,lenskit.basic.popularity.PopScorer,45,Precision,5,0.04073394495412844
HetrecLastFM|Pop|seed=45|Precision@10,HetrecLastFM,Pop,lenskit.basic.popularity.PopScorer,45,Precision,10,0.03752293577981652
HetrecLastFM|ALS|seed=46|NDCG@1,HetrecLastFM,ALS,lenskit.als._implicit.ImplicitMFScorer,46,NDCG,1,0.12935779816513762
HetrecLastFM|ALS|seed=46|NDCG@5,HetrecLastFM,ALS,lenskit.als._implicit.ImplicitMFScorer,46,NDCG,5,0.11803152313754864
HetrecLastFM|ALS|seed=46|NDCG@10,HetrecLastFM,ALS,lenskit.als._implicit.ImplicitMFScorer,46,NDCG,10,0.1226794740859123
HetrecLastFM|ALS|seed=46|Precision@1,HetrecLastFM,ALS,lenskit.als._implicit.ImplicitMFScorer,46,Precision,1,0.12935779816513762
HetrecLastFM|ALS|seed=46|Precision@5,HetrecLastFM,ALS,lenskit.als._implicit.ImplicitMFScorer,46,Precision,5,0.10073394495412845
HetrecLastFM|ALS|seed=46|Precision@10,HetrecLastFM,ALS,lenskit.als._implicit.ImplicitMFScorer,46,Precision,10,0.08229357798165136
HetrecLastFM|ItemKNN|seed=46|NDCG@1,HetrecLastFM,ItemKNN,lenskit.knn.item.ItemKNNScorer,46,NDCG,1,0.10366972477064221
HetrecLastFM|ItemKNN|seed=46|NDCG@5,HetrecLastFM,ItemKNN,lenskit.knn.item.ItemKNNScorer,46,NDCG,5,0.09528847537536363
HetrecLastFM|ItemKNN|seed=46|NDCG@10,HetrecLastFM,ItemKNN,lenskit.knn.item.ItemKNNScorer,46,NDCG,10,0.10467682744648435
HetrecLastFM|ItemKNN|seed=46|Precision@1,HetrecLastFM,ItemKNN,lenskit.knn.item.ItemKNNScorer,46,Precision,1,0.10366972477064221
HetrecLastFM|ItemKNN|seed=46|Precision@5,HetrecLastFM,ItemKNN,lenskit.knn.item.ItemKNNScorer,46,Precision,5,0.08311926605504587
HetrecLastFM|ItemKNN|seed=46|Precision@10,HetrecLastFM,ItemKNN,lenskit.knn.item.ItemKNNScorer,46,Precision,10,0.07128440366972477
HetrecLastFM|Pop|seed=46|NDCG@1,HetrecLastFM,Pop,lenskit.basic.popularity.PopScorer,46,NDCG,1,0.045871559633027525
HetrecLastFM|Pop|seed=46|NDCG@5,HetrecLastFM,Pop,lenskit.basic.popularity.PopScorer,46,NDCG,5,0.06146316049225529
HetrecLastFM|Pop|seed=46|NDCG@10,HetrecLastFM,Pop,lenskit.basic.popularity.PopScorer,46,NDCG,10,0.0671622440160564
HetrecLastFM|Pop|seed=46|Precision@1,HetrecLastFM,Pop,lenskit.basic.popularity.PopScorer,46,Precision,1,0.045871559633027525
HetrecLastFM|Pop|seed=46|Precision@5,HetrecLastFM,Pop,lenskit.basic.popularity.PopScorer,46,Precision,5,0.05339449541284404
HetrecLastFM|Pop|seed=46|Precision@10,HetrecLastFM,Pop,lenskit.basic.popularity.PopScorer,46,Precision,10,0.045504587155963304
