dataset,algorithm,seed,k,ndcg,precision
MovieLens100K,ALS,42,1,0.1921443736730361,0.1921443736730361
MovieLens100K,ALS,42,5,0.1518113597129149,0.13227176220806877
MovieLens100K,ALS,42,10,0.14739105322860896,0.10891719745222914
MovieLens100K,ItemKNN,42,1,0.1921443736730361,0.1921443736730361
MovieLens100K,ItemKNN,42,5,0.1518113597129149,0.13227176220806877
MovieLens100K,ItemKNN,42,10,0.14739105322860896,0.10891719745222914
MovieLens100K,Pop,42,1,0.1921443736730361,0.1921443736730361
MovieLens100K,Pop,42,5,0.1518113597129149,0.13227176220806877
MovieLens100K,Pop,42,10,0.14739105322860896,0.10891719745222914
MovieLens100K,ALS,123,1,0.21549893842887474,0.21549893842887474
MovieLens100K,ALS,123,5,0.15543062086657425,0.13524416135881187
MovieLens100K,ALS,123,10,0.151280123495614,0.11082802547770675
MovieLens100K,ItemKNN,123,1,0.21549893842887474,0.21549893842887474
MovieLens100K,ItemKNN,123,5,0.15543062086657425,0.13524416135881187
MovieLens100K,ItemKNN,123,10,0.151280123495614,0.11082802547770675
MovieLens100K,Pop,123,1,0.21549893842887474,0.21549893842887474
MovieLens100K,Pop,123,5,0.15543062086657425,0.13524416135881187
MovieLens100K,Pop,123,10,0.151280123495614,0.11082802547770675
MovieLens100K,ALS,999,1,0.20488322717622082,0.20488322717622082
MovieLens100K,ALS,999,5,0.1538788122859349,0.13248407643312177
MovieLens100K,ALS,999,10,0.1509449231100843,0.10966029723991481
MovieLens100K,ItemKNN,999,1,0.20488322717622082,0.20488322717622082
MovieLens100K,ItemKNN,999,5,0.1538788122859349,0.13248407643312177
MovieLens100K,ItemKNN,999,10,0.1509449231100843,0.10966029723991481
MovieLens100K,Pop,999,1,0.20488322717622082,0.20488322717622082
MovieLens100K,Pop,999,5,0.1538788122859349,0.13248407643312177
MovieLens100K,Pop,999,10,0.1509449231100843,0.10966029723991481
MovieLens100K,ALS,7,1,0.20382165605095542,0.20382165605095542
MovieLens100K,ALS,7,5,0.15476625992695872,0.13524416135881187
MovieLens100K,ALS,7,10,0.15000314634580428,0.10902335456475551
MovieLens100K,ItemKNN,7,1,0.20382165605095542,0.20382165605095542
MovieLens100K,ItemKNN,7,5,0.15476625992695872,0.13524416135881187
MovieLens100K,ItemKNN,7,10,0.15000314634580428,0.10902335456475551
MovieLens100K,Pop,7,1,0.20382165605095542,0.20382165605095542
MovieLens100K,Pop,7,5,0.15476625992695872,0.13524416135881187
MovieLens100K,Pop,7,10,0.15000314634580428,0.10902335456475551
MovieLens100K,ALS,2024,1,0.16348195329087048,0.16348195329087048
MovieLens100K,ALS,2024,5,0.1483360013080565,0.13397027600849326
MovieLens100K,ALS,2024,10,0.14184866717976047,0.10721868365180437
MovieLens100K,ItemKNN,2024,1,0.16348195329087048,0.16348195329087048
MovieLens100K,ItemKNN,2024,5,0.1483360013080565,0.13397027600849326
MovieLens100K,ItemKNN,2024,10,0.14184866717976047,0.10721868365180437
MovieLens100K,Pop,2024,1,0.16348195329087048,0.16348195329087048
MovieLens100K,Pop,2024,5,0.1483360013080565,0.13397027600849326
MovieLens100K,Pop,2024,10,0.14184866717976047,0.10721868365180437
AmazonVideoGames,ALS,42,1,0.004333386050925194,0.004333386050925194
AmazonVideoGames,ALS,42,5,0.006053898273882687,0.0031693816226475036
AmazonVideoGames,ALS,42,10,0.0065009946356136186,0.002166693025462608
AmazonVideoGames,ItemKNN,42,1,0.004333386050925194,0.004333386050925194
AmazonVideoGames,ItemKNN,42,5,0.006053898273882687,0.0031693816226475036
AmazonVideoGames,ItemKNN,42,10,0.0065009946356136186,0.002166693025462608
AmazonVideoGames,Pop,42,1,0.004333386050925194,0.004333386050925194
AmazonVideoGames,Pop,42,5,0.006053898273882687,0.0031693816226475036
AmazonVideoGames,Pop,42,10,0.0065009946356136186,0.002166693025462608
AmazonVideoGames,ALS,123,1,0.004744583267436343,0.004744583267436343
AmazonVideoGames,ALS,123,5,0.005941758805482585,0.0032199905108334925
AmazonVideoGames,ALS,123,10,0.006484857815479092,0.002318519690020562
AmazonVideoGames,ItemKNN,123,1,0.004744583267436343,0.004744583267436343
AmazonVideoGames,ItemKNN,123,5,0.005941758805482585,0.0032199905108334925
AmazonVideoGames,ItemKNN,123,10,0.006484857815479092,0.002318519690020562
AmazonVideoGames,Pop,123,1,0.004744583267436343,0.004744583267436343
AmazonVideoGames,Pop,123,5,0.005941758805482585,0.0032199905108334925
AmazonVideoGames,Pop,123,10,0.006484857815479092,0.002318519690020562
AmazonVideoGames,ALS,999,1,0.004396647161157678,0.004396647161157678
AmazonVideoGames,ALS,999,5,0.006213711091159195,0.0032452949549264865
AmazonVideoGames,ALS,999,10,0.006899242505963489,0.0023533133006484273
AmazonVideoGames,ItemKNN,999,1,0.004396647161157678,0.004396647161157678
AmazonVideoGames,ItemKNN,999,5,0.006213711091159195,0.0032452949549264865
AmazonVideoGames,ItemKNN,999,10,0.006899242505963489,0.0023533133006484273
AmazonVideoGames,Pop,999,1,0.004396647161157678,0.004396647161157678
AmazonVideoGames,Pop,999,5,0.006213711091159195,0.0032452949549264865
AmazonVideoGames,Pop,999,10,0.006899242505963489,0.0023533133006484273
AmazonVideoGames,ALS,7,1,0.004270124940692709,0.004270124940692709
AmazonVideoGames,ALS,7,5,0.005600022734424518,0.003036533291159285
AmazonVideoGames,ALS,7,10,0.006111753116772772,0.0022299541356950885
AmazonVideoGames,ItemKNN,7,1,0.004270124940692709,0.004270124940692709
AmazonVideoGames,ItemKNN,7,5,0.005600022734424518,0.003036533291159285
AmazonVideoGames,ItemKNN,7,10,0.006111753116772772,0.0022299541356950885
AmazonVideoGames,Pop,7,1,0.004270124940692709,0.004270124940692709
AmazonVideoGames,Pop,7,5,0.005600022734424518,0.003036533291159285
AmazonVideoGames,Pop,7,10,0.006111753116772772,0.0022299541356950885
AmazonVideoGames,ALS,2024,1,0.004586430491855132,0.004586430491855132
AmazonVideoGames,ALS,2024,5,0.00615731964533584,0.003125098845484765
AmazonVideoGames,ALS,2024,10,0.0066935441119690565,0.002217301913648593
AmazonVideoGames,ItemKNN,2024,1,0.004586430491855132,0.004586430491855132
AmazonVideoGames,ItemKNN,2024,5,0.00615731964533584,0.003125098845484765
AmazonVideoGames,ItemKNN,2024,10,0.0066935441119690565,0.002217301913648593
AmazonVideoGames,Pop,2024,1,0.004586430491855132,0.004586430491855132
AmazonVideoGames,Pop,2024,5,0.00615731964533584,0.003125098845484765
AmazonVideoGames,Pop,2024,10,0.0066935441119690565,0.002217301913648593
HetrecLastFM,ALS,42,1,0.012547051442910916,0.012547051442910916
HetrecLastFM,ALS,42,5,0.011121914072725269,0.009159347553324959
HetrecLastFM,ALS,42,10,0.013901020140095609,0.009849435382685049
HetrecLastFM,ItemKNN,42,1,0.012547051442910916,0.012547051442910916
HetrecLastFM,ItemKNN,42,5,0.011121914072725269,0.009159347553324959
HetrecLastFM,ItemKNN,42,10,0.013901020140095609,0.009849435382685049
HetrecLastFM,Pop,42,1,0.012547051442910916,0.012547051442910916
HetrecLastFM,Pop,42,5,0.011121914072725269,0.009159347553324959
HetrecLastFM,Pop,42,10,0.013901020140095609,0.009849435382685049
HetrecLastFM,ALS,123,1,0.0075282308657465494,0.0075282308657465494
HetrecLastFM,ALS,123,5,0.010340799800988114,0.0077791718946047615
HetrecLastFM,ALS,123,10,0.012614508564451057,0.00828105395232119
HetrecLastFM,ItemKNN,123,1,0.0075282308657465494,0.0075282308657465494
HetrecLastFM,ItemKNN,123,5,0.010340799800988114,0.0077791718946047615
HetrecLastFM,ItemKNN,123,10,0.012614508564451057,0.00828105395232119
HetrecLastFM,Pop,123,1,0.0075282308657465494,0.0075282308657465494
HetrecLastFM,Pop,123,5,0.010340799800988114,0.0077791718946047615
HetrecLastFM,Pop,123,10,0.012614508564451057,0.00828105395232119
HetrecLastFM,ALS,999,1,0.00878293601003764,0.00878293601003764
HetrecLastFM,ALS,999,5,0.011687060100713314,0.009410288582183174
HetrecLastFM,ALS,999,10,0.01281053111006169,0.007967377666248417
HetrecLastFM,ItemKNN,999,1,0.00878293601003764,0.00878293601003764
HetrecLastFM,ItemKNN,999,5,0.011687060100713314,0.009410288582183174
HetrecLastFM,ItemKNN,999,10,0.01281053111006169,0.007967377666248417
HetrecLastFM,Pop,999,1,0.00878293601003764,0.00878293601003764
HetrecLastFM,Pop,999,5,0.011687060100713314,0.009410288582183174
HetrecLastFM,Pop,999,10,0.01281053111006169,0.007967377666248417
HetrecLastFM,ALS,7,1,0.009410288582183186,0.009410288582183186
HetrecLastFM,ALS,7,5,0.009364304272698973,0.007402760351317434
HetrecLastFM,ALS,7,10,0.011122797923930547,0.007340025094102873
HetrecLastFM,ItemKNN,7,1,0.009410288582183186,0.009410288582183186
HetrecLastFM,ItemKNN,7,5,0.009364304272698973,0.007402760351317434
HetrecLastFM,ItemKNN,7,10,0.011122797923930547,0.007340025094102873
HetrecLastFM,Pop,7,1,0.009410288582183186,0.009410288582183186
HetrecLastFM,Pop,7,5,0.009364304272698973,0.007402760351317434
HetrecLastFM,Pop,7,10,0.011122797923930547,0.007340025094102873
HetrecLastFM,ALS,2024,1,0.012547051442910916,0.012547051442910916
HetrecLastFM,ALS,2024,5,0.013590739890754894,0.011041405269761589
HetrecLastFM,ALS,2024,10,0.015247389585354487,0.009974905897114155
HetrecLastFM,ItemKNN,2024,1,0.012547051442910916,0.012547051442910916
HetrecLastFM,ItemKNN,2024,5,0.013590739890754894,0.011041405269761589
HetrecLastFM,ItemKNN,2024,10,0.015247389585354487,0.009974905897114155
HetrecLastFM,Pop,2024,1,0.012547051442910916,0.012547051442910916
HetrecLastFM,Pop,2024,5,0.013590739890754894,0.011041405269761589
HetrecLastFM,Pop,2024,10,0.015247389585354487,0.009974905897114155
